country,state,city,station,last_update,latitude,longitude,pollutant_id,pollutant_min,pollutant_max,pollutant_avg,fetched_at
India,Andhra_Pradesh,Vijayawada,"HB Colony, Vijayawada - APPCB",30-11-2025 02:00:00,16.536107,80.594233,NO2,22.0,22.0,22.0,2025-11-29 21:23:24.610846
India,Andhra_Pradesh,Vijayawada,"HB Colony, Vijayawada - APPCB",30-11-2025 02:00:00,16.536107,80.594233,SO2,23.0,23.0,23.0,2025-11-29 21:23:24.610846
India,Andhra_Pradesh,Vijayawada,"Rajiv Gandhi Park, Vijayawada - APPCB",30-11-2025 02:00:00,16.509717,80.612222,PM10,39.0,59.0,46.0,2025-11-29 21:23:24.610846
India,Andhra_Pradesh,Vijayawada,"Rajiv Gandhi Park, Vijayawada - APPCB",30-11-2025 02:00:00,16.509717,80.612222,NO2,43.0,90.0,60.0,2025-11-29 21:23:24.610846
India,Andhra_Pradesh,Vijayawada,"Rajiv Gandhi Park, Vijayawada - APPCB",30-11-2025 02:00:00,16.509717,80.612222,SO2,11.0,19.0,14.0,2025-11-29 21:23:24.610846
India,Andhra_Pradesh,Vijayawada,"Rajiv Gandhi Park, Vijayawada - APPCB",30-11-2025 02:00:00,16.509717,80.612222,OZONE,3.0,27.0,15.0,2025-11-29 21:23:24.610846
India,Arunachal_Pradesh,Naharlagun,"Naharlagun, Naharlagun - APSPCB",30-11-2025 02:00:00,27.103358,93.679645,PM2.5,23.0,314.0,130.0,2025-11-29 21:23:24.610846
India,Assam,Guwahati,"Pan Bazaar, Guwahati - PCBA",30-11-2025 02:00:00,26.1875,91.744194,SO2,28.0,53.0,39.0,2025-11-29 21:23:24.610846
India,Assam,Guwahati,"Railway Colony, Guwahati - PCBA",30-11-2025 02:00:00,26.181742,91.78063,CO,31.0,96.0,74.0,2025-11-29 21:23:24.610846
India,Assam,Nagaon,"Christianpatty, Nagaon - PCBA",30-11-2025 02:00:00,26.349082,92.68449,NO2,1.0,1.0,1.0,2025-11-29 21:23:24.610846
India,Assam,Nalbari,"Bata Chowk, Nalbari - PCBA",30-11-2025 02:00:00,26.446912,91.439057,PM10,37.0,197.0,102.0,2025-11-29 21:23:24.610846
India,Andaman and Nicobar,Sri Vijaya Puram,"Police Line, Sri Vijaya Puram - ANPCC",30-11-2025 02:00:00,11.654054,92.734055,SO2,,,,2025-11-29 21:23:24.610846
India,Andhra_Pradesh,Amaravati,"Secretariat, Amaravati - APPCB",30-11-2025 02:00:00,16.5150833,80.5181667,OZONE,6.0,49.0,26.0,2025-11-29 21:23:24.610846
India,Andhra_Pradesh,Chittoor,"Gangineni Cheruvu, Chittoor - APPCB",30-11-2025 02:00:00,13.20488,79.097889,NH3,5.0,6.0,6.0,2025-11-29 21:23:24.610846
India,Andhra_Pradesh,Kadapa,"Yerramukkapalli, Kadapa - APPCB",30-11-2025 02:00:00,14.465052,78.824187,PM10,,,,2025-11-29 21:23:24.610846
India,Andhra_Pradesh,Kadapa,"Yerramukkapalli, Kadapa - APPCB",30-11-2025 02:00:00,14.465052,78.824187,NH3,,,,2025-11-29 21:23:24.610846
India,Bihar,Arrah,"New DM Office, Arrah - BSPCB",30-11-2025 02:00:00,25.5626095,84.663264,PM2.5,40.0,177.0,106.0,2025-11-29 21:23:24.610846
India,Bihar,Arrah,"New DM Office, Arrah - BSPCB",30-11-2025 02:00:00,25.5626095,84.663264,NH3,1.0,1.0,1.0,2025-11-29 21:23:24.610846
India,Arunachal_Pradesh,Naharlagun,"Naharlagun, Naharlagun - APSPCB",30-11-2025 02:00:00,27.103358,93.679645,CO,8.0,66.0,39.0,2025-11-29 21:23:24.610846
India,Arunachal_Pradesh,Naharlagun,"Naharlagun, Naharlagun - APSPCB",30-11-2025 02:00:00,27.103358,93.679645,OZONE,5.0,5.0,5.0,2025-11-29 21:23:24.610846
India,Assam,Sivasagar,"Girls College, Sivasagar - PCBA",30-11-2025 02:00:00,26.987634,94.636574,NO2,20.0,41.0,27.0,2025-11-29 21:23:24.610846
India,Bihar,Aurangabad,"Gurdeo Nagar, Aurangabad - BSPCB",30-11-2025 02:00:00,24.75746,84.366208,PM2.5,,,,2025-11-29 21:23:24.610846
India,Bihar,Araria,"Kharahiya Basti, Araria - BSPCB",30-11-2025 02:00:00,26.146529,87.454184,NO2,1.0,31.0,9.0,2025-11-29 21:23:24.610846
India,Bihar,Arrah,"New DM Office, Arrah - BSPCB",30-11-2025 02:00:00,25.5626095,84.663264,SO2,9.0,10.0,10.0,2025-11-29 21:23:24.610846
India,Bihar,Katihar,"Mirchaibari, Katihar - BSPCB",30-11-2025 02:00:00,25.560083,87.553265,OZONE,4.0,10.0,6.0,2025-11-29 21:23:24.610846
India,Bihar,Kishanganj,"SDM Office_Khagra, Kishanganj - BSPCB",30-11-2025 02:00:00,26.0881305,87.93840336,NH3,2.0,3.0,3.0,2025-11-29 21:23:24.610846
India,Bihar,Manguraha,"Forest Rest House, Manguraha - BSPCB",30-11-2025 02:00:00,27.308328,84.531742,NO2,4.0,10.0,6.0,2025-11-29 21:23:24.610846
India,Bihar,Manguraha,"Forest Rest House, Manguraha - BSPCB",30-11-2025 02:00:00,27.308328,84.531742,SO2,16.0,17.0,17.0,2025-11-29 21:23:24.610846
India,Bihar,Manguraha,"Forest Rest House, Manguraha - BSPCB",30-11-2025 02:00:00,27.308328,84.531742,CO,32.0,34.0,33.0,2025-11-29 21:23:24.610846
India,Bihar,Motihari,"Gandak Colony, Motihari - BSPCB",30-11-2025 02:00:00,26.63086,84.90051,NO2,10.0,14.0,12.0,2025-11-29 21:23:24.610846
India,Bihar,Buxar,"Charitra Van, Buxar - BSPCB",30-11-2025 02:00:00,25.56752,83.966379,SO2,1.0,16.0,9.0,2025-11-29 21:23:24.610846
India,Bihar,Buxar,"Charitra Van, Buxar - BSPCB",30-11-2025 02:00:00,25.56752,83.966379,CO,20.0,28.0,26.0,2025-11-29 21:23:24.610846
India,Bihar,Chhapra,"Darshan Nagar, Chhapra - BSPCB",30-11-2025 02:00:00,25.7808257,84.7446768,PM2.5,25.0,58.0,43.0,2025-11-29 21:23:24.610846
India,Bihar,Bettiah,"Kamalnath Nagar, Bettiah - BSPCB",30-11-2025 02:00:00,26.80365,84.51954,SO2,,,,2025-11-29 21:23:24.610846
India,Bihar,Bhagalpur,"DM Office_Kachari Chowk, Bhagalpur - BSPCB",30-11-2025 02:00:00,25.251013,86.989001,PM10,93.0,135.0,116.0,2025-11-29 21:23:24.610846
India,Bihar,Gaya,"SFTI Kusdihra, Gaya - BSPCB",30-11-2025 02:00:00,24.762518,84.982348,SO2,8.0,9.0,8.0,2025-11-29 21:23:24.610846
India,Bihar,Hajipur,"Industrial Area, Hajipur - BSPCB",30-11-2025 02:00:00,25.697189,85.2459,PM10,64.0,107.0,89.0,2025-11-29 21:23:24.610846
India,Bihar,Bhagalpur,"Mayaganj, Bhagalpur - BSPCB",30-11-2025 02:00:00,25.265194,87.012947,PM10,62.0,119.0,91.0,2025-11-29 21:23:24.610846
India,Bihar,Bhagalpur,"Mayaganj, Bhagalpur - BSPCB",30-11-2025 02:00:00,25.265194,87.012947,NH3,3.0,19.0,11.0,2025-11-29 21:23:24.610846
India,Bihar,Bhagalpur,"Mayaganj, Bhagalpur - BSPCB",30-11-2025 02:00:00,25.265194,87.012947,CO,24.0,110.0,61.0,2025-11-29 21:23:24.610846
India,Bihar,Bhagalpur,"DM Office_Kachari Chowk, Bhagalpur - BSPCB",30-11-2025 02:00:00,25.251013,86.989001,SO2,38.0,58.0,48.0,2025-11-29 21:23:24.610846
India,Bihar,Begusarai,"Lohiyanagar, Begusarai - BSPCB",30-11-2025 02:00:00,25.42742023,86.13886079,PM10,53.0,177.0,70.0,2025-11-29 21:23:24.610846
India,Bihar,Muzaffarpur,"Buddha Colony, Muzaffarpur - BSPCB",30-11-2025 02:00:00,26.11442,85.39813,NO2,27.0,71.0,48.0,2025-11-29 21:23:24.610846
India,Bihar,Gaya,"Collectorate, Gaya - BSPCB",30-11-2025 02:00:00,24.7955,84.9994,SO2,,,,2025-11-29 21:23:24.610846
India,Bihar,Sasaram,"Dada Peer, Sasaram - BSPCB",30-11-2025 02:00:00,24.952822,84.002396,NO2,2.0,14.0,3.0,2025-11-29 21:23:24.610846
India,Bihar,Sasaram,"Dada Peer, Sasaram - BSPCB",30-11-2025 02:00:00,24.952822,84.002396,NH3,3.0,4.0,3.0,2025-11-29 21:23:24.610846
India,Bihar,Siwan,"Chitragupta Nagar, Siwan - BSPCB",30-11-2025 02:00:00,26.2271665,84.3570427,PM2.5,,,,2025-11-29 21:23:24.610846
India,Bihar,Muzaffarpur,"Muzaffarpur Collectorate, Muzaffarpur - BSPCB",30-11-2025 02:00:00,26.1209,85.3647,NO2,9.0,16.0,11.0,2025-11-29 21:23:24.610846
India,Bihar,Patna,"DRM Office Danapur, Patna - BSPCB",30-11-2025 02:00:00,25.586562,85.043586,SO2,7.0,10.0,9.0,2025-11-29 21:23:24.610846
India,Chandigarh,Chandigarh,"Sector 22, Chandigarh - CPCC",30-11-2025 02:00:00,30.735567,76.775714,PM10,,,,2025-11-29 21:23:24.610846
India,Chandigarh,Chandigarh,"Sector-25, Chandigarh - CPCC",30-11-2025 02:00:00,30.751462,76.762879,PM2.5,60.0,161.0,96.0,2025-11-29 21:23:24.610846
India,Bihar,Patna,"Muradpur, Patna - BSPCB",30-11-2025 02:00:00,25.619651,85.147382,OZONE,4.0,40.0,14.0,2025-11-29 21:23:24.610846
India,Bihar,Patna,"Rajbansi Nagar, Patna - BSPCB",30-11-2025 02:00:00,25.599486,85.113666,PM2.5,37.0,92.0,64.0,2025-11-29 21:23:24.610846
India,Bihar,Rajgir,"Dangi Tola, Rajgir - BSPCB",30-11-2025 02:00:00,25.0328,85.41948,CO,81.0,98.0,89.0,2025-11-29 21:23:24.610846
India,Bihar,Rajgir,"Dangi Tola, Rajgir - BSPCB",30-11-2025 02:00:00,25.0328,85.41948,OZONE,31.0,34.0,32.0,2025-11-29 21:23:24.610846
India,Bihar,Patna,"Govt. High School Shikarpur, Patna - BSPCB",30-11-2025 02:00:00,25.592539,85.227158,NO2,17.0,41.0,25.0,2025-11-29 21:23:24.610846
India,Bihar,Patna,"DRM Office Danapur, Patna - BSPCB",30-11-2025 02:00:00,25.586562,85.043586,OZONE,7.0,47.0,12.0,2025-11-29 21:23:24.610846
India,Bihar,Purnia,"Mariam Nagar, Purnia - BSPCB",30-11-2025 02:00:00,25.366336,87.117468,CO,58.0,106.0,63.0,2025-11-29 21:23:24.610846
India,Bihar,Patna,"Rajbansi Nagar, Patna - BSPCB",30-11-2025 02:00:00,25.599486,85.113666,CO,28.0,83.0,58.0,2025-11-29 21:23:24.610846
India,Chhattisgarh,Bhilai,"32Bungalows, Bhilai - CECB",30-11-2025 02:00:00,21.194815,81.31477,SO2,5.0,70.0,22.0,2025-11-29 21:23:24.610846
India,Chhattisgarh,Bhilai,"32Bungalows, Bhilai - CECB",30-11-2025 02:00:00,21.194815,81.31477,CO,24.0,77.0,58.0,2025-11-29 21:23:24.610846
India,Chhattisgarh,Bhilai,"Civic Center, Bhilai - Bhilai Steel Plant",30-11-2025 02:00:00,21.185571,81.343175,SO2,7.0,11.0,8.0,2025-11-29 21:23:24.610846
India,Chhattisgarh,Bhilai,"Civic Center, Bhilai - Bhilai Steel Plant",30-11-2025 02:00:00,21.185571,81.343175,CO,21.0,22.0,22.0,2025-11-29 21:23:24.610846
India,Chhattisgarh,Bilaspur,"Mangala, Bilaspur - NTPC",30-11-2025 02:00:00,22.08815,82.13737,PM2.5,40.0,100.0,65.0,2025-11-29 21:23:24.610846
India,Chhattisgarh,Bilaspur,"Mangala, Bilaspur - NTPC",30-11-2025 02:00:00,22.08815,82.13737,SO2,9.0,30.0,15.0,2025-11-29 21:23:24.610846
India,Delhi,Delhi,"Alipur, Delhi - DPCC",30-11-2025 02:00:00,28.815329,77.15301,NH3,16.0,25.0,19.0,2025-11-29 21:23:24.610846
India,Delhi,Delhi,"Alipur, Delhi - DPCC",30-11-2025 02:00:00,28.815329,77.15301,CO,94.0,113.0,107.0,2025-11-29 21:23:24.610846
India,Delhi,Delhi,"Anand Vihar, Delhi - DPCC",30-11-2025 02:00:00,28.647622,77.315809,CO,60.0,123.0,103.0,2025-11-29 21:23:24.610846
India,Delhi,Delhi,"Ashok Vihar, Delhi - DPCC",30-11-2025 02:00:00,28.695381,77.181665,PM10,140.0,282.0,209.0,2025-11-29 21:23:24.610846
India,Delhi,Delhi,"Aya Nagar, Delhi - IMD",30-11-2025 02:00:00,28.4706914,77.1099364,PM2.5,66.0,332.0,227.0,2025-11-29 21:23:24.610846
India,Chhattisgarh,Raipur,"Krishak Nagar, Raipur - CECB",30-11-2025 02:00:00,21.237755,81.705301,PM10,47.0,116.0,87.0,2025-11-29 21:23:24.610846
India,Chhattisgarh,Raipur,"Krishak Nagar, Raipur - CECB",30-11-2025 02:00:00,21.237755,81.705301,NH3,2.0,2.0,2.0,2025-11-29 21:23:24.610846
India,Chhattisgarh,Raipur,"Siltara Phase-II, Raipur - CECB",30-11-2025 02:00:00,21.371751,81.664929,PM2.5,26.0,118.0,60.0,2025-11-29 21:23:24.610846
India,Chhattisgarh,Tumidih,"OP Jindal Industrial Park, Tumidih - CECB",30-11-2025 02:00:00,22.06631475,83.33820077,PM2.5,1.0,372.0,68.0,2025-11-29 21:23:24.610846
India,Delhi,Delhi,"DTU, Delhi - CPCB",30-11-2025 02:00:00,28.7500499,77.1112615,CO,18.0,76.0,36.0,2025-11-29 21:23:24.610846
India,Delhi,Delhi,"Dr. Karni Singh Shooting Range, Delhi - DPCC",30-11-2025 02:00:00,28.498571,77.26484,PM2.5,88.0,370.0,285.0,2025-11-29 21:23:24.610846
India,Delhi,Delhi,"Dr. Karni Singh Shooting Range, Delhi - DPCC",30-11-2025 02:00:00,28.498571,77.26484,PM10,113.0,309.0,217.0,2025-11-29 21:23:24.610846
India,Delhi,Delhi,"Dr. Karni Singh Shooting Range, Delhi - DPCC",30-11-2025 02:00:00,28.498571,77.26484,NO2,83.0,140.0,117.0,2025-11-29 21:23:24.610846
India,Chhattisgarh,Milupara,"Govt. Higher Secondary School, Milupara - CECB",30-11-2025 02:00:00,22.1910172,83.5197009,OZONE,2.0,153.0,24.0,2025-11-29 21:23:24.610846
India,Chhattisgarh,Raipur,"Bhatagaon New ISBT, Raipur - CECB",30-11-2025 02:00:00,21.219665,81.630094,NO2,14.0,40.0,23.0,2025-11-29 21:23:24.610846
India,Chhattisgarh,Raipur,"Bhatagaon New ISBT, Raipur - CECB",30-11-2025 02:00:00,21.219665,81.630094,NH3,2.0,2.0,2.0,2025-11-29 21:23:24.610846
India,Chhattisgarh,Korba,"Urja Nagar, Korba - CECB",30-11-2025 02:00:00,22.348441,82.549611,NO2,41.0,52.0,47.0,2025-11-29 21:23:24.610846
India,Chhattisgarh,Kunjemura,"OP Jindal School, Kunjemura - CECB",30-11-2025 02:00:00,22.12665,83.483212,PM10,45.0,171.0,69.0,2025-11-29 21:23:24.610846
India,Chhattisgarh,Kunjemura,"OP Jindal School, Kunjemura - CECB",30-11-2025 02:00:00,22.12665,83.483212,OZONE,1.0,63.0,9.0,2025-11-29 21:23:24.610846
India,Delhi,Delhi,"Bawana, Delhi - DPCC",30-11-2025 02:00:00,28.7762,77.051074,OZONE,3.0,103.0,24.0,2025-11-29 21:23:24.610846
India,Delhi,Delhi,"Burari Crossing, Delhi - IMD",30-11-2025 02:00:00,28.7256504,77.2011573,PM2.5,105.0,357.0,286.0,2025-11-29 21:23:24.610846
India,Delhi,Delhi,"Burari Crossing, Delhi - IMD",30-11-2025 02:00:00,28.7256504,77.2011573,OZONE,8.0,130.0,20.0,2025-11-29 21:23:24.610846
India,Delhi,Delhi,"Chandni Chowk, Delhi - IITM",30-11-2025 02:00:00,28.656756,77.227234,SO2,3.0,48.0,18.0,2025-11-29 21:23:24.610846
India,Delhi,Delhi,"Dr. Karni Singh Shooting Range, Delhi - DPCC",30-11-2025 02:00:00,28.498571,77.26484,CO,18.0,101.0,76.0,2025-11-29 21:23:24.610846
India,Delhi,Delhi,"IGI Airport (T3), Delhi - IMD",30-11-2025 02:00:00,28.5627763,77.1180053,PM10,105.0,288.0,199.0,2025-11-29 21:23:24.610846
India,Delhi,Delhi,"IHBAS, Dilshad Garden, Delhi - CPCB",30-11-2025 02:00:00,28.6811736,77.3025234,PM2.5,185.0,366.0,293.0,2025-11-29 21:23:24.610846
India,Delhi,Delhi,"Jawaharlal Nehru Stadium, Delhi - DPCC",30-11-2025 02:00:00,28.58028,77.233829,NH3,8.0,11.0,10.0,2025-11-29 21:23:24.610846
India,Delhi,Delhi,"Lodhi Road, Delhi - IITM",30-11-2025 02:00:00,28.588333,77.221667,PM10,105.0,187.0,156.0,2025-11-29 21:23:24.610846
India,Delhi,Delhi,"NSIT Dwarka, Delhi - CPCB",30-11-2025 02:00:00,28.60909,77.0325413,NO2,54.0,100.0,75.0,2025-11-29 21:23:24.610846
India,Delhi,Delhi,"Najafgarh, Delhi - DPCC",30-11-2025 02:00:00,28.570173,76.933762,PM2.5,70.0,345.0,248.0,2025-11-29 21:23:24.610846
India,Delhi,Delhi,"Mundka, Delhi - DPCC",30-11-2025 02:00:00,28.684678,77.076574,NO2,83.0,150.0,117.0,2025-11-29 21:23:24.610846
India,Delhi,Delhi,"Mundka, Delhi - DPCC",30-11-2025 02:00:00,28.684678,77.076574,NH3,8.0,15.0,12.0,2025-11-29 21:23:24.610846
India,Delhi,Delhi,"Mundka, Delhi - DPCC",30-11-2025 02:00:00,28.684678,77.076574,CO,28.0,94.0,66.0,2025-11-29 21:23:24.610846
India,Delhi,Delhi,"Mandir Marg, Delhi - DPCC",30-11-2025 02:00:00,28.636429,77.201067,SO2,38.0,69.0,53.0,2025-11-29 21:23:24.610846
India,Delhi,Delhi,"Mundka, Delhi - DPCC",30-11-2025 02:00:00,28.684678,77.076574,PM2.5,75.0,413.0,287.0,2025-11-29 21:23:24.610846
India,Delhi,Delhi,"Jahangirpuri, Delhi - DPCC",30-11-2025 02:00:00,28.73282,77.170633,PM2.5,127.0,368.0,324.0,2025-11-29 21:23:24.610846
India,Delhi,Delhi,"Jahangirpuri, Delhi - DPCC",30-11-2025 02:00:00,28.73282,77.170633,NH3,9.0,11.0,10.0,2025-11-29 21:23:24.610846
India,Delhi,Delhi,"IHBAS, Dilshad Garden, Delhi - CPCB",30-11-2025 02:00:00,28.6811736,77.3025234,SO2,10.0,20.0,14.0,2025-11-29 21:23:24.610846
India,Delhi,Delhi,"IHBAS, Dilshad Garden, Delhi - CPCB",30-11-2025 02:00:00,28.6811736,77.3025234,CO,28.0,82.0,72.0,2025-11-29 21:23:24.610846
India,Delhi,Delhi,"Major Dhyan Chand National Stadium, Delhi - DPCC",30-11-2025 02:00:00,28.611281,77.237738,PM2.5,65.0,361.0,228.0,2025-11-29 21:23:24.610846
India,Delhi,Delhi,"Jawaharlal Nehru Stadium, Delhi - DPCC",30-11-2025 02:00:00,28.58028,77.233829,PM2.5,95.0,362.0,271.0,2025-11-29 21:23:24.610846
India,Delhi,Delhi,"Punjabi Bagh, Delhi - DPCC",30-11-2025 02:00:00,28.674045,77.131023,NH3,4.0,6.0,5.0,2025-11-29 21:23:24.610846
India,Delhi,Delhi,"Punjabi Bagh, Delhi - DPCC",30-11-2025 02:00:00,28.674045,77.131023,OZONE,1.0,197.0,9.0,2025-11-29 21:23:24.610846
India,Delhi,Delhi,"Pusa, Delhi - DPCC",30-11-2025 02:00:00,28.639652,77.146275,PM10,143.0,432.0,240.0,2025-11-29 21:23:24.610846
India,Delhi,Delhi,"Pusa, Delhi - IMD",30-11-2025 02:00:00,28.63611,77.173332,PM2.5,73.0,341.0,268.0,2025-11-29 21:23:24.610846
India,Delhi,Delhi,"Pusa, Delhi - IMD",30-11-2025 02:00:00,28.63611,77.173332,PM10,92.0,308.0,195.0,2025-11-29 21:23:24.610846
India,Delhi,Delhi,"Pusa, Delhi - IMD",30-11-2025 02:00:00,28.63611,77.173332,CO,2.0,125.0,108.0,2025-11-29 21:23:24.610846
India,Delhi,Delhi,"R K Puram, Delhi - DPCC",30-11-2025 02:00:00,28.563262,77.186937,NH3,6.0,8.0,7.0,2025-11-29 21:23:24.610846
India,Delhi,Delhi,"Nehru Nagar, Delhi - DPCC",30-11-2025 02:00:00,28.56789,77.250515,PM2.5,98.0,489.0,322.0,2025-11-29 21:23:24.610846
India,Delhi,Delhi,"North Campus, DU, Delhi - IMD",30-11-2025 02:00:00,28.6573814,77.1585447,PM10,124.0,207.0,170.0,2025-11-29 21:23:24.610846
India,Delhi,Delhi,"Patparganj, Delhi - DPCC",30-11-2025 02:00:00,28.623763,77.287209,NO2,36.0,164.0,108.0,2025-11-29 21:23:24.610846
India,Delhi,Delhi,"Najafgarh, Delhi - DPCC",30-11-2025 02:00:00,28.570173,76.933762,OZONE,3.0,37.0,5.0,2025-11-29 21:23:24.610846
India,Delhi,Delhi,"Narela, Delhi - DPCC",30-11-2025 02:00:00,28.822836,77.101981,NO2,20.0,67.0,40.0,2025-11-29 21:23:24.610846
India,Delhi,Delhi,"Narela, Delhi - DPCC",30-11-2025 02:00:00,28.822836,77.101981,NH3,5.0,8.0,6.0,2025-11-29 21:23:24.610846
India,Delhi,Delhi,"Rohini, Delhi - DPCC",30-11-2025 02:00:00,28.732528,77.11992,SO2,12.0,35.0,18.0,2025-11-29 21:23:24.610846
India,Delhi,Delhi,"Shadipur, Delhi - CPCB",30-11-2025 02:00:00,28.6514781,77.1473105,PM10,145.0,297.0,200.0,2025-11-29 21:23:24.610846
India,Gujarat,Ahmedabad,"Chandkheda, Ahmedabad - IITM",30-11-2025 02:00:00,23.107969,72.574648,PM2.5,74.0,188.0,103.0,2025-11-29 21:23:24.610846
India,Delhi,Delhi,"Sri Aurobindo Marg, Delhi - DPCC",30-11-2025 02:00:00,28.531346,77.190156,PM2.5,87.0,349.0,244.0,2025-11-29 21:23:24.610846
India,Gujarat,Ahmedabad,"Chandkheda, Ahmedabad - IITM",30-11-2025 02:00:00,23.107969,72.574648,OZONE,16.0,82.0,25.0,2025-11-29 21:23:24.610846
India,Delhi,Delhi,"Sri Aurobindo Marg, Delhi - DPCC",30-11-2025 02:00:00,28.531346,77.190156,OZONE,1.0,106.0,14.0,2025-11-29 21:23:24.610846
India,Delhi,Delhi,"Sonia Vihar, Delhi - DPCC",30-11-2025 02:00:00,28.710508,77.249485,SO2,6.0,27.0,14.0,2025-11-29 21:23:24.610846
India,Gujarat,Gandhinagar,"IIPHG Lekawada, Gandhinagar - IITM",30-11-2025 02:00:00,23.243639,72.68994,OZONE,4.0,43.0,9.0,2025-11-29 21:23:24.610846
India,Gujarat,Nandesari,"GIDC, Nandesari - Nandesari Ind. Association",30-11-2025 02:00:00,22.410802,73.097923,NO2,16.0,112.0,48.0,2025-11-29 21:23:24.610846
India,Gujarat,Surat,"Science Center, Surat - SMC",30-11-2025 02:00:00,21.170046,72.795405,SO2,38.0,48.0,42.0,2025-11-29 21:23:24.610846
India,Gujarat,Ahmedabad,"Raikhad, Ahmedabad - IITM",30-11-2025 02:00:00,23.020509,72.579261,CO,14.0,113.0,77.0,2025-11-29 21:23:24.610846
India,Gujarat,Ahmedabad,"Rakhial, Ahmedabad - IITM",30-11-2025 02:00:00,23.016834,72.625775,PM2.5,10.0,236.0,100.0,2025-11-29 21:23:24.610846
India,Gujarat,Ahmedabad,"Rakhial, Ahmedabad - IITM",30-11-2025 02:00:00,23.016834,72.625775,NH3,4.0,16.0,6.0,2025-11-29 21:23:24.610846
India,Gujarat,Ahmedabad,"Rakhial, Ahmedabad - IITM",30-11-2025 02:00:00,23.016834,72.625775,CO,4.0,104.0,87.0,2025-11-29 21:23:24.610846
India,Gujarat,Ahmedabad,"Maninagar, Ahmedabad - GPCB",30-11-2025 02:00:00,23.002657,72.591912,OZONE,14.0,81.0,35.0,2025-11-29 21:23:24.610846
India,Gujarat,Ahmedabad,"Raikhad, Ahmedabad - IITM",30-11-2025 02:00:00,23.020509,72.579261,PM2.5,102.0,320.0,231.0,2025-11-29 21:23:24.610846
India,Gujarat,Ahmedabad,"Raikhad, Ahmedabad - IITM",30-11-2025 02:00:00,23.020509,72.579261,PM10,125.0,234.0,167.0,2025-11-29 21:23:24.610846
India,Gujarat,Ahmedabad,"SAC ISRO Bopal, Ahmedabad - IITM",30-11-2025 02:00:00,23.041137,72.456691,PM10,99.0,193.0,143.0,2025-11-29 21:23:24.610846
India,Gujarat,Ahmedabad,"SAC ISRO Bopal, Ahmedabad - IITM",30-11-2025 02:00:00,23.041137,72.456691,NO2,27.0,61.0,43.0,2025-11-29 21:23:24.610846
India,Gujarat,Vatva,"Phase-4 GIDC, Vatva - GPCB",30-11-2025 02:00:00,22.969611,72.6435,NO2,43.0,66.0,58.0,2025-11-29 21:23:24.610846
India,Gujarat,Surat,"Science Center, Surat - SMC",30-11-2025 02:00:00,21.170046,72.795405,CO,36.0,44.0,41.0,2025-11-29 21:23:24.610846
India,Gujarat,Vapi,"Phase-1 GIDC, Vapi - GPCB",30-11-2025 02:00:00,20.362421,72.918013,OZONE,5.0,25.0,6.0,2025-11-29 21:23:24.610846
India,Gujarat,Ahmedabad,"Gyaspur, Ahmedabad - IITM",30-11-2025 02:00:00,22.977134,72.553024,CO,16.0,93.0,66.0,2025-11-29 21:23:24.610846
India,Gujarat,Ankleshwar,"GIDC, Ankleshwar - GPCB",30-11-2025 02:00:00,21.613267,73.010555,NH3,8.0,9.0,9.0,2025-11-29 21:23:24.610846
India,Haryana,Gurugram,"Vikas Sadan, Gurugram - HSPCB",30-11-2025 02:00:00,28.4501238,77.0263051,PM2.5,174.0,292.0,233.0,2025-11-29 21:23:24.610846
India,Haryana,Gurugram,"Vikas Sadan, Gurugram - HSPCB",30-11-2025 02:00:00,28.4501238,77.0263051,NO2,6.0,46.0,16.0,2025-11-29 21:23:24.610846
India,Haryana,Hisar,"Urban Estate-II, Hisar - HSPCB",30-11-2025 02:00:00,29.14056,75.744941,NH3,8.0,8.0,8.0,2025-11-29 21:23:24.610846
India,Haryana,Hisar,"Urban Estate-II, Hisar - HSPCB",30-11-2025 02:00:00,29.14056,75.744941,SO2,7.0,14.0,10.0,2025-11-29 21:23:24.610846
India,Haryana,Jind,"Police Lines, Jind - HSPCB",30-11-2025 02:00:00,29.307814,76.337619,PM2.5,97.0,247.0,178.0,2025-11-29 21:23:24.610846
India,Haryana,Charkhi Dadri,"Mini Secretariat, Charkhi Dadri - HSPCB",30-11-2025 02:00:00,28.593883,76.270653,OZONE,14.0,18.0,16.0,2025-11-29 21:23:24.610846
India,Haryana,Dharuhera,"Municipal Corporation Office, Dharuhera -  HSPCB",30-11-2025 02:00:00,28.2068,76.7997,PM2.5,121.0,388.0,277.0,2025-11-29 21:23:24.610846
India,Haryana,Dharuhera,"Municipal Corporation Office, Dharuhera -  HSPCB",30-11-2025 02:00:00,28.2068,76.7997,OZONE,6.0,47.0,15.0,2025-11-29 21:23:24.610846
India,Haryana,Gurugram,"NISE Gwal Pahari, Gurugram - IMD",30-11-2025 02:00:00,28.422681,77.148944,PM10,121.0,282.0,184.0,2025-11-29 21:23:24.610846
India,Haryana,Gurugram,"NISE Gwal Pahari, Gurugram - IMD",30-11-2025 02:00:00,28.422681,77.148944,OZONE,7.0,69.0,19.0,2025-11-29 21:23:24.610846
India,Haryana,Gurugram,"Sector-51, Gurugram - HSPCB",30-11-2025 02:00:00,28.4227,77.0667,CO,16.0,24.0,21.0,2025-11-29 21:23:24.610846
India,Haryana,Bahadurgarh,"Arya Nagar, Bahadurgarh - HSPCB",30-11-2025 02:00:00,28.6701,76.9254,SO2,7.0,7.0,7.0,2025-11-29 21:23:24.610846
India,Haryana,Bahadurgarh,"Arya Nagar, Bahadurgarh - HSPCB",30-11-2025 02:00:00,28.6701,76.9254,CO,44.0,52.0,48.0,2025-11-29 21:23:24.610846
India,Haryana,Ambala,"Patti Mehar, Ambala - HSPCB",30-11-2025 02:00:00,30.379589,76.778328,PM10,99.0,111.0,102.0,2025-11-29 21:23:24.610846
India,Haryana,Ambala,"Patti Mehar, Ambala - HSPCB",30-11-2025 02:00:00,30.379589,76.778328,SO2,31.0,32.0,31.0,2025-11-29 21:23:24.610846
India,Haryana,Charkhi Dadri,"Mini Secretariat, Charkhi Dadri - HSPCB",30-11-2025 02:00:00,28.593883,76.270653,SO2,10.0,12.0,11.0,2025-11-29 21:23:24.610846
India,Haryana,Charkhi Dadri,"Mini Secretariat, Charkhi Dadri - HSPCB",30-11-2025 02:00:00,28.593883,76.270653,CO,10.0,25.0,15.0,2025-11-29 21:23:24.610846
India,Gujarat,Vatva,"Phase-4 GIDC, Vatva - GPCB",30-11-2025 02:00:00,22.969611,72.6435,CO,9.0,38.0,19.0,2025-11-29 21:23:24.610846
India,Gujarat,Vatva,"Phase-4 GIDC, Vatva - GPCB",30-11-2025 02:00:00,22.969611,72.6435,OZONE,17.0,44.0,32.0,2025-11-29 21:23:24.610846
India,Haryana,Faridabad,"Sector 30, Faridabad - HSPCB",30-11-2025 02:00:00,28.4417,77.3217,NH3,10.0,12.0,11.0,2025-11-29 21:23:24.610846
India,Haryana,Faridabad,"Sector 30, Faridabad - HSPCB",30-11-2025 02:00:00,28.4417,77.3217,SO2,6.0,6.0,6.0,2025-11-29 21:23:24.610846
India,Haryana,Gurugram,"Teri Gram, Gurugram - HSPCB",30-11-2025 02:00:00,28.4275,77.1465,NH3,11.0,20.0,13.0,2025-11-29 21:23:24.610846
India,Haryana,Mandikhera,"General Hospital, Mandikhera(Nuh) - HSPCB",30-11-2025 02:00:00,27.9002,76.9938,NH3,13.0,14.0,14.0,2025-11-29 21:23:24.610846
India,Haryana,Mandikhera,"General Hospital, Mandikhera(Nuh) - HSPCB",30-11-2025 02:00:00,27.9002,76.9938,SO2,32.0,38.0,34.0,2025-11-29 21:23:24.610846
India,Haryana,Mandikhera,"General Hospital, Mandikhera(Nuh) - HSPCB",30-11-2025 02:00:00,27.9002,76.9938,CO,66.0,93.0,72.0,2025-11-29 21:23:24.610846
India,Haryana,Manesar,"Sector-2 IMT, Manesar - HSPCB",30-11-2025 02:00:00,28.360699,76.93609,NH3,16.0,19.0,18.0,2025-11-29 21:23:24.610846
India,Haryana,Manesar,"Sector-2 IMT, Manesar - HSPCB",30-11-2025 02:00:00,28.360699,76.93609,OZONE,9.0,52.0,13.0,2025-11-29 21:23:24.610846
India,Haryana,Narnaul,"Shastri Nagar, Narnaul - HSPCB",30-11-2025 02:00:00,28.060249,76.113115,SO2,6.0,7.0,6.0,2025-11-29 21:23:24.610846
India,Haryana,Palwal,"Shyam Nagar, Palwal - HSPCB",30-11-2025 02:00:00,28.1485564,77.3320667,NO2,23.0,24.0,24.0,2025-11-29 21:23:24.610846
India,Haryana,Kaithal,"Rishi Nagar, Kaithal - HSPCB",30-11-2025 02:00:00,29.8006,76.4155,PM2.5,38.0,83.0,66.0,2025-11-29 21:23:24.610846
India,Haryana,Kaithal,"Rishi Nagar, Kaithal - HSPCB",30-11-2025 02:00:00,29.8006,76.4155,PM10,56.0,101.0,82.0,2025-11-29 21:23:24.610846
India,Haryana,Karnal,"Sector-12, Karnal - HSPCB",30-11-2025 02:00:00,29.6953,77.0027,PM2.5,67.0,207.0,121.0,2025-11-29 21:23:24.610846
India,Haryana,Kurukshetra,"Sector-7, Kurukshetra - HSPCB",30-11-2025 02:00:00,29.966942,76.875879,PM10,76.0,121.0,103.0,2025-11-29 21:23:24.610846
India,Haryana,Kurukshetra,"Sector-7, Kurukshetra - HSPCB",30-11-2025 02:00:00,29.966942,76.875879,NO2,16.0,22.0,19.0,2025-11-29 21:23:24.610846
India,Haryana,Panchkula,"Sector-6, Panchkula - HSPCB ",30-11-2025 02:00:00,30.7057778,76.8531805555555,SO2,8.0,9.0,9.0,2025-11-29 21:23:24.610846
India,Haryana,Panipat,"Sector-18, Panipat - HSPCB",30-11-2025 02:00:00,29.432304,76.972765,PM2.5,47.0,332.0,114.0,2025-11-29 21:23:24.610846
India,Haryana,Panipat,"Sector-18, Panipat - HSPCB",30-11-2025 02:00:00,29.432304,76.972765,NO2,31.0,32.0,31.0,2025-11-29 21:23:24.610846
India,Haryana,Panipat,"Sector-18, Panipat - HSPCB",30-11-2025 02:00:00,29.432304,76.972765,OZONE,30.0,30.0,30.0,2025-11-29 21:23:24.610846
India,Haryana,Sirsa,"F-Block, Sirsa - HSPCB",30-11-2025 02:00:00,29.5364,75.0158,NO2,12.0,25.0,18.0,2025-11-29 21:23:24.610846
India,Haryana,Sirsa,"F-Block, Sirsa - HSPCB",30-11-2025 02:00:00,29.5364,75.0158,SO2,10.0,13.0,12.0,2025-11-29 21:23:24.610846
India,Haryana,Sonipat,"Murthal, Sonipat - HSPCB",30-11-2025 02:00:00,29.0272,77.0621,PM2.5,178.0,436.0,329.0,2025-11-29 21:23:24.610846
India,Haryana,Kurukshetra,"Sector-7, Kurukshetra - HSPCB",30-11-2025 02:00:00,29.966942,76.875879,NH3,5.0,5.0,5.0,2025-11-29 21:23:24.610846
India,Haryana,Mandikhera,"General Hospital, Mandikhera(Nuh) - HSPCB",30-11-2025 02:00:00,27.9002,76.9938,NO2,20.0,23.0,21.0,2025-11-29 21:23:24.610846
India,Haryana,Panchgaon,"Amity University, Panchgaon - IITM",30-11-2025 02:00:00,28.3153,76.9143,SO2,1.0,31.0,8.0,2025-11-29 21:23:24.610846
India,Haryana,Panchgaon,"Amity University, Panchgaon - IITM",30-11-2025 02:00:00,28.3153,76.9143,CO,13.0,121.0,42.0,2025-11-29 21:23:24.610846
India,Haryana,Panchgaon,"Amity University, Panchgaon - IITM",30-11-2025 02:00:00,28.3153,76.9143,PM2.5,48.0,123.0,69.0,2025-11-29 21:23:24.610846
India,Haryana,Rohtak,"MD University, Rohtak - HSPCB",30-11-2025 02:00:00,28.52123,76.37138,PM2.5,,,,2025-11-29 21:23:24.610846
India,Haryana,Sonipat,"Murthal, Sonipat - HSPCB",30-11-2025 02:00:00,29.0272,77.0621,NH3,16.0,59.0,22.0,2025-11-29 21:23:24.610846
India,Karnataka,Bengaluru,"BWSSB Kadabesanahalli, Bengaluru - CPCB",30-11-2025 02:00:00,12.9352049,77.6814488,PM2.5,,,,2025-11-29 21:23:24.610846
India,Karnataka,Bengaluru,"BWSSB Kadabesanahalli, Bengaluru - CPCB",30-11-2025 02:00:00,12.9352049,77.6814488,SO2,,,,2025-11-29 21:23:24.610846
India,Karnataka,Bengaluru,"Hebbal, Bengaluru - KSPCB",30-11-2025 02:00:00,13.029152,77.585901,PM2.5,51.0,180.0,101.0,2025-11-29 21:23:24.610846
India,Karnataka,Bengaluru,"Hebbal, Bengaluru - KSPCB",30-11-2025 02:00:00,13.029152,77.585901,PM10,61.0,118.0,91.0,2025-11-29 21:23:24.610846
India,Karnataka,Bengaluru,"Hebbal, Bengaluru - KSPCB",30-11-2025 02:00:00,13.029152,77.585901,CO,9.0,38.0,19.0,2025-11-29 21:23:24.610846
India,Karnataka,Bengaluru,"Hombegowda Nagar, Bengaluru - KSPCB",30-11-2025 02:00:00,12.938539,77.5901,PM2.5,40.0,83.0,60.0,2025-11-29 21:23:24.610846
India,Karnataka,Bengaluru,"Hombegowda Nagar, Bengaluru - KSPCB",30-11-2025 02:00:00,12.938539,77.5901,OZONE,27.0,51.0,30.0,2025-11-29 21:23:24.610846
India,Karnataka,Belgaum,"Ramteerth Nagar, Belgaum - KSPCB",30-11-2025 02:00:00,15.888653,74.541751,OZONE,19.0,19.0,19.0,2025-11-29 21:23:24.610846
India,Karnataka,Bengaluru,"BTM Layout, Bengaluru - CPCB",30-11-2025 02:00:00,12.9135218,77.5950804,NO2,49.0,68.0,60.0,2025-11-29 21:23:24.610846
India,Haryana,Sonipat,"Murthal, Sonipat - HSPCB",30-11-2025 02:00:00,29.0272,77.0621,CO,21.0,40.0,26.0,2025-11-29 21:23:24.610846
India,Haryana,Yamuna Nagar,"Gobind Pura, Yamuna Nagar - HSPCB",30-11-2025 02:00:00,30.1480566,77.2893471,PM2.5,,,,2025-11-29 21:23:24.610846
India,Jharkhand,Jorapokhar,"Tata Stadium, Jorapokhar - JSPCB",30-11-2025 02:00:00,23.707909,86.41467,PM10,,,,2025-11-29 21:23:24.610846
India,Karnataka,Bagalkot,"Vidayagiri, Bagalkot - KSPCB",30-11-2025 02:00:00,16.172806,75.659694,PM10,53.0,54.0,53.0,2025-11-29 21:23:24.610846
India,Karnataka,Bengaluru,"Jayanagar 5th Block, Bengaluru - KSPCB",30-11-2025 02:00:00,12.920984,77.584908,OZONE,17.0,84.0,30.0,2025-11-29 21:23:24.610846
India,Karnataka,Bengaluru,"Jigani, Bengaluru - KSPCB",30-11-2025 02:00:00,12.7816279,77.6299145,PM2.5,,,,2025-11-29 21:23:24.610846
India,Himachal Pradesh,Baddi,"HIMUDA Complex Phase-1, Baddi - HPPCB",30-11-2025 02:00:00,30.943887,76.801991,SO2,22.0,136.0,62.0,2025-11-29 21:23:24.610846
India,Himachal Pradesh,Baddi,"HIMUDA Complex Phase-1, Baddi - HPPCB",30-11-2025 02:00:00,30.943887,76.801991,OZONE,10.0,127.0,57.0,2025-11-29 21:23:24.610846
India,Karnataka,Bengaluru,"Kasturi Nagar, Bengaluru - KSPCB",30-11-2025 02:00:00,13.003872,77.664217,NO2,29.0,30.0,29.0,2025-11-29 21:23:24.610846
India,Karnataka,Bengaluru,"Kasturi Nagar, Bengaluru - KSPCB",30-11-2025 02:00:00,13.003872,77.664217,SO2,10.0,12.0,11.0,2025-11-29 21:23:24.610846
India,Karnataka,Bengaluru,"Jigani, Bengaluru - KSPCB",30-11-2025 02:00:00,12.7816279,77.6299145,OZONE,25.0,26.0,25.0,2025-11-29 21:23:24.610846
India,Karnataka,Chikkamagaluru,"Kalyana Nagara, Chikkamagaluru - KSPCB",30-11-2025 02:00:00,13.328028,75.797056,SO2,1.0,12.0,5.0,2025-11-29 21:23:24.610846
India,Karnataka,Chikkamagaluru,"Kalyana Nagara, Chikkamagaluru - KSPCB",30-11-2025 02:00:00,13.328028,75.797056,CO,1.0,133.0,11.0,2025-11-29 21:23:24.610846
India,Karnataka,Davanagere,"Devaraj Urs Badavane, Davanagere - KSPCB",30-11-2025 02:00:00,14.4758,75.9052,PM10,,,,2025-11-29 21:23:24.610846
India,Karnataka,Hubballi,"Lingaraj Nagar, Hubballi - KSPCB",30-11-2025 02:00:00,15.3714823,75.1160168,CO,14.0,24.0,16.0,2025-11-29 21:23:24.610846
India,Karnataka,Kalaburagi,"Lal Bahadur Shastri Nagar, Kalaburagi - KSPCB",30-11-2025 02:00:00,17.321993,76.822628,PM10,,,,2025-11-29 21:23:24.610846
India,Karnataka,Kalaburagi,"Lal Bahadur Shastri Nagar, Kalaburagi - KSPCB",30-11-2025 02:00:00,17.321993,76.822628,NO2,,,,2025-11-29 21:23:24.610846
India,Karnataka,Bengaluru,"Silk Board, Bengaluru - KSPCB",30-11-2025 02:00:00,12.917348,77.622813,CO,53.0,92.0,68.0,2025-11-29 21:23:24.610846
India,Karnataka,Chamarajanagar,"Urban, Chamarajanagar - KSPCB",30-11-2025 02:00:00,11.55358,76.55521,PM2.5,26.0,54.0,36.0,2025-11-29 21:23:24.610846
India,Karnataka,Chamarajanagar,"Urban, Chamarajanagar - KSPCB",30-11-2025 02:00:00,11.55358,76.55521,CO,20.0,200.0,42.0,2025-11-29 21:23:24.610846
India,Karnataka,Davanagere,"Devaraj Urs Badavane, Davanagere - KSPCB",30-11-2025 02:00:00,14.4758,75.9052,NH3,1.0,89.0,6.0,2025-11-29 21:23:24.610846
India,Karnataka,Davanagere,"Devaraj Urs Badavane, Davanagere - KSPCB",30-11-2025 02:00:00,14.4758,75.9052,SO2,2.0,16.0,6.0,2025-11-29 21:23:24.610846
India,Karnataka,Haveri,"Ashwini Nagar, Haveri - KSPCB",30-11-2025 02:00:00,14.7918,75.3896,PM10,26.0,50.0,38.0,2025-11-29 21:23:24.610846
India,Karnataka,Haveri,"Ashwini Nagar, Haveri - KSPCB",30-11-2025 02:00:00,14.7918,75.3896,OZONE,20.0,20.0,20.0,2025-11-29 21:23:24.610846
India,Karnataka,Bengaluru,"Shivapura_Peenya, Bengaluru - KSPCB",30-11-2025 02:00:00,13.0246342,77.5080115,OZONE,19.0,20.0,19.0,2025-11-29 21:23:24.610846
India,Karnataka,Bengaluru,"RVCE-Mailasandra, Bengaluru - KSPCB",30-11-2025 02:00:00,12.921418,77.502466,PM2.5,50.0,53.0,51.0,2025-11-29 21:23:24.610846
India,Karnataka,Bengaluru,"Peenya, Bengaluru - CPCB",30-11-2025 02:00:00,13.0270199,77.494094,PM10,52.0,59.0,55.0,2025-11-29 21:23:24.610846
India,Karnataka,Dharwad,"Kalabhavan, Dharwad - KSPCB",30-11-2025 02:00:00,15.459706,75.008381,SO2,1.0,5.0,3.0,2025-11-29 21:23:24.610846
India,Karnataka,Madikeri,"Stuart Hill, Madikeri - KSPCB",30-11-2025 02:00:00,12.415911,75.73505,PM10,16.0,52.0,30.0,2025-11-29 21:23:24.610846
India,Karnataka,Mangalore,"Kadri, Mangalore - KSPCB",30-11-2025 02:00:00,12.88925,74.853,PM2.5,31.0,329.0,200.0,2025-11-29 21:23:24.610846
India,Karnataka,Mysuru,"Hebbal 1st Stage, Mysuru - KSPCB",30-11-2025 02:00:00,12.21041,76.37376,PM10,,,,2025-11-29 21:23:24.610846
India,Karnataka,Mysuru,"Hebbal 1st Stage, Mysuru - KSPCB",30-11-2025 02:00:00,12.21041,76.37376,NO2,,,,2025-11-29 21:23:24.610846
India,Karnataka,Mysuru,"Hebbal 1st Stage, Mysuru - KSPCB",30-11-2025 02:00:00,12.21041,76.37376,OZONE,,,,2025-11-29 21:23:24.610846
India,Kerala,Thiruvananthapuram,"Kariavattom, Thiruvananthapuram - Kerala PCB",30-11-2025 02:00:00,8.5637,76.8865,NH3,,,,2025-11-29 21:23:24.610846
India,Kerala,Thiruvananthapuram,"Kariavattom, Thiruvananthapuram - Kerala PCB",30-11-2025 02:00:00,8.5637,76.8865,OZONE,,,,2025-11-29 21:23:24.610846
India,Kerala,Thiruvananthapuram,"Plammoodu, Thiruvananthapuram - Kerala PCB",30-11-2025 02:00:00,8.5149093,76.9435879,PM2.5,13.0,93.0,44.0,2025-11-29 21:23:24.610846
India,Kerala,Thiruvananthapuram,"Plammoodu, Thiruvananthapuram - Kerala PCB",30-11-2025 02:00:00,8.5149093,76.9435879,PM10,20.0,127.0,65.0,2025-11-29 21:23:24.610846
India,Kerala,Thiruvananthapuram,"Plammoodu, Thiruvananthapuram - Kerala PCB",30-11-2025 02:00:00,8.5149093,76.9435879,NH3,2.0,3.0,2.0,2025-11-29 21:23:24.610846
India,Karnataka,Kalaburagi,"Lal Bahadur Shastri Nagar, Kalaburagi - KSPCB",30-11-2025 02:00:00,17.321993,76.822628,CO,,,,2025-11-29 21:23:24.610846
India,Karnataka,Kalaburagi,"Mahatma Basaveswar Colony, Kalaburgi - KSPCB",30-11-2025 02:00:00,17.336318,76.847397,PM10,36.0,77.0,52.0,2025-11-29 21:23:24.610846
India,Karnataka,Koppal,"Diwator Nagar, Koppal - KSPCB",30-11-2025 02:00:00,15.34763,76.181767,CO,39.0,78.0,59.0,2025-11-29 21:23:24.610846
India,Madhya Pradesh,Bhopal,"Paryavaran Parisar, Bhopal - MPPCB",30-11-2025 02:00:00,23.210494,77.425409,NH3,4.0,7.0,5.0,2025-11-29 21:23:24.610846
India,Madhya Pradesh,Bhopal,"Paryavaran Parisar, Bhopal - MPPCB",30-11-2025 02:00:00,23.210494,77.425409,SO2,7.0,14.0,10.0,2025-11-29 21:23:24.610846
India,Madhya Pradesh,Bhopal,"Paryavaran Parisar, Bhopal - MPPCB",30-11-2025 02:00:00,23.210494,77.425409,OZONE,10.0,74.0,29.0,2025-11-29 21:23:24.610846
India,Madhya Pradesh,Damoh,"Shrivastav Colony, Damoh - MPPCB",30-11-2025 02:00:00,23.81748678,79.446246,PM10,14.0,97.0,36.0,2025-11-29 21:23:24.610846
India,Madhya Pradesh,Damoh,"Shrivastav Colony, Damoh - MPPCB",30-11-2025 02:00:00,23.81748678,79.446246,PM2.5,13.0,81.0,30.0,2025-11-29 21:23:24.610846
India,Madhya Pradesh,Damoh,"Shrivastav Colony, Damoh - MPPCB",30-11-2025 02:00:00,23.81748678,79.446246,CO,3.0,22.0,11.0,2025-11-29 21:23:24.610846
India,Kerala,Kollam,"Polayathode, Kollam - Kerala PCB",30-11-2025 02:00:00,8.8787,76.6073,PM10,29.0,199.0,111.0,2025-11-29 21:23:24.610846
India,Kerala,Eloor,"Udyogamandal, Eloor - Kerala PCB",30-11-2025 02:00:00,10.073232,76.302765,CO,,,,2025-11-29 21:23:24.610846
India,Madhya Pradesh,Gwalior,"Maharaj Bada, Gwalior - MPPCB",30-11-2025 02:00:00,26.200388,78.147714,SO2,6.0,12.0,9.0,2025-11-29 21:23:24.610846
India,Madhya Pradesh,Gwalior,"Maharaj Bada, Gwalior - MPPCB",30-11-2025 02:00:00,26.200388,78.147714,CO,6.0,116.0,67.0,2025-11-29 21:23:24.610846
India,Madhya Pradesh,Gwalior,"Deen Dayal Nagar, Gwalior - MPPCB",30-11-2025 02:00:00,26.259242,78.216432,PM10,83.0,250.0,161.0,2025-11-29 21:23:24.610846
India,Madhya Pradesh,Gwalior,"Deen Dayal Nagar, Gwalior - MPPCB",30-11-2025 02:00:00,26.259242,78.216432,OZONE,4.0,200.0,63.0,2025-11-29 21:23:24.610846
India,Madhya Pradesh,Gwalior,"Deen Dayal Nagar, Gwalior - MPPCB",30-11-2025 02:00:00,26.259242,78.216432,NH3,9.0,12.0,10.0,2025-11-29 21:23:24.610846
India,Madhya Pradesh,Gwalior,"City Center, Gwalior - MPPCB",30-11-2025 02:00:00,26.203442,78.193251,PM10,98.0,237.0,150.0,2025-11-29 21:23:24.610846
India,Madhya Pradesh,Indore,"Chhoti Gwaltoli, Indore - MPPCB",30-11-2025 02:00:00,22.431,75.5213,OZONE,6.0,111.0,18.0,2025-11-29 21:23:24.610846
India,Madhya Pradesh,Gwalior,"City Center, Gwalior - MPPCB",30-11-2025 02:00:00,26.203442,78.193251,CO,10.0,116.0,88.0,2025-11-29 21:23:24.610846
India,Madhya Pradesh,Indore,"Chhoti Gwaltoli, Indore - MPPCB",30-11-2025 02:00:00,22.431,75.5213,NO2,71.0,153.0,108.0,2025-11-29 21:23:24.610846
India,Madhya Pradesh,Gwalior,"City Center, Gwalior - MPPCB",30-11-2025 02:00:00,26.203442,78.193251,NH3,3.0,6.0,4.0,2025-11-29 21:23:24.610846
India,Madhya Pradesh,Satna,"Bandhavgar Colony, Satna - Birla Cement",30-11-2025 02:00:00,24.58434363,80.8549414,SO2,19.0,22.0,20.0,2025-11-29 21:23:24.610846
India,Madhya Pradesh,Singrauli,"Suryakiran Bhawan NCL, Singrauli - MPPCB",30-11-2025 02:00:00,24.10897,82.64558,PM2.5,104.0,449.0,262.0,2025-11-29 21:23:24.610846
India,Maharashtra,Ahmednagar,"Tarakpur, Ahmednagar - MPCB",30-11-2025 02:00:00,19.10122,74.73339,SO2,1.0,13.0,6.0,2025-11-29 21:23:24.610846
India,Maharashtra,Ahmednagar,"Tarakpur, Ahmednagar - MPCB",30-11-2025 02:00:00,19.10122,74.73339,OZONE,5.0,122.0,16.0,2025-11-29 21:23:24.610846
India,Madhya Pradesh,Jabalpur,"Marhatal, Jabalpur - MPPCB",30-11-2025 02:00:00,23.168606,79.932247,NH3,3.0,4.0,4.0,2025-11-29 21:23:24.610846
India,Madhya Pradesh,Jabalpur,"Suhagi, Jabalpur - JMC",30-11-2025 02:00:00,23.218135,79.95777,NH3,,,,2025-11-29 21:23:24.610846
India,Madhya Pradesh,Katni,"Gole Bazar, Katni - MPPCB",30-11-2025 02:00:00,23.50016,80.23284,PM2.5,68.0,333.0,197.0,2025-11-29 21:23:24.610846
India,Madhya Pradesh,Pithampur,"Sector-2 Industrial Area, Pithampur - MPPCB",30-11-2025 02:00:00,22.624758,75.675238,OZONE,22.0,49.0,30.0,2025-11-29 21:23:24.610846
India,Madhya Pradesh,Ratlam,"Shasthri Nagar, Ratlam - IPCA Lab",30-11-2025 02:00:00,23.331731,75.045981,PM2.5,46.0,188.0,98.0,2025-11-29 21:23:24.610846
India,Madhya Pradesh,Ratlam,"Shasthri Nagar, Ratlam - IPCA Lab",30-11-2025 02:00:00,23.331731,75.045981,SO2,33.0,39.0,34.0,2025-11-29 21:23:24.610846
India,Madhya Pradesh,Indore,"Regional Park, Indore - IMC",30-11-2025 02:00:00,22.678,75.8559,PM2.5,56.0,99.0,69.0,2025-11-29 21:23:24.610846
India,Madhya Pradesh,Indore,"Regional Park, Indore - IMC",30-11-2025 02:00:00,22.678,75.8559,NO2,5.0,25.0,13.0,2025-11-29 21:23:24.610846
India,Madhya Pradesh,Indore,"Regional Park, Indore - IMC",30-11-2025 02:00:00,22.678,75.8559,SO2,22.0,26.0,24.0,2025-11-29 21:23:24.610846
India,Madhya Pradesh,Indore,"Residency Area, Indore - IMC",30-11-2025 02:00:00,22.7084,75.8815,NO2,7.0,19.0,15.0,2025-11-29 21:23:24.610846
India,Madhya Pradesh,Jabalpur,"Govindh Bhavan Colony, Jabalpur - JMC",30-11-2025 02:00:00,23.163174,79.973061,PM2.5,68.0,187.0,105.0,2025-11-29 21:23:24.610846
India,Madhya Pradesh,Jabalpur,"Govindh Bhavan Colony, Jabalpur - JMC",30-11-2025 02:00:00,23.163174,79.973061,PM10,63.0,123.0,88.0,2025-11-29 21:23:24.610846
India,Madhya Pradesh,Jabalpur,"Gupteshwar, Jabalpur - JMC",30-11-2025 02:00:00,23.142888,79.916147,PM10,76.0,249.0,134.0,2025-11-29 21:23:24.610846
India,Maharashtra,Amravati,"Shri Shivaji Science College, Amravati - MPCB",30-11-2025 02:00:00,20.939198,77.765701,PM2.5,53.0,246.0,109.0,2025-11-29 21:23:24.610846
India,Maharashtra,Amravati,"Shri Shivaji Science College, Amravati - MPCB",30-11-2025 02:00:00,20.939198,77.765701,OZONE,2.0,94.0,24.0,2025-11-29 21:23:24.610846
India,Maharashtra,Aurangabad,"More Chowk Waluj, Aurangabad - MPCB",30-11-2025 02:00:00,19.8389439,75.244448,NO2,15.0,24.0,19.0,2025-11-29 21:23:24.610846
India,Madhya Pradesh,Katni,"Gole Bazar, Katni - MPPCB",30-11-2025 02:00:00,23.50016,80.23284,CO,18.0,137.0,110.0,2025-11-29 21:23:24.610846
India,Maharashtra,Belapur,"CBD Belapur, Belapur - MPCB",30-11-2025 02:00:00,19.0243902,73.0406721,SO2,8.0,30.0,17.0,2025-11-29 21:23:24.610846
India,Maharashtra,Bhiwandi,"Gokul Nagar, Bhiwandi - MPCB",30-11-2025 02:00:00,19.309073,73.057223,PM10,72.0,169.0,139.0,2025-11-29 21:23:24.610846
India,Maharashtra,Bhiwandi,"Gokul Nagar, Bhiwandi - MPCB",30-11-2025 02:00:00,19.309073,73.057223,NH3,3.0,5.0,4.0,2025-11-29 21:23:24.610846
India,Maharashtra,Dhule,"Deopur, Dhule - MPCB",30-11-2025 02:00:00,20.918946,74.776388,NO2,14.0,117.0,41.0,2025-11-29 21:23:24.610846
India,Maharashtra,Dhule,"Deopur, Dhule - MPCB",30-11-2025 02:00:00,20.918946,74.776388,SO2,5.0,17.0,11.0,2025-11-29 21:23:24.610846
India,Maharashtra,Dhule,"Deopur, Dhule - MPCB",30-11-2025 02:00:00,20.918946,74.776388,CO,19.0,106.0,67.0,2025-11-29 21:23:24.610846
India,Maharashtra,Aurangabad,"Rachnakar Colony, Aurangabad - MPCB",30-11-2025 02:00:00,19.863756,75.321188,NO2,16.0,20.0,18.0,2025-11-29 21:23:24.610846
India,Maharashtra,Aurangabad,"Rachnakar Colony, Aurangabad - MPCB",30-11-2025 02:00:00,19.863756,75.321188,NH3,2.0,3.0,2.0,2025-11-29 21:23:24.610846
India,Maharashtra,Chandrapur,"Chauhan Colony, Chandrapur - MPCB",30-11-2025 02:00:00,19.9629,79.298714,NO2,31.0,34.0,33.0,2025-11-29 21:23:24.610846
India,Maharashtra,Chandrapur,"Chauhan Colony, Chandrapur - MPCB",30-11-2025 02:00:00,19.9629,79.298714,NH3,2.0,2.0,2.0,2025-11-29 21:23:24.610846
India,Maharashtra,Aurangabad,"Rachnakar Colony, Aurangabad - MPCB",30-11-2025 02:00:00,19.863756,75.321188,OZONE,10.0,94.0,22.0,2025-11-29 21:23:24.610846
India,Maharashtra,Belapur,"CBD Belapur, Belapur - MPCB",30-11-2025 02:00:00,19.0243902,73.0406721,PM2.5,48.0,194.0,101.0,2025-11-29 21:23:24.610846
India,Maharashtra,Badlapur,"Katrap, Badlapur - MPCB",30-11-2025 02:00:00,19.16485,73.23409,PM10,61.0,148.0,112.0,2025-11-29 21:23:24.610846
India,Maharashtra,Badlapur,"Katrap, Badlapur - MPCB",30-11-2025 02:00:00,19.16485,73.23409,SO2,8.0,24.0,10.0,2025-11-29 21:23:24.610846
India,Maharashtra,Boisar,"Khaira, Boisar - MPCB",30-11-2025 02:00:00,19.786089,72.757971,SO2,,,,2025-11-29 21:23:24.610846
India,Maharashtra,Kolhapur,"Sinchan Bhavan, Kolhapur - MPCB",30-11-2025 02:00:00,16.7143745,74.2426398,SO2,1.0,13.0,6.0,2025-11-29 21:23:24.610846
India,Maharashtra,Latur,"Sawe Wadi, Latur - MPCB",30-11-2025 02:00:00,18.39963,76.57452,PM10,81.0,117.0,98.0,2025-11-29 21:23:24.610846
India,Maharashtra,Latur,"Sawe Wadi, Latur - MPCB",30-11-2025 02:00:00,18.39963,76.57452,SO2,4.0,19.0,9.0,2025-11-29 21:23:24.610846
India,Maharashtra,Mahad,"Kamble Tarf Birwadi, Mahad - MPCB",30-11-2025 02:00:00,18.1023399,73.4783687,CO,11.0,25.0,18.0,2025-11-29 21:23:24.610846
India,Maharashtra,Malegaon,"Mahesh Nagar, Malegaon - MPCB",30-11-2025 02:00:00,20.555712,74.529236,PM10,,,,2025-11-29 21:23:24.610846
India,Maharashtra,Kalyan,"Pimpleshwar Mandir, Kalyan - MPCB",30-11-2025 02:00:00,19.192056,72.9585188,PM10,,,,2025-11-29 21:23:24.610846
India,Maharashtra,Kalyan,"Pimpleshwar Mandir, Kalyan - MPCB",30-11-2025 02:00:00,19.192056,72.9585188,NH3,,,,2025-11-29 21:23:24.610846
India,Maharashtra,Kalyan,"Pimpleshwar Mandir, Kalyan - MPCB",30-11-2025 02:00:00,19.192056,72.9585188,OZONE,3.0,46.0,18.0,2025-11-29 21:23:24.610846
India,Maharashtra,Kolhapur,"Shivaji University, Kolhapur - MPCB",30-11-2025 02:00:00,16.6870449,74.2505872,PM10,84.0,125.0,105.0,2025-11-29 21:23:24.610846
India,Maharashtra,Mumbai,"Chakala-Andheri East, Mumbai - IITM",30-11-2025 02:00:00,19.11074,72.86084,SO2,5.0,32.0,16.0,2025-11-29 21:23:24.610846
India,Maharashtra,Mumbai,"Chembur, Mumbai - MPCB",30-11-2025 02:00:00,19.0364585,72.8954371,CO,14.0,54.0,42.0,2025-11-29 21:23:24.610846
India,Maharashtra,Jalgaon,"Prabhat Colony, Jalgaon - MPCB",30-11-2025 02:00:00,21.001264,75.565602,PM10,92.0,330.0,145.0,2025-11-29 21:23:24.610846
India,Maharashtra,Jalna,"Old MIDC, Jalna - MPCB",30-11-2025 02:00:00,19.854616,75.905894,PM10,,,,2025-11-29 21:23:24.610846
India,Maharashtra,Mumbai,"Borivali East, Mumbai - IITM",30-11-2025 02:00:00,19.23241,72.86895,PM10,75.0,130.0,110.0,2025-11-29 21:23:24.610846
India,Maharashtra,Mumbai,"Borivali East, Mumbai - IITM",30-11-2025 02:00:00,19.23241,72.86895,NO2,37.0,122.0,70.0,2025-11-29 21:23:24.610846
India,Maharashtra,Mumbai,"Chakala-Andheri East, Mumbai - IITM",30-11-2025 02:00:00,19.11074,72.86084,PM2.5,55.0,205.0,106.0,2025-11-29 21:23:24.610846
India,Maharashtra,Mira-Bhayandar,"Bhayandar West, Mira-Bhayandar - MPCB",30-11-2025 02:00:00,19.296481,72.840923,NO2,,,,2025-11-29 21:23:24.610846
India,Maharashtra,Mumbai,"Borivali East, Mumbai - MPCB",30-11-2025 02:00:00,19.2243333,72.8658113,NH3,2.0,2.0,2.0,2025-11-29 21:23:24.610846
India,Maharashtra,Mumbai,"Byculla, Mumbai - BMC",30-11-2025 02:00:00,18.9767,72.838,PM10,101.0,161.0,133.0,2025-11-29 21:23:24.610846
India,Maharashtra,Mumbai,"Kandivali East, Mumbai - MPCB",30-11-2025 02:00:00,19.2058,72.8682,CO,10.0,20.0,16.0,2025-11-29 21:23:24.610846
India,Maharashtra,Mumbai,"Kherwadi_Bandra East, Mumbai - MPCB",30-11-2025 02:00:00,19.0632143,72.8456324,PM2.5,57.0,176.0,100.0,2025-11-29 21:23:24.610846
India,Maharashtra,Mumbai,"Kherwadi_Bandra East, Mumbai - MPCB",30-11-2025 02:00:00,19.0632143,72.8456324,NO2,5.0,61.0,25.0,2025-11-29 21:23:24.610846
India,Maharashtra,Mumbai,"Kherwadi_Bandra East, Mumbai - MPCB",30-11-2025 02:00:00,19.0632143,72.8456324,CO,17.0,42.0,31.0,2025-11-29 21:23:24.610846
India,Maharashtra,Mumbai,"Khindipada-Bhandup West, Mumbai - IITM",30-11-2025 02:00:00,19.1653323,72.922099,PM10,83.0,131.0,113.0,2025-11-29 21:23:24.610846
India,Maharashtra,Mumbai,"Khindipada-Bhandup West, Mumbai - IITM",30-11-2025 02:00:00,19.1653323,72.922099,NO2,9.0,36.0,19.0,2025-11-29 21:23:24.610846
India,Maharashtra,Mumbai,"Kurla, Mumbai - MPCB",30-11-2025 02:00:00,19.0863,72.8888,PM10,75.0,115.0,98.0,2025-11-29 21:23:24.610846
India,Maharashtra,Mumbai,"Shivaji Nagar, Mumbai - BMC",30-11-2025 02:00:00,19.060498,72.923356,OZONE,2.0,80.0,11.0,2025-11-29 21:23:24.610846
India,Maharashtra,Mumbai,"Siddharth Nagar-Worli, Mumbai - IITM",30-11-2025 02:00:00,19.000083,72.813993,NO2,43.0,105.0,73.0,2025-11-29 21:23:24.610846
India,Maharashtra,Mumbai,"Sion, Mumbai - MPCB",30-11-2025 02:00:00,19.047,72.8746,PM2.5,17.0,58.0,38.0,2025-11-29 21:23:24.610846
India,Maharashtra,Mumbai,"Sion, Mumbai - MPCB",30-11-2025 02:00:00,19.047,72.8746,PM10,21.0,74.0,49.0,2025-11-29 21:23:24.610846
India,Maharashtra,Mumbai,"Sion, Mumbai - MPCB",30-11-2025 02:00:00,19.047,72.8746,NH3,5.0,7.0,6.0,2025-11-29 21:23:24.610846
India,Maharashtra,Mumbai,"Kurla, Mumbai - MPCB",30-11-2025 02:00:00,19.0863,72.8888,SO2,36.0,37.0,37.0,2025-11-29 21:23:24.610846
India,Maharashtra,Mumbai,"Malad West, Mumbai - IITM",30-11-2025 02:00:00,19.19709,72.82204,NO2,36.0,115.0,70.0,2025-11-29 21:23:24.610846
India,Maharashtra,Mumbai,"Malad West, Mumbai - IITM",30-11-2025 02:00:00,19.19709,72.82204,CO,8.0,82.0,49.0,2025-11-29 21:23:24.610846
India,Maharashtra,Mumbai,"Malad West, Mumbai - IITM",30-11-2025 02:00:00,19.19709,72.82204,OZONE,3.0,85.0,43.0,2025-11-29 21:23:24.610846
India,Maharashtra,Mumbai,"Mindspace-Malad West, Mumbai - MPCB",30-11-2025 02:00:00,19.1878657,72.8304069,PM2.5,18.0,113.0,50.0,2025-11-29 21:23:24.610846
India,Maharashtra,Mumbai,"Colaba, Mumbai - MPCB",30-11-2025 02:00:00,18.91,72.82,CO,27.0,30.0,28.0,2025-11-29 21:23:24.610846
India,Maharashtra,Mumbai,"Deonar, Mumbai - IITM",30-11-2025 02:00:00,19.04946,72.923,SO2,4.0,12.0,7.0,2025-11-29 21:23:24.610846
India,Maharashtra,Mumbai,"Ghatkopar, Mumbai - BMC",30-11-2025 02:00:00,19.083694,72.920967,CO,14.0,56.0,39.0,2025-11-29 21:23:24.610846
India,Maharashtra,Mumbai,"Kandivali East, Mumbai - MPCB",30-11-2025 02:00:00,19.2058,72.8682,NO2,6.0,10.0,8.0,2025-11-29 21:23:24.610846
India,Maharashtra,Mumbai,"Powai, Mumbai - MPCB",30-11-2025 02:00:00,19.1375,72.915056,OZONE,9.0,9.0,9.0,2025-11-29 21:23:24.610846
India,Maharashtra,Mumbai,"Sewri, Mumbai - BMC",30-11-2025 02:00:00,19.000084,72.85673,NH3,11.0,31.0,20.0,2025-11-29 21:23:24.610846
India,Maharashtra,Mumbai,"Sewri, Mumbai - BMC",30-11-2025 02:00:00,19.000084,72.85673,OZONE,80.0,170.0,105.0,2025-11-29 21:23:24.610846
India,Maharashtra,Mumbai,"Shivaji Nagar, Mumbai - BMC",30-11-2025 02:00:00,19.060498,72.923356,NO2,20.0,78.0,47.0,2025-11-29 21:23:24.610846
India,Maharashtra,Mumbai,"Vile Parle West, Mumbai - MPCB",30-11-2025 02:00:00,19.10861,72.83622,PM2.5,48.0,121.0,69.0,2025-11-29 21:23:24.610846
India,Maharashtra,Mumbai,"Vile Parle West, Mumbai - MPCB",30-11-2025 02:00:00,19.10861,72.83622,SO2,42.0,59.0,56.0,2025-11-29 21:23:24.610846
India,Maharashtra,Mumbai,"Worli, Mumbai - MPCB",30-11-2025 02:00:00,18.9936162,72.8128113,PM2.5,70.0,128.0,93.0,2025-11-29 21:23:24.610846
India,Maharashtra,Mumbai,"Mulund West, Mumbai - MPCB",30-11-2025 02:00:00,19.175,72.9419,NO2,15.0,17.0,16.0,2025-11-29 21:23:24.610846
India,Maharashtra,Mumbai,"Navy Nagar-Colaba, Mumbai - IITM",30-11-2025 02:00:00,18.897756,72.81332,SO2,2.0,53.0,20.0,2025-11-29 21:23:24.610846
India,Maharashtra,Mumbai,"Chhatrapati Shivaji Intl. Airport (T2), Mumbai - MPCB",30-11-2025 02:00:00,19.10078,72.87462,PM2.5,52.0,126.0,82.0,2025-11-29 21:23:24.610846
India,Maharashtra,Mumbai,"Chhatrapati Shivaji Intl. Airport (T2), Mumbai - MPCB",30-11-2025 02:00:00,19.10078,72.87462,CO,12.0,18.0,16.0,2025-11-29 21:23:24.610846
India,Maharashtra,Mumbai,"Mindspace-Malad West, Mumbai - MPCB",30-11-2025 02:00:00,19.1878657,72.8304069,SO2,15.0,15.0,15.0,2025-11-29 21:23:24.610846
India,Maharashtra,Nagpur,"Ram Nagar, Nagpur - MPCB",30-11-2025 02:00:00,21.143383,79.048912,CO,22.0,107.0,69.0,2025-11-29 21:23:24.610846
India,Maharashtra,Nanded,"Sneh Nagar, Nanded - MPCB",30-11-2025 02:00:00,19.173852,77.296291,NO2,10.0,30.0,19.0,2025-11-29 21:23:24.610846
India,Maharashtra,Nashik,"Gangapur Road, Nashik - MPCB",30-11-2025 02:00:00,20.0073285,73.7762427,PM2.5,,,,2025-11-29 21:23:24.610846
India,Maharashtra,Nashik,"Gangapur Road, Nashik - MPCB",30-11-2025 02:00:00,20.0073285,73.7762427,PM10,,,,2025-11-29 21:23:24.610846
India,Maharashtra,Nashik,"Gangapur Road, Nashik - MPCB",30-11-2025 02:00:00,20.0073285,73.7762427,NH3,,,,2025-11-29 21:23:24.610846
India,Maharashtra,Nashik,"Hirawadi, Nashik - MPCB",30-11-2025 02:00:00,20.021503,73.813844,NH3,5.0,17.0,7.0,2025-11-29 21:23:24.610846
India,Maharashtra,Nashik,"MIDC Ambad, Nashik - MPCB",30-11-2025 02:00:00,19.95022,73.73148,NO2,20.0,63.0,35.0,2025-11-29 21:23:24.610846
India,Maharashtra,Nashik,"MIDC Ambad, Nashik - MPCB",30-11-2025 02:00:00,19.95022,73.73148,NH3,9.0,11.0,10.0,2025-11-29 21:23:24.610846
India,Maharashtra,Nashik,"MIDC Ambad, Nashik - MPCB",30-11-2025 02:00:00,19.95022,73.73148,SO2,6.0,45.0,13.0,2025-11-29 21:23:24.610846
India,Maharashtra,Nashik,"Pandav Nagari, Nashik - MPCB",30-11-2025 02:00:00,19.9591346,73.7788008,NH3,2.0,5.0,3.0,2025-11-29 21:23:24.610846
India,Maharashtra,Navi Mumbai,"Mahape, Navi Mumbai - MPCB",30-11-2025 02:00:00,19.1135051,73.008978,NO2,34.0,37.0,35.0,2025-11-29 21:23:24.610846
India,Maharashtra,Navi Mumbai,"Nerul, Navi Mumbai - MPCB",30-11-2025 02:00:00,19.008751,73.01662,PM2.5,36.0,208.0,113.0,2025-11-29 21:23:24.610846
India,Andhra_Pradesh,Rajamahendravaram,"Anand Kala Kshetram, Rajamahendravaram - APPCB",30-11-2025 02:00:00,16.9872867,81.7363176,SO2,5.0,23.0,11.0,2025-11-29 21:23:24.610846
India,Andhra_Pradesh,Rajamahendravaram,"Anand Kala Kshetram, Rajamahendravaram - APPCB",30-11-2025 02:00:00,16.9872867,81.7363176,CO,16.0,38.0,30.0,2025-11-29 21:23:24.610846
India,Andhra_Pradesh,Tirumala,"Toll Gate, Tirumala - APPCB",30-11-2025 02:00:00,13.67,79.35,NO2,11.0,18.0,15.0,2025-11-29 21:23:24.610846
India,Andhra_Pradesh,Tirupati,"Vaikuntapuram, Tirupati - APPCB",30-11-2025 02:00:00,13.615387,79.40923,NH3,,,,2025-11-29 21:23:24.610846
India,Andhra_Pradesh,Tirupati,"Vaikuntapuram, Tirupati - APPCB",30-11-2025 02:00:00,13.615387,79.40923,SO2,,,,2025-11-29 21:23:24.610846
India,Andhra_Pradesh,Tirupati,"Vaikuntapuram, Tirupati - APPCB",30-11-2025 02:00:00,13.615387,79.40923,CO,19.0,32.0,30.0,2025-11-29 21:23:24.610846
India,Andhra_Pradesh,Vijayawada,"HB Colony, Vijayawada - APPCB",30-11-2025 02:00:00,16.536107,80.594233,PM2.5,50.0,62.0,56.0,2025-11-29 21:23:24.610846
India,Andhra_Pradesh,Vijayawada,"HB Colony, Vijayawada - APPCB",30-11-2025 02:00:00,16.536107,80.594233,NH3,4.0,4.0,4.0,2025-11-29 21:23:24.610846
India,Andhra_Pradesh,Vijayawada,"Rajiv Nagar, Vijayawada - APPCB",30-11-2025 02:00:00,16.554731,80.64911,PM10,43.0,63.0,47.0,2025-11-29 21:23:24.610846
India,Andhra_Pradesh,Visakhapatnam,"GVM Corporation, Visakhapatnam - APPCB",30-11-2025 02:00:00,17.72,83.3,NH3,3.0,3.0,3.0,2025-11-29 21:23:24.610846
India,Arunachal_Pradesh,Naharlagun,"Naharlagun, Naharlagun - APSPCB",30-11-2025 02:00:00,27.103358,93.679645,SO2,8.0,9.0,9.0,2025-11-29 21:23:24.610846
India,Assam,Byrnihat,"Central Academy for SFS, Byrnihat - PCBA",30-11-2025 02:00:00,26.071318,91.87488,PM2.5,81.0,124.0,96.0,2025-11-29 21:23:24.610846
India,Assam,Byrnihat,"Central Academy for SFS, Byrnihat - PCBA",30-11-2025 02:00:00,26.071318,91.87488,PM10,73.0,100.0,84.0,2025-11-29 21:23:24.610846
India,Assam,Byrnihat,"Central Academy for SFS, Byrnihat - PCBA",30-11-2025 02:00:00,26.071318,91.87488,NH3,4.0,4.0,4.0,2025-11-29 21:23:24.610846
India,Assam,Byrnihat,"Central Academy for SFS, Byrnihat - PCBA",30-11-2025 02:00:00,26.071318,91.87488,CO,35.0,62.0,53.0,2025-11-29 21:23:24.610846
India,Assam,Guwahati,"IITG, Guwahati - PCBA",30-11-2025 02:00:00,26.2028636,91.70046436,PM10,56.0,155.0,103.0,2025-11-29 21:23:24.610846
India,Assam,Guwahati,"LGBI Airport, Guwahati - PCBA",30-11-2025 02:00:00,26.10887,91.589544,PM2.5,32.0,87.0,58.0,2025-11-29 21:23:24.610846
India,Assam,Nagaon,"Christianpatty, Nagaon - PCBA",30-11-2025 02:00:00,26.349082,92.68449,NH3,4.0,4.0,4.0,2025-11-29 21:23:24.610846
India,Assam,Silchar,"Tarapur, Silchar - PCBA",30-11-2025 02:00:00,24.82827,92.79525,PM2.5,33.0,77.0,54.0,2025-11-29 21:23:24.610846
India,Assam,Silchar,"Tarapur, Silchar - PCBA",30-11-2025 02:00:00,24.82827,92.79525,SO2,6.0,8.0,7.0,2025-11-29 21:23:24.610846
India,Assam,Sivasagar,"Girls College, Sivasagar - PCBA",30-11-2025 02:00:00,26.987634,94.636574,PM2.5,26.0,72.0,41.0,2025-11-29 21:23:24.610846
India,Assam,Sivasagar,"Girls College, Sivasagar - PCBA",30-11-2025 02:00:00,26.987634,94.636574,PM10,36.0,85.0,51.0,2025-11-29 21:23:24.610846
India,Assam,Guwahati,"LGBI Airport, Guwahati - PCBA",30-11-2025 02:00:00,26.10887,91.589544,OZONE,10.0,14.0,12.0,2025-11-29 21:23:24.610846
India,Assam,Guwahati,"Pan Bazaar, Guwahati - PCBA",30-11-2025 02:00:00,26.1875,91.744194,CO,12.0,86.0,59.0,2025-11-29 21:23:24.610846
India,Assam,Guwahati,"Railway Colony, Guwahati - PCBA",30-11-2025 02:00:00,26.181742,91.78063,PM10,39.0,244.0,106.0,2025-11-29 21:23:24.610846
India,Assam,Nagaon,"Christianpatty, Nagaon - PCBA",30-11-2025 02:00:00,26.349082,92.68449,PM10,57.0,58.0,57.0,2025-11-29 21:23:24.610846
India,Andaman and Nicobar,Sri Vijaya Puram,"Police Line, Sri Vijaya Puram - ANPCC",30-11-2025 02:00:00,11.654054,92.734055,CO,,,,2025-11-29 21:23:24.610846
India,Andhra_Pradesh,Anantapur,"Gulzarpet, Anantapur - APPCB",30-11-2025 02:00:00,14.675886,77.593027,PM10,25.0,113.0,81.0,2025-11-29 21:23:24.610846
India,Andhra_Pradesh,Chittoor,"Gangineni Cheruvu, Chittoor - APPCB",30-11-2025 02:00:00,13.20488,79.097889,CO,12.0,38.0,22.0,2025-11-29 21:23:24.610846
India,Andhra_Pradesh,Kadapa,"Yerramukkapalli, Kadapa - APPCB",30-11-2025 02:00:00,14.465052,78.824187,NO2,,,,2025-11-29 21:23:24.610846
India,Bihar,Araria,"Kharahiya Basti, Araria - BSPCB",30-11-2025 02:00:00,26.146529,87.454184,PM2.5,53.0,287.0,140.0,2025-11-29 21:23:24.610846
India,Bihar,Aurangabad,"Gurdeo Nagar, Aurangabad - BSPCB",30-11-2025 02:00:00,24.75746,84.366208,PM10,,,,2025-11-29 21:23:24.610846
India,Bihar,Arrah,"New DM Office, Arrah - BSPCB",30-11-2025 02:00:00,25.5626095,84.663264,NO2,5.0,8.0,7.0,2025-11-29 21:23:24.610846
India,Bihar,Begusarai,"Lohiyanagar, Begusarai - BSPCB",30-11-2025 02:00:00,25.42742023,86.13886079,OZONE,7.0,29.0,8.0,2025-11-29 21:23:24.610846
India,Bihar,Bettiah,"Kamalnath Nagar, Bettiah - BSPCB",30-11-2025 02:00:00,26.80365,84.51954,PM10,41.0,162.0,98.0,2025-11-29 21:23:24.610846
India,Bihar,Bettiah,"Kamalnath Nagar, Bettiah - BSPCB",30-11-2025 02:00:00,26.80365,84.51954,OZONE,22.0,23.0,22.0,2025-11-29 21:23:24.610846
India,Bihar,Bhagalpur,"DM Office_Kachari Chowk, Bhagalpur - BSPCB",30-11-2025 02:00:00,25.251013,86.989001,PM2.5,32.0,57.0,43.0,2025-11-29 21:23:24.610846
India,Bihar,Begusarai,"Lohiyanagar, Begusarai - BSPCB",30-11-2025 02:00:00,25.42742023,86.13886079,NO2,16.0,22.0,19.0,2025-11-29 21:23:24.610846
India,Bihar,Begusarai,"Lohiyanagar, Begusarai - BSPCB",30-11-2025 02:00:00,25.42742023,86.13886079,SO2,5.0,19.0,6.0,2025-11-29 21:23:24.610846
India,Bihar,Bhagalpur,"DM Office_Kachari Chowk, Bhagalpur - BSPCB",30-11-2025 02:00:00,25.251013,86.989001,OZONE,11.0,25.0,16.0,2025-11-29 21:23:24.610846
India,Bihar,Bihar Sharif,"D M Colony, Bihar Sharif - BSPCB",30-11-2025 02:00:00,25.204762,85.51496,PM2.5,27.0,80.0,59.0,2025-11-29 21:23:24.610846
India,Bihar,Chhapra,"Darshan Nagar, Chhapra - BSPCB",30-11-2025 02:00:00,25.7808257,84.7446768,PM10,31.0,73.0,54.0,2025-11-29 21:23:24.610846
India,Bihar,Aurangabad,"Gurdeo Nagar, Aurangabad - BSPCB",30-11-2025 02:00:00,24.75746,84.366208,OZONE,,,,2025-11-29 21:23:24.610846
India,Bihar,Buxar,"Charitra Van, Buxar - BSPCB",30-11-2025 02:00:00,25.56752,83.966379,PM2.5,67.0,163.0,128.0,2025-11-29 21:23:24.610846
India,Bihar,Aurangabad,"Gurdeo Nagar, Aurangabad - BSPCB",30-11-2025 02:00:00,24.75746,84.366208,CO,,,,2025-11-29 21:23:24.610846
India,Bihar,Muzaffarpur,"MIT-Daudpur Kothi, Muzaffarpur - BSPCB",30-11-2025 02:00:00,26.1403345,85.3650192,OZONE,16.0,50.0,33.0,2025-11-29 21:23:24.610846
India,Bihar,Muzaffarpur,"Muzaffarpur Collectorate, Muzaffarpur - BSPCB",30-11-2025 02:00:00,26.1209,85.3647,CO,8.0,31.0,18.0,2025-11-29 21:23:24.610846
India,Bihar,Patna,"DRM Office Danapur, Patna - BSPCB",30-11-2025 02:00:00,25.586562,85.043586,NO2,36.0,82.0,53.0,2025-11-29 21:23:24.610846
India,Bihar,Patna,"DRM Office Danapur, Patna - BSPCB",30-11-2025 02:00:00,25.586562,85.043586,CO,34.0,109.0,68.0,2025-11-29 21:23:24.610846
India,Bihar,Kishanganj,"SDM Office_Khagra, Kishanganj - BSPCB",30-11-2025 02:00:00,26.0881305,87.93840336,OZONE,16.0,19.0,17.0,2025-11-29 21:23:24.610846
India,Bihar,Manguraha,"Forest Rest House, Manguraha - BSPCB",30-11-2025 02:00:00,27.308328,84.531742,PM2.5,7.0,173.0,44.0,2025-11-29 21:23:24.610846
India,Bihar,Munger,"Town Hall, Munger - BSPCB",30-11-2025 02:00:00,25.376776,86.471523,OZONE,12.0,25.0,13.0,2025-11-29 21:23:24.610846
India,Bihar,Patna,"Samanpura, Patna - BSPCB",30-11-2025 02:00:00,25.596727,85.085624,PM2.5,62.0,188.0,134.0,2025-11-29 21:23:24.610846
India,Bihar,Patna,"Samanpura, Patna - BSPCB",30-11-2025 02:00:00,25.596727,85.085624,NO2,19.0,22.0,21.0,2025-11-29 21:23:24.610846
India,Bihar,Patna,"Samanpura, Patna - BSPCB",30-11-2025 02:00:00,25.596727,85.085624,SO2,1.0,2.0,2.0,2025-11-29 21:23:24.610846
India,Bihar,Hajipur,"Industrial Area, Hajipur - BSPCB",30-11-2025 02:00:00,25.697189,85.2459,CO,8.0,145.0,54.0,2025-11-29 21:23:24.610846
India,Bihar,Katihar,"Mirchaibari, Katihar - BSPCB",30-11-2025 02:00:00,25.560083,87.553265,PM10,42.0,103.0,74.0,2025-11-29 21:23:24.610846
India,Bihar,Patna,"Muradpur, Patna - BSPCB",30-11-2025 02:00:00,25.619651,85.147382,NH3,4.0,5.0,4.0,2025-11-29 21:23:24.610846
India,Bihar,Patna,"Rajbansi Nagar, Patna - BSPCB",30-11-2025 02:00:00,25.599486,85.113666,NO2,2.0,98.0,36.0,2025-11-29 21:23:24.610846
India,Bihar,Patna,"Govt. High School Shikarpur, Patna - BSPCB",30-11-2025 02:00:00,25.592539,85.227158,PM10,64.0,82.0,74.0,2025-11-29 21:23:24.610846
India,Bihar,Purnia,"Mariam Nagar, Purnia - BSPCB",30-11-2025 02:00:00,25.366336,87.117468,SO2,17.0,36.0,20.0,2025-11-29 21:23:24.610846
India,Bihar,Purnia,"Mariam Nagar, Purnia - BSPCB",30-11-2025 02:00:00,25.366336,87.117468,NH3,3.0,3.0,3.0,2025-11-29 21:23:24.610846
India,Bihar,Gaya,"SFTI Kusdihra, Gaya - BSPCB",30-11-2025 02:00:00,24.762518,84.982348,NH3,3.0,3.0,3.0,2025-11-29 21:23:24.610846
India,Chandigarh,Chandigarh,"Sector-25, Chandigarh - CPCC",30-11-2025 02:00:00,30.751462,76.762879,OZONE,1.0,66.0,8.0,2025-11-29 21:23:24.610846
India,Chhattisgarh,Bhilai,"32Bungalows, Bhilai - CECB",30-11-2025 02:00:00,21.194815,81.31477,NH3,1.0,4.0,3.0,2025-11-29 21:23:24.610846
India,Chhattisgarh,Bhilai,"Civic Center, Bhilai - Bhilai Steel Plant",30-11-2025 02:00:00,21.185571,81.343175,NO2,20.0,28.0,21.0,2025-11-29 21:23:24.610846
India,Chhattisgarh,Chhal,"Nawapara SECL Colony, Chhal - CECB",30-11-2025 02:00:00,22.118125,83.140608,NO2,8.0,23.0,14.0,2025-11-29 21:23:24.610846
India,Chhattisgarh,Korba,"Rampur, Korba - CECB",30-11-2025 02:00:00,22.368195,82.746431,PM10,72.0,86.0,85.0,2025-11-29 21:23:24.610846
India,Chhattisgarh,Korba,"Urja Nagar, Korba - CECB",30-11-2025 02:00:00,22.348441,82.549611,PM2.5,70.0,87.0,72.0,2025-11-29 21:23:24.610846
India,Chhattisgarh,Korba,"Urja Nagar, Korba - CECB",30-11-2025 02:00:00,22.348441,82.549611,SO2,1.0,10.0,5.0,2025-11-29 21:23:24.610846
India,Chhattisgarh,Kunjemura,"OP Jindal School, Kunjemura - CECB",30-11-2025 02:00:00,22.12665,83.483212,NO2,15.0,78.0,33.0,2025-11-29 21:23:24.610846
India,Chhattisgarh,Kunjemura,"OP Jindal School, Kunjemura - CECB",30-11-2025 02:00:00,22.12665,83.483212,NH3,2.0,2.0,2.0,2025-11-29 21:23:24.610846
India,Chhattisgarh,Milupara,"Govt. Higher Secondary School, Milupara - CECB",30-11-2025 02:00:00,22.1910172,83.5197009,NO2,14.0,62.0,27.0,2025-11-29 21:23:24.610846
India,Chhattisgarh,Milupara,"Govt. Higher Secondary School, Milupara - CECB",30-11-2025 02:00:00,22.1910172,83.5197009,SO2,12.0,18.0,14.0,2025-11-29 21:23:24.610846
India,Chhattisgarh,Raipur,"AIIMS, Raipur - CECB",30-11-2025 02:00:00,21.258815,81.578979,NO2,62.0,78.0,70.0,2025-11-29 21:23:24.610846
India,Chhattisgarh,Raipur,"Bhatagaon New ISBT, Raipur - CECB",30-11-2025 02:00:00,21.219665,81.630094,PM2.5,31.0,86.0,58.0,2025-11-29 21:23:24.610846
India,Chhattisgarh,Raipur,"Krishak Nagar, Raipur - CECB",30-11-2025 02:00:00,21.237755,81.705301,SO2,6.0,8.0,7.0,2025-11-29 21:23:24.610846
India,Chhattisgarh,Raipur,"Siltara Phase-II, Raipur - CECB",30-11-2025 02:00:00,21.371751,81.664929,NO2,9.0,43.0,17.0,2025-11-29 21:23:24.610846
India,Bihar,Saharsa,"Police Line, Saharsa - BSPCB",30-11-2025 02:00:00,25.892357,86.590325,SO2,14.0,17.0,15.0,2025-11-29 21:23:24.610846
India,Bihar,Samastipur,"DM Office_Kasipur, Samastipur - BSPCB",30-11-2025 02:00:00,25.859655,85.77944,PM2.5,20.0,57.0,35.0,2025-11-29 21:23:24.610846
India,Bihar,Samastipur,"DM Office_Kasipur, Samastipur - BSPCB",30-11-2025 02:00:00,25.859655,85.77944,PM10,20.0,56.0,35.0,2025-11-29 21:23:24.610846
India,Bihar,Samastipur,"DM Office_Kasipur, Samastipur - BSPCB",30-11-2025 02:00:00,25.859655,85.77944,SO2,15.0,28.0,22.0,2025-11-29 21:23:24.610846
India,Bihar,Samastipur,"DM Office_Kasipur, Samastipur - BSPCB",30-11-2025 02:00:00,25.859655,85.77944,OZONE,7.0,9.0,8.0,2025-11-29 21:23:24.610846
India,Bihar,Saharsa,"Police Line, Saharsa - BSPCB",30-11-2025 02:00:00,25.892357,86.590325,PM10,63.0,143.0,97.0,2025-11-29 21:23:24.610846
India,Bihar,Saharsa,"Police Line, Saharsa - BSPCB",30-11-2025 02:00:00,25.892357,86.590325,NO2,5.0,9.0,7.0,2025-11-29 21:23:24.610846
India,Bihar,Sasaram,"Dada Peer, Sasaram - BSPCB",30-11-2025 02:00:00,24.952822,84.002396,SO2,1.0,6.0,3.0,2025-11-29 21:23:24.610846
India,Bihar,Sasaram,"Dada Peer, Sasaram - BSPCB",30-11-2025 02:00:00,24.952822,84.002396,OZONE,3.0,370.0,17.0,2025-11-29 21:23:24.610846
India,Bihar,Purnia,"Mariam Nagar, Purnia - BSPCB",30-11-2025 02:00:00,25.366336,87.117468,OZONE,21.0,46.0,27.0,2025-11-29 21:23:24.610846
India,Chandigarh,Chandigarh,"Sector-25, Chandigarh - CPCC",30-11-2025 02:00:00,30.751462,76.762879,NH3,3.0,5.0,4.0,2025-11-29 21:23:24.610846
India,Chhattisgarh,Raipur,"Siltara Phase-II, Raipur - CECB",30-11-2025 02:00:00,21.371751,81.664929,CO,34.0,36.0,34.0,2025-11-29 21:23:24.610846
India,Chhattisgarh,Tumidih,"OP Jindal Industrial Park, Tumidih - CECB",30-11-2025 02:00:00,22.06631475,83.33820077,OZONE,4.0,99.0,8.0,2025-11-29 21:23:24.610846
India,Delhi,Delhi,"Alipur, Delhi - DPCC",30-11-2025 02:00:00,28.815329,77.15301,NO2,39.0,108.0,73.0,2025-11-29 21:23:24.610846
India,Delhi,Delhi,"Anand Vihar, Delhi - DPCC",30-11-2025 02:00:00,28.647622,77.315809,PM2.5,117.0,349.0,285.0,2025-11-29 21:23:24.610846
India,Delhi,Delhi,"Anand Vihar, Delhi - DPCC",30-11-2025 02:00:00,28.647622,77.315809,PM10,129.0,398.0,218.0,2025-11-29 21:23:24.610846
India,Delhi,Delhi,"Anand Vihar, Delhi - DPCC",30-11-2025 02:00:00,28.647622,77.315809,SO2,40.0,102.0,88.0,2025-11-29 21:23:24.610846
India,Delhi,Delhi,"Ashok Vihar, Delhi - DPCC",30-11-2025 02:00:00,28.695381,77.181665,PM2.5,104.0,354.0,279.0,2025-11-29 21:23:24.610846
India,Delhi,Delhi,"Chandni Chowk, Delhi - IITM",30-11-2025 02:00:00,28.656756,77.227234,OZONE,5.0,71.0,6.0,2025-11-29 21:23:24.610846
India,Delhi,Delhi,"DTU, Delhi - CPCB",30-11-2025 02:00:00,28.7500499,77.1112615,PM2.5,85.0,375.0,288.0,2025-11-29 21:23:24.610846
India,Delhi,Delhi,"Aya Nagar, Delhi - IMD",30-11-2025 02:00:00,28.4706914,77.1099364,NO2,8.0,42.0,28.0,2025-11-29 21:23:24.610846
India,Delhi,Delhi,"Aya Nagar, Delhi - IMD",30-11-2025 02:00:00,28.4706914,77.1099364,OZONE,8.0,106.0,46.0,2025-11-29 21:23:24.610846
India,Delhi,Delhi,"IHBAS, Dilshad Garden, Delhi - CPCB",30-11-2025 02:00:00,28.6811736,77.3025234,PM10,149.0,225.0,180.0,2025-11-29 21:23:24.610846
India,Delhi,Delhi,"Dwarka-Sector 8, Delhi - DPCC ",30-11-2025 02:00:00,28.5710274,77.0719006,NH3,15.0,24.0,19.0,2025-11-29 21:23:24.610846
India,Delhi,Delhi,"Chandni Chowk, Delhi - IITM",30-11-2025 02:00:00,28.656756,77.227234,PM10,158.0,436.0,295.0,2025-11-29 21:23:24.610846
India,Delhi,Delhi,"Bawana, Delhi - DPCC",30-11-2025 02:00:00,28.7762,77.051074,NO2,11.0,69.0,41.0,2025-11-29 21:23:24.610846
India,Delhi,Delhi,"ITO, Delhi - CPCB",30-11-2025 02:00:00,28.628624,77.24106,NO2,37.0,162.0,89.0,2025-11-29 21:23:24.610846
India,Delhi,Delhi,"Bawana, Delhi - DPCC",30-11-2025 02:00:00,28.7762,77.051074,NH3,6.0,8.0,7.0,2025-11-29 21:23:24.610846
India,Delhi,Delhi,"Rohini, Delhi - DPCC",30-11-2025 02:00:00,28.732528,77.11992,NO2,19.0,93.0,57.0,2025-11-29 21:23:24.610846
India,Delhi,Delhi,"Rohini, Delhi - DPCC",30-11-2025 02:00:00,28.732528,77.11992,CO,31.0,109.0,88.0,2025-11-29 21:23:24.610846
India,Delhi,Delhi,"Shadipur, Delhi - CPCB",30-11-2025 02:00:00,28.6514781,77.1473105,OZONE,5.0,23.0,8.0,2025-11-29 21:23:24.610846
India,Delhi,Delhi,"Sirifort, Delhi - CPCB",30-11-2025 02:00:00,28.5504249,77.2159377,NO2,62.0,88.0,71.0,2025-11-29 21:23:24.610846
India,Delhi,Delhi,"Sirifort, Delhi - CPCB",30-11-2025 02:00:00,28.5504249,77.2159377,CO,22.0,106.0,74.0,2025-11-29 21:23:24.610846
India,Delhi,Delhi,"Sonia Vihar, Delhi - DPCC",30-11-2025 02:00:00,28.710508,77.249485,PM10,127.0,299.0,204.0,2025-11-29 21:23:24.610846
India,Delhi,Delhi,"Sonia Vihar, Delhi - DPCC",30-11-2025 02:00:00,28.710508,77.249485,NO2,27.0,86.0,54.0,2025-11-29 21:23:24.610846
India,Delhi,Delhi,"Sonia Vihar, Delhi - DPCC",30-11-2025 02:00:00,28.710508,77.249485,NH3,6.0,9.0,7.0,2025-11-29 21:23:24.610846
India,Delhi,Delhi,"North Campus, DU, Delhi - IMD",30-11-2025 02:00:00,28.6573814,77.1585447,PM2.5,98.0,348.0,249.0,2025-11-29 21:23:24.610846
India,Delhi,Delhi,"Okhla Phase-2, Delhi - DPCC",30-11-2025 02:00:00,28.530785,77.271255,NO2,89.0,153.0,126.0,2025-11-29 21:23:24.610846
India,Delhi,Delhi,"Okhla Phase-2, Delhi - DPCC",30-11-2025 02:00:00,28.530785,77.271255,CO,32.0,98.0,38.0,2025-11-29 21:23:24.610846
India,Delhi,Delhi,"Patparganj, Delhi - DPCC",30-11-2025 02:00:00,28.623763,77.287209,OZONE,2.0,150.0,18.0,2025-11-29 21:23:24.610846
India,Delhi,Delhi,"Punjabi Bagh, Delhi - DPCC",30-11-2025 02:00:00,28.674045,77.131023,PM2.5,80.0,392.0,272.0,2025-11-29 21:23:24.610846
India,Delhi,Delhi,"Punjabi Bagh, Delhi - DPCC",30-11-2025 02:00:00,28.674045,77.131023,NO2,25.0,75.0,57.0,2025-11-29 21:23:24.610846
India,Delhi,Delhi,"Najafgarh, Delhi - DPCC",30-11-2025 02:00:00,28.570173,76.933762,PM10,69.0,194.0,144.0,2025-11-29 21:23:24.610846
India,Delhi,Delhi,"Najafgarh, Delhi - DPCC",30-11-2025 02:00:00,28.570173,76.933762,NH3,9.0,10.0,9.0,2025-11-29 21:23:24.610846
India,Delhi,Delhi,"Narela, Delhi - DPCC",30-11-2025 02:00:00,28.822836,77.101981,CO,38.0,89.0,61.0,2025-11-29 21:23:24.610846
India,Delhi,Delhi,"Narela, Delhi - DPCC",30-11-2025 02:00:00,28.822836,77.101981,OZONE,9.0,116.0,34.0,2025-11-29 21:23:24.610846
India,Delhi,Delhi,"Nehru Nagar, Delhi - DPCC",30-11-2025 02:00:00,28.56789,77.250515,PM10,121.0,417.0,251.0,2025-11-29 21:23:24.610846
India,Delhi,Delhi,"Jawaharlal Nehru Stadium, Delhi - DPCC",30-11-2025 02:00:00,28.58028,77.233829,PM10,127.0,401.0,245.0,2025-11-29 21:23:24.610846
India,Delhi,Delhi,"Jawaharlal Nehru Stadium, Delhi - DPCC",30-11-2025 02:00:00,28.58028,77.233829,SO2,3.0,25.0,11.0,2025-11-29 21:23:24.610846
India,Delhi,Delhi,"Lodhi Road, Delhi - IITM",30-11-2025 02:00:00,28.588333,77.221667,NO2,2.0,122.0,48.0,2025-11-29 21:23:24.610846
India,Delhi,Delhi,"Lodhi Road, Delhi - IITM",30-11-2025 02:00:00,28.588333,77.221667,SO2,9.0,29.0,18.0,2025-11-29 21:23:24.610846
India,Delhi,Delhi,"Lodhi Road, Delhi - IMD",30-11-2025 02:00:00,28.5918245,77.2273074,PM10,122.0,243.0,181.0,2025-11-29 21:23:24.610846
India,Delhi,Delhi,"Lodhi Road, Delhi - IMD",30-11-2025 02:00:00,28.5918245,77.2273074,NO2,15.0,41.0,26.0,2025-11-29 21:23:24.610846
India,Delhi,Delhi,"Pusa, Delhi - IMD",30-11-2025 02:00:00,28.63611,77.173332,OZONE,3.0,82.0,32.0,2025-11-29 21:23:24.610846
India,Delhi,Delhi,"R K Puram, Delhi - DPCC",30-11-2025 02:00:00,28.563262,77.186937,PM10,115.0,366.0,230.0,2025-11-29 21:23:24.610846
India,Delhi,Delhi,"Mandir Marg, Delhi - DPCC",30-11-2025 02:00:00,28.636429,77.201067,NH3,7.0,10.0,9.0,2025-11-29 21:23:24.610846
India,Delhi,Delhi,"Mundka, Delhi - DPCC",30-11-2025 02:00:00,28.684678,77.076574,PM10,88.0,262.0,168.0,2025-11-29 21:23:24.610846
India,Delhi,Delhi,"NSIT Dwarka, Delhi - CPCB",30-11-2025 02:00:00,28.60909,77.0325413,PM2.5,136.0,359.0,255.0,2025-11-29 21:23:24.610846
India,Delhi,Delhi,"NSIT Dwarka, Delhi - CPCB",30-11-2025 02:00:00,28.60909,77.0325413,OZONE,7.0,177.0,20.0,2025-11-29 21:23:24.610846
India,Delhi,Delhi,"ITO, Delhi - CPCB",30-11-2025 02:00:00,28.628624,77.24106,OZONE,11.0,65.0,17.0,2025-11-29 21:23:24.610846
India,Gujarat,Ahmedabad,"Maninagar, Ahmedabad - GPCB",30-11-2025 02:00:00,23.002657,72.591912,SO2,40.0,59.0,52.0,2025-11-29 21:23:24.610846
India,Gujarat,Ahmedabad,"Raikhad, Ahmedabad - IITM",30-11-2025 02:00:00,23.020509,72.579261,OZONE,2.0,78.0,16.0,2025-11-29 21:23:24.610846
India,Delhi,Delhi,"Vivek Vihar, Delhi - DPCC",30-11-2025 02:00:00,28.672342,77.31526,PM2.5,158.0,348.0,295.0,2025-11-29 21:23:24.610846
India,Delhi,Delhi,"Vivek Vihar, Delhi - DPCC",30-11-2025 02:00:00,28.672342,77.31526,NO2,36.0,119.0,73.0,2025-11-29 21:23:24.610846
India,Gujarat,Ahmedabad,"Gyaspur, Ahmedabad - IITM",30-11-2025 02:00:00,22.977134,72.553024,PM2.5,,,,2025-11-29 21:23:24.610846
India,Gujarat,Ahmedabad,"Gyaspur, Ahmedabad - IITM",30-11-2025 02:00:00,22.977134,72.553024,NH3,2.0,11.0,7.0,2025-11-29 21:23:24.610846
India,Delhi,Delhi,"Wazirpur, Delhi - DPCC",30-11-2025 02:00:00,28.699793,77.165453,CO,66.0,120.0,107.0,2025-11-29 21:23:24.610846
India,Delhi,Delhi,"Wazirpur, Delhi - DPCC",30-11-2025 02:00:00,28.699793,77.165453,OZONE,4.0,101.0,18.0,2025-11-29 21:23:24.610846
India,Gujarat,Ahmedabad,"SAC ISRO Satellite, Ahmedabad - IITM",30-11-2025 02:00:00,23.023389,72.515201,NO2,11.0,72.0,32.0,2025-11-29 21:23:24.610846
India,Delhi,Delhi,"Sri Aurobindo Marg, Delhi - DPCC",30-11-2025 02:00:00,28.531346,77.190156,CO,47.0,101.0,81.0,2025-11-29 21:23:24.610846
India,Delhi,Delhi,"Sri Aurobindo Marg, Delhi - DPCC",30-11-2025 02:00:00,28.531346,77.190156,NH3,4.0,7.0,5.0,2025-11-29 21:23:24.610846
India,Delhi,Delhi,"Wazirpur, Delhi - DPCC",30-11-2025 02:00:00,28.699793,77.165453,PM2.5,113.0,367.0,284.0,2025-11-29 21:23:24.610846
India,Delhi,Delhi,"Vivek Vihar, Delhi - DPCC",30-11-2025 02:00:00,28.672342,77.31526,CO,4.0,96.0,58.0,2025-11-29 21:23:24.610846
India,Haryana,Ambala,"Patti Mehar, Ambala - HSPCB",30-11-2025 02:00:00,30.379589,76.778328,OZONE,48.0,52.0,50.0,2025-11-29 21:23:24.610846
India,Haryana,Bahadurgarh,"Arya Nagar, Bahadurgarh - HSPCB",30-11-2025 02:00:00,28.6701,76.9254,PM2.5,116.0,406.0,322.0,2025-11-29 21:23:24.610846
India,Gujarat,Ahmedabad,"SVPI Airport Hansol, Ahmedabad - IITM",30-11-2025 02:00:00,23.076793,72.627874,NH3,6.0,6.0,6.0,2025-11-29 21:23:24.610846
India,Gujarat,Ankleshwar,"GIDC, Ankleshwar - GPCB",30-11-2025 02:00:00,21.613267,73.010555,SO2,38.0,39.0,39.0,2025-11-29 21:23:24.610846
India,Gujarat,Gandhinagar,"IIPHG Lekawada, Gandhinagar - IITM",30-11-2025 02:00:00,23.243639,72.68994,PM2.5,3.0,229.0,75.0,2025-11-29 21:23:24.610846
India,Gujarat,Gandhinagar,"IIPHG Lekawada, Gandhinagar - IITM",30-11-2025 02:00:00,23.243639,72.68994,NO2,7.0,9.0,8.0,2025-11-29 21:23:24.610846
India,Haryana,Bhiwani,"H.B. Colony, Bhiwani - HSPCB",30-11-2025 02:00:00,28.806223,76.141105,NH3,1.0,9.0,8.0,2025-11-29 21:23:24.610846
India,Haryana,Bhiwani,"H.B. Colony, Bhiwani - HSPCB",30-11-2025 02:00:00,28.806223,76.141105,OZONE,8.0,19.0,14.0,2025-11-29 21:23:24.610846
India,Haryana,Ballabgarh,"Nathu Colony, Ballabgarh - HSPCB",30-11-2025 02:00:00,28.3419248,77.319699,CO,15.0,121.0,60.0,2025-11-29 21:23:24.610846
India,Haryana,Ballabgarh,"Nathu Colony, Ballabgarh - HSPCB",30-11-2025 02:00:00,28.3419248,77.319699,OZONE,15.0,15.0,15.0,2025-11-29 21:23:24.610846
India,Haryana,Ballabgarh,"Nathu Colony, Ballabgarh - HSPCB",30-11-2025 02:00:00,28.3419248,77.319699,PM2.5,231.0,338.0,289.0,2025-11-29 21:23:24.610846
India,Haryana,Ballabgarh,"Nathu Colony, Ballabgarh - HSPCB",30-11-2025 02:00:00,28.3419248,77.319699,SO2,5.0,11.0,7.0,2025-11-29 21:23:24.610846
India,Gujarat,Vapi,"Phase-1 GIDC, Vapi - GPCB",30-11-2025 02:00:00,20.362421,72.918013,PM10,33.0,136.0,78.0,2025-11-29 21:23:24.610846
India,Gujarat,Vatva,"Phase-4 GIDC, Vatva - GPCB",30-11-2025 02:00:00,22.969611,72.6435,SO2,35.0,41.0,37.0,2025-11-29 21:23:24.610846
India,Haryana,Kaithal,"Rishi Nagar, Kaithal - HSPCB",30-11-2025 02:00:00,29.8006,76.4155,NO2,29.0,33.0,31.0,2025-11-29 21:23:24.610846
India,Haryana,Karnal,"Sector-12, Karnal - HSPCB",30-11-2025 02:00:00,29.6953,77.0027,PM10,60.0,126.0,93.0,2025-11-29 21:23:24.610846
India,Haryana,Karnal,"Sector-12, Karnal - HSPCB",30-11-2025 02:00:00,29.6953,77.0027,CO,33.0,64.0,50.0,2025-11-29 21:23:24.610846
India,Haryana,Karnal,"Sector-12, Karnal - HSPCB",30-11-2025 02:00:00,29.6953,77.0027,OZONE,41.0,41.0,41.0,2025-11-29 21:23:24.610846
India,Haryana,Kurukshetra,"Sector-7, Kurukshetra - HSPCB",30-11-2025 02:00:00,29.966942,76.875879,SO2,5.0,19.0,11.0,2025-11-29 21:23:24.610846
India,Haryana,Charkhi Dadri,"Mini Secretariat, Charkhi Dadri - HSPCB",30-11-2025 02:00:00,28.593883,76.270653,NH3,5.0,8.0,6.0,2025-11-29 21:23:24.610846
India,Haryana,Dharuhera,"Municipal Corporation Office, Dharuhera -  HSPCB",30-11-2025 02:00:00,28.2068,76.7997,PM10,104.0,328.0,195.0,2025-11-29 21:23:24.610846
India,Haryana,Faridabad,"New Industrial Town, Faridabad - HSPCB",30-11-2025 02:00:00,28.39072,77.30059,NO2,,,,2025-11-29 21:23:24.610846
India,Haryana,Faridabad,"New Industrial Town, Faridabad - HSPCB",30-11-2025 02:00:00,28.39072,77.30059,NH3,,,,2025-11-29 21:23:24.610846
India,Haryana,Fatehabad,"Huda Sector, Fatehabad - HSPCB",30-11-2025 02:00:00,29.503664,75.467934,OZONE,10.0,13.0,11.0,2025-11-29 21:23:24.610846
India,Haryana,Gurugram,"Sector-51, Gurugram - HSPCB",30-11-2025 02:00:00,28.4227,77.0667,PM10,52.0,266.0,165.0,2025-11-29 21:23:24.610846
India,Haryana,Gurugram,"Sector-51, Gurugram - HSPCB",30-11-2025 02:00:00,28.4227,77.0667,SO2,5.0,60.0,31.0,2025-11-29 21:23:24.610846
India,Haryana,Faridabad,"Sector 11, Faridabad - HSPCB",30-11-2025 02:00:00,28.376058,77.315741,CO,10.0,58.0,42.0,2025-11-29 21:23:24.610846
India,Haryana,Faridabad,"Sector 11, Faridabad - HSPCB",30-11-2025 02:00:00,28.376058,77.315741,OZONE,15.0,16.0,15.0,2025-11-29 21:23:24.610846
India,Haryana,Faridabad,"Sector 30, Faridabad - HSPCB",30-11-2025 02:00:00,28.4417,77.3217,NO2,35.0,39.0,38.0,2025-11-29 21:23:24.610846
India,Haryana,Hisar,"Urban Estate-II, Hisar - HSPCB",30-11-2025 02:00:00,29.14056,75.744941,PM2.5,42.0,87.0,66.0,2025-11-29 21:23:24.610846
India,Haryana,Jind,"Police Lines, Jind - HSPCB",30-11-2025 02:00:00,29.307814,76.337619,PM10,80.0,129.0,109.0,2025-11-29 21:23:24.610846
India,Haryana,Faridabad,"Sector 11, Faridabad - HSPCB",30-11-2025 02:00:00,28.376058,77.315741,NO2,30.0,33.0,31.0,2025-11-29 21:23:24.610846
India,Haryana,Faridabad,"Sector 11, Faridabad - HSPCB",30-11-2025 02:00:00,28.376058,77.315741,SO2,4.0,5.0,4.0,2025-11-29 21:23:24.610846
India,Haryana,Faridabad,"New Industrial Town, Faridabad - HSPCB",30-11-2025 02:00:00,28.39072,77.30059,CO,,,,2025-11-29 21:23:24.610846
India,Haryana,Gurugram,"Sector-51, Gurugram - HSPCB",30-11-2025 02:00:00,28.4227,77.0667,OZONE,7.0,31.0,12.0,2025-11-29 21:23:24.610846
India,Haryana,Faridabad,"Sector 30, Faridabad - HSPCB",30-11-2025 02:00:00,28.4417,77.3217,CO,59.0,66.0,63.0,2025-11-29 21:23:24.610846
India,Haryana,Narnaul,"Shastri Nagar, Narnaul - HSPCB",30-11-2025 02:00:00,28.060249,76.113115,NO2,61.0,110.0,85.0,2025-11-29 21:23:24.610846
India,Haryana,Narnaul,"Shastri Nagar, Narnaul - HSPCB",30-11-2025 02:00:00,28.060249,76.113115,CO,22.0,52.0,37.0,2025-11-29 21:23:24.610846
India,Haryana,Palwal,"Shyam Nagar, Palwal - HSPCB",30-11-2025 02:00:00,28.1485564,77.3320667,PM10,52.0,106.0,76.0,2025-11-29 21:23:24.610846
India,Haryana,Palwal,"Shyam Nagar, Palwal - HSPCB",30-11-2025 02:00:00,28.1485564,77.3320667,NH3,8.0,9.0,9.0,2025-11-29 21:23:24.610846
India,Haryana,Palwal,"Shyam Nagar, Palwal - HSPCB",30-11-2025 02:00:00,28.1485564,77.3320667,SO2,12.0,13.0,12.0,2025-11-29 21:23:24.610846
India,Haryana,Yamuna Nagar,"Gobind Pura, Yamuna Nagar - HSPCB",30-11-2025 02:00:00,30.1480566,77.2893471,NO2,,,,2025-11-29 21:23:24.610846
India,Himachal Pradesh,Baddi,"HIMUDA Complex Phase-1, Baddi - HPPCB",30-11-2025 02:00:00,30.943887,76.801991,NH3,4.0,8.0,6.0,2025-11-29 21:23:24.610846
India,Haryana,Panchkula,"Sector-6, Panchkula - HSPCB ",30-11-2025 02:00:00,30.7057778,76.8531805555555,NO2,24.0,26.0,25.0,2025-11-29 21:23:24.610846
India,Haryana,Panipat,"Sector-18, Panipat - HSPCB",30-11-2025 02:00:00,29.432304,76.972765,SO2,11.0,15.0,12.0,2025-11-29 21:23:24.610846
India,Haryana,Palwal,"Shyam Nagar, Palwal - HSPCB",30-11-2025 02:00:00,28.1485564,77.3320667,CO,18.0,64.0,49.0,2025-11-29 21:23:24.610846
India,Haryana,Palwal,"Shyam Nagar, Palwal - HSPCB",30-11-2025 02:00:00,28.1485564,77.3320667,OZONE,24.0,25.0,24.0,2025-11-29 21:23:24.610846
India,Haryana,Manesar,"Sector-2 IMT, Manesar - HSPCB",30-11-2025 02:00:00,28.360699,76.93609,PM2.5,108.0,373.0,275.0,2025-11-29 21:23:24.610846
India,Haryana,Panchgaon,"Amity University, Panchgaon - IITM",30-11-2025 02:00:00,28.3153,76.9143,OZONE,1.0,56.0,11.0,2025-11-29 21:23:24.610846
India,Haryana,Sirsa,"F-Block, Sirsa - HSPCB",30-11-2025 02:00:00,29.5364,75.0158,PM2.5,35.0,147.0,80.0,2025-11-29 21:23:24.610846
India,Haryana,Sonipat,"Murthal, Sonipat - HSPCB",30-11-2025 02:00:00,29.0272,77.0621,NO2,13.0,59.0,40.0,2025-11-29 21:23:24.610846
India,Haryana,Sonipat,"Murthal, Sonipat - HSPCB",30-11-2025 02:00:00,29.0272,77.0621,SO2,6.0,12.0,8.0,2025-11-29 21:23:24.610846
India,Karnataka,Bengaluru,"BTM Layout, Bengaluru - CPCB",30-11-2025 02:00:00,12.9135218,77.5950804,NH3,5.0,6.0,6.0,2025-11-29 21:23:24.610846
India,Karnataka,Bengaluru,"BTM Layout, Bengaluru - CPCB",30-11-2025 02:00:00,12.9135218,77.5950804,CO,48.0,54.0,50.0,2025-11-29 21:23:24.610846
India,Karnataka,Bengaluru,"City Railway Station, Bengaluru - KSPCB",30-11-2025 02:00:00,12.9756843,77.5660749,SO2,13.0,20.0,17.0,2025-11-29 21:23:24.610846
India,Karnataka,Bengaluru,"City Railway Station, Bengaluru - KSPCB",30-11-2025 02:00:00,12.9756843,77.5660749,CO,84.0,88.0,87.0,2025-11-29 21:23:24.610846
India,Karnataka,Bengaluru,"Hebbal, Bengaluru - KSPCB",30-11-2025 02:00:00,13.029152,77.585901,NO2,,,,2025-11-29 21:23:24.610846
India,Karnataka,Bagalkot,"Vidayagiri, Bagalkot - KSPCB",30-11-2025 02:00:00,16.172806,75.659694,SO2,7.0,7.0,7.0,2025-11-29 21:23:24.610846
India,Karnataka,Belgaum,"Ramteerth Nagar, Belgaum - KSPCB",30-11-2025 02:00:00,15.888653,74.541751,NO2,,,,2025-11-29 21:23:24.610846
India,Karnataka,Bengaluru,"BTM Layout, Bengaluru - CPCB",30-11-2025 02:00:00,12.9135218,77.5950804,PM2.5,85.0,150.0,102.0,2025-11-29 21:23:24.610846
India,Karnataka,Bengaluru,"Jayanagar 5th Block, Bengaluru - KSPCB",30-11-2025 02:00:00,12.920984,77.584908,PM10,70.0,136.0,104.0,2025-11-29 21:23:24.610846
India,Karnataka,Bengaluru,"Jigani, Bengaluru - KSPCB",30-11-2025 02:00:00,12.7816279,77.6299145,PM10,,,,2025-11-29 21:23:24.610846
India,Karnataka,Bengaluru,"Hebbal, Bengaluru - KSPCB",30-11-2025 02:00:00,13.029152,77.585901,SO2,5.0,9.0,7.0,2025-11-29 21:23:24.610846
India,Karnataka,Bengaluru,"Hombegowda Nagar, Bengaluru - KSPCB",30-11-2025 02:00:00,12.938539,77.5901,PM10,70.0,123.0,97.0,2025-11-29 21:23:24.610846
India,Karnataka,Bengaluru,"Kasturi Nagar, Bengaluru - KSPCB",30-11-2025 02:00:00,13.003872,77.664217,OZONE,20.0,21.0,20.0,2025-11-29 21:23:24.610846
India,Karnataka,Bengaluru,"Peenya, Bengaluru - CPCB",30-11-2025 02:00:00,13.0270199,77.494094,NO2,22.0,28.0,25.0,2025-11-29 21:23:24.610846
India,Jharkhand,Dhanbad,"Sardar Patel Nagar, Dhanbad - JSPCB",30-11-2025 02:00:00,23.80569,86.44268,PM2.5,25.0,278.0,110.0,2025-11-29 21:23:24.610846
India,Jharkhand,Dhanbad,"Sardar Patel Nagar, Dhanbad - JSPCB",30-11-2025 02:00:00,23.80569,86.44268,CO,2.0,21.0,8.0,2025-11-29 21:23:24.610846
India,Jammu_and_Kashmir,Srinagar,"Rajbagh, Srinagar - JKSPCB",30-11-2025 02:00:00,34.066206,74.81982,PM2.5,112.0,296.0,170.0,2025-11-29 21:23:24.610846
India,Karnataka,Bengaluru,"Kasturi Nagar, Bengaluru - KSPCB",30-11-2025 02:00:00,13.003872,77.664217,CO,42.0,66.0,51.0,2025-11-29 21:23:24.610846
India,Karnataka,Bengaluru,"Kasturi Nagar, Bengaluru - KSPCB",30-11-2025 02:00:00,13.003872,77.664217,NH3,2.0,2.0,2.0,2025-11-29 21:23:24.610846
India,Karnataka,Dharwad,"Kalabhavan, Dharwad - KSPCB",30-11-2025 02:00:00,15.459706,75.008381,OZONE,14.0,23.0,23.0,2025-11-29 21:23:24.610846
India,Karnataka,Haveri,"Ashwini Nagar, Haveri - KSPCB",30-11-2025 02:00:00,14.7918,75.3896,NO2,47.0,52.0,50.0,2025-11-29 21:23:24.610846
India,Karnataka,Haveri,"Ashwini Nagar, Haveri - KSPCB",30-11-2025 02:00:00,14.7918,75.3896,CO,30.0,36.0,33.0,2025-11-29 21:23:24.610846
India,Karnataka,Hubballi,"Lingaraj Nagar, Hubballi - KSPCB",30-11-2025 02:00:00,15.3714823,75.1160168,PM2.5,40.0,62.0,45.0,2025-11-29 21:23:24.610846
India,Karnataka,Bengaluru,"RVCE-Mailasandra, Bengaluru - KSPCB",30-11-2025 02:00:00,12.921418,77.502466,PM10,,,,2025-11-29 21:23:24.610846
India,Karnataka,Bengaluru,"RVCE-Mailasandra, Bengaluru - KSPCB",30-11-2025 02:00:00,12.921418,77.502466,NH3,3.0,5.0,4.0,2025-11-29 21:23:24.610846
India,Karnataka,Bengaluru,"Shivapura_Peenya, Bengaluru - KSPCB",30-11-2025 02:00:00,13.0246342,77.5080115,PM2.5,58.0,92.0,76.0,2025-11-29 21:23:24.610846
India,Karnataka,Bengaluru,"Shivapura_Peenya, Bengaluru - KSPCB",30-11-2025 02:00:00,13.0246342,77.5080115,NO2,33.0,35.0,34.0,2025-11-29 21:23:24.610846
India,Karnataka,Kalaburagi,"Lal Bahadur Shastri Nagar, Kalaburagi - KSPCB",30-11-2025 02:00:00,17.321993,76.822628,SO2,,,,2025-11-29 21:23:24.610846
India,Karnataka,Chikkamagaluru,"Kalyana Nagara, Chikkamagaluru - KSPCB",30-11-2025 02:00:00,13.328028,75.797056,PM10,41.0,51.0,46.0,2025-11-29 21:23:24.610846
India,Karnataka,Bengaluru,"Silk Board, Bengaluru - KSPCB",30-11-2025 02:00:00,12.917348,77.622813,SO2,7.0,11.0,9.0,2025-11-29 21:23:24.610846
India,Karnataka,Bengaluru,"Peenya, Bengaluru - CPCB",30-11-2025 02:00:00,13.0270199,77.494094,OZONE,25.0,26.0,25.0,2025-11-29 21:23:24.610846
India,Karnataka,Dharwad,"Kalabhavan, Dharwad - KSPCB",30-11-2025 02:00:00,15.459706,75.008381,NO2,23.0,27.0,26.0,2025-11-29 21:23:24.610846
India,Karnataka,Bengaluru,"Peenya, Bengaluru - CPCB",30-11-2025 02:00:00,13.0270199,77.494094,NH3,4.0,4.0,4.0,2025-11-29 21:23:24.610846
India,Karnataka,Mangalore,"Kadri, Mangalore - KSPCB",30-11-2025 02:00:00,12.88925,74.853,SO2,15.0,16.0,16.0,2025-11-29 21:23:24.610846
India,Karnataka,Mangalore,"Kadri, Mangalore - KSPCB",30-11-2025 02:00:00,12.88925,74.853,OZONE,4.0,41.0,26.0,2025-11-29 21:23:24.610846
India,Karnataka,Mysuru,"Hebbal 1st Stage, Mysuru - KSPCB",30-11-2025 02:00:00,12.21041,76.37376,CO,,,,2025-11-29 21:23:24.610846
India,Karnataka,Shivamogga,"Vinoba Nagara, Shivamogga - KSPCB",30-11-2025 02:00:00,13.94,75.555917,PM10,51.0,72.0,62.0,2025-11-29 21:23:24.610846
India,Karnataka,Shivamogga,"Vinoba Nagara, Shivamogga - KSPCB",30-11-2025 02:00:00,13.94,75.555917,NO2,12.0,26.0,19.0,2025-11-29 21:23:24.610846
India,Karnataka,Shivamogga,"Vinoba Nagara, Shivamogga - KSPCB",30-11-2025 02:00:00,13.94,75.555917,NH3,2.0,3.0,3.0,2025-11-29 21:23:24.610846
India,Karnataka,Shivamogga,"Vinoba Nagara, Shivamogga - KSPCB",30-11-2025 02:00:00,13.94,75.555917,SO2,3.0,6.0,5.0,2025-11-29 21:23:24.610846
India,Karnataka,Shivamogga,"Vinoba Nagara, Shivamogga - KSPCB",30-11-2025 02:00:00,13.94,75.555917,OZONE,33.0,82.0,47.0,2025-11-29 21:23:24.610846
India,Kerala,Eloor,"Udyogamandal, Eloor - Kerala PCB",30-11-2025 02:00:00,10.073232,76.302765,PM2.5,,,,2025-11-29 21:23:24.610846
India,Kerala,Kollam,"Polayathode, Kollam - Kerala PCB",30-11-2025 02:00:00,8.8787,76.6073,SO2,2.0,3.0,3.0,2025-11-29 21:23:24.610846
India,Kerala,Thiruvananthapuram,"Kariavattom, Thiruvananthapuram - Kerala PCB",30-11-2025 02:00:00,8.5637,76.8865,PM2.5,,,,2025-11-29 21:23:24.610846
India,Kerala,Thiruvananthapuram,"Kariavattom, Thiruvananthapuram - Kerala PCB",30-11-2025 02:00:00,8.5637,76.8865,CO,,,,2025-11-29 21:23:24.610846
India,Kerala,Thiruvananthapuram,"Plammoodu, Thiruvananthapuram - Kerala PCB",30-11-2025 02:00:00,8.5149093,76.9435879,NO2,10.0,61.0,31.0,2025-11-29 21:23:24.610846
India,Kerala,Thiruvananthapuram,"Plammoodu, Thiruvananthapuram - Kerala PCB",30-11-2025 02:00:00,8.5149093,76.9435879,SO2,6.0,25.0,15.0,2025-11-29 21:23:24.610846
India,Kerala,Eloor,"Udyogamandal, Eloor - Kerala PCB",30-11-2025 02:00:00,10.073232,76.302765,NO2,,,,2025-11-29 21:23:24.610846
India,Kerala,Kannur,"Thavakkara, Kannur - Kerala PCB",30-11-2025 02:00:00,11.875,75.3732,PM10,55.0,67.0,59.0,2025-11-29 21:23:24.610846
India,Kerala,Kannur,"Thavakkara, Kannur - Kerala PCB",30-11-2025 02:00:00,11.875,75.3732,NH3,1.0,2.0,2.0,2025-11-29 21:23:24.610846
India,Kerala,Kannur,"Thavakkara, Kannur - Kerala PCB",30-11-2025 02:00:00,11.875,75.3732,CO,14.0,18.0,14.0,2025-11-29 21:23:24.610846
India,Kerala,Kollam,"Polayathode, Kollam - Kerala PCB",30-11-2025 02:00:00,8.8787,76.6073,PM2.5,16.0,382.0,214.0,2025-11-29 21:23:24.610846
India,Karnataka,Kalaburagi,"Mahatma Basaveswar Colony, Kalaburgi - KSPCB",30-11-2025 02:00:00,17.336318,76.847397,NH3,3.0,4.0,3.0,2025-11-29 21:23:24.610846
India,Karnataka,Koppal,"Diwator Nagar, Koppal - KSPCB",30-11-2025 02:00:00,15.34763,76.181767,NH3,7.0,7.0,7.0,2025-11-29 21:23:24.610846
India,Karnataka,Koppal,"Diwator Nagar, Koppal - KSPCB",30-11-2025 02:00:00,15.34763,76.181767,SO2,9.0,23.0,14.0,2025-11-29 21:23:24.610846
India,Karnataka,Mangalore,"Kadri, Mangalore - KSPCB",30-11-2025 02:00:00,12.88925,74.853,PM10,34.0,216.0,125.0,2025-11-29 21:23:24.610846
India,Kerala,Thrissur,"Corporation Ground, Thrissur - Kerala PCB",30-11-2025 02:00:00,10.5324,76.2159,CO,10.0,23.0,21.0,2025-11-29 21:23:24.610846
India,Kerala,Thrissur,"Corporation Ground, Thrissur - Kerala PCB",30-11-2025 02:00:00,10.5324,76.2159,OZONE,31.0,31.0,31.0,2025-11-29 21:23:24.610846
India,Madhya Pradesh,Gwalior,"Deen Dayal Nagar, Gwalior - MPPCB",30-11-2025 02:00:00,26.259242,78.216432,SO2,2.0,23.0,10.0,2025-11-29 21:23:24.610846
India,Madhya Pradesh,Dewas,"Bhopal Chauraha, Dewas - MPPCB",30-11-2025 02:00:00,22.9682591,76.064118,OZONE,22.0,26.0,25.0,2025-11-29 21:23:24.610846
India,Madhya Pradesh,Gwalior,"City Center, Gwalior - MPPCB",30-11-2025 02:00:00,26.203442,78.193251,OZONE,35.0,81.0,44.0,2025-11-29 21:23:24.610846
India,Madhya Pradesh,Gwalior,"City Center, Gwalior - MPPCB",30-11-2025 02:00:00,26.203442,78.193251,NO2,20.0,147.0,62.0,2025-11-29 21:23:24.610846
India,Madhya Pradesh,Mandideep,"Sector-D Industrial Area, Mandideep - MPPCB",30-11-2025 02:00:00,23.10844,77.511428,PM10,,,,2025-11-29 21:23:24.610846
India,Madhya Pradesh,Pithampur,"Sector-2 Industrial Area, Pithampur - MPPCB",30-11-2025 02:00:00,22.624758,75.675238,PM10,104.0,233.0,143.0,2025-11-29 21:23:24.610846
India,Madhya Pradesh,Pithampur,"Sector-2 Industrial Area, Pithampur - MPPCB",30-11-2025 02:00:00,22.624758,75.675238,SO2,11.0,15.0,13.0,2025-11-29 21:23:24.610846
India,Madhya Pradesh,Ratlam,"Shasthri Nagar, Ratlam - IPCA Lab",30-11-2025 02:00:00,23.331731,75.045981,PM10,107.0,172.0,141.0,2025-11-29 21:23:24.610846
India,Madhya Pradesh,Sagar,"Civil Lines, Sagar - MPPCB",30-11-2025 02:00:00,23.838586,78.759431,PM2.5,64.0,290.0,192.0,2025-11-29 21:23:24.610846
India,Madhya Pradesh,Sagar,"Civil Lines, Sagar - MPPCB",30-11-2025 02:00:00,23.838586,78.759431,CO,29.0,84.0,52.0,2025-11-29 21:23:24.610846
India,Madhya Pradesh,Sagar,"Deen Dayal Nagar, Sagar - MPPCB",30-11-2025 02:00:00,23.8640158,78.80289321,PM2.5,34.0,219.0,107.0,2025-11-29 21:23:24.610846
India,Madhya Pradesh,Sagar,"Deen Dayal Nagar, Sagar - MPPCB",30-11-2025 02:00:00,23.8640158,78.80289321,CO,54.0,78.0,60.0,2025-11-29 21:23:24.610846
India,Madhya Pradesh,Satna,"Bandhavgar Colony, Satna - Birla Cement",30-11-2025 02:00:00,24.58434363,80.8549414,PM2.5,45.0,48.0,46.0,2025-11-29 21:23:24.610846
India,Madhya Pradesh,Satna,"Bandhavgar Colony, Satna - Birla Cement",30-11-2025 02:00:00,24.58434363,80.8549414,PM10,63.0,65.0,64.0,2025-11-29 21:23:24.610846
India,Madhya Pradesh,Indore,"Maguda Nagar, Indore - IMC",30-11-2025 02:00:00,22.7524,75.8872,SO2,33.0,38.0,36.0,2025-11-29 21:23:24.610846
India,Madhya Pradesh,Indore,"Regional Park, Indore - IMC",30-11-2025 02:00:00,22.678,75.8559,NH3,,,,2025-11-29 21:23:24.610846
India,Madhya Pradesh,Indore,"Regional Park, Indore - IMC",30-11-2025 02:00:00,22.678,75.8559,CO,9.0,34.0,31.0,2025-11-29 21:23:24.610846
India,Madhya Pradesh,Indore,"Regional Park, Indore - IMC",30-11-2025 02:00:00,22.678,75.8559,OZONE,8.0,56.0,14.0,2025-11-29 21:23:24.610846
India,Madhya Pradesh,Jabalpur,"Suhagi, Jabalpur - JMC",30-11-2025 02:00:00,23.218135,79.95777,PM10,,,,2025-11-29 21:23:24.610846
India,Madhya Pradesh,Jabalpur,"Suhagi, Jabalpur - JMC",30-11-2025 02:00:00,23.218135,79.95777,SO2,,,,2025-11-29 21:23:24.610846
India,Madhya Pradesh,Gwalior,"Maharaj Bada, Gwalior - MPPCB",30-11-2025 02:00:00,26.200388,78.147714,PM10,94.0,225.0,153.0,2025-11-29 21:23:24.610846
India,Madhya Pradesh,Jabalpur,"Marhatal, Jabalpur - MPPCB",30-11-2025 02:00:00,23.168606,79.932247,PM10,88.0,211.0,136.0,2025-11-29 21:23:24.610846
India,Madhya Pradesh,Indore,"Airport Area, Indore - IMC",30-11-2025 02:00:00,22.7289,75.8076,PM2.5,46.0,270.0,95.0,2025-11-29 21:23:24.610846
India,Madhya Pradesh,Indore,"Airport Area, Indore - IMC",30-11-2025 02:00:00,22.7289,75.8076,SO2,20.0,22.0,20.0,2025-11-29 21:23:24.610846
India,Madhya Pradesh,Indore,"Maguda Nagar, Indore - IMC",30-11-2025 02:00:00,22.7524,75.8872,NO2,2.0,2.0,2.0,2025-11-29 21:23:24.610846
India,Madhya Pradesh,Satna,"Bandhavgar Colony, Satna - Birla Cement",30-11-2025 02:00:00,24.58434363,80.8549414,NO2,12.0,13.0,12.0,2025-11-29 21:23:24.610846
India,Madhya Pradesh,Singrauli,"Suryakiran Bhawan NCL, Singrauli - MPPCB",30-11-2025 02:00:00,24.10897,82.64558,OZONE,2.0,50.0,3.0,2025-11-29 21:23:24.610846
India,Maharashtra,Akola,"Ramdaspeth, Akola - MPCB",30-11-2025 02:00:00,20.719516,77.000253,NH3,4.0,6.0,5.0,2025-11-29 21:23:24.610846
India,Maharashtra,Aurangabad,"MIDC Chilkalthana, Aurangabad - MPCB",30-11-2025 02:00:00,19.87562,75.38731,NH3,1.0,3.0,2.0,2025-11-29 21:23:24.610846
India,Maharashtra,Aurangabad,"More Chowk Waluj, Aurangabad - MPCB",30-11-2025 02:00:00,19.8389439,75.244448,PM10,51.0,123.0,82.0,2025-11-29 21:23:24.610846
India,Maharashtra,Aurangabad,"Rachnakar Colony, Aurangabad - MPCB",30-11-2025 02:00:00,19.863756,75.321188,PM10,81.0,303.0,150.0,2025-11-29 21:23:24.610846
India,Maharashtra,Aurangabad,"Rachnakar Colony, Aurangabad - MPCB",30-11-2025 02:00:00,19.863756,75.321188,SO2,6.0,38.0,15.0,2025-11-29 21:23:24.610846
India,Maharashtra,Amravati,"Shri Shivaji Science College, Amravati - MPCB",30-11-2025 02:00:00,20.939198,77.765701,NO2,11.0,104.0,38.0,2025-11-29 21:23:24.610846
India,Maharashtra,Aurangabad,"MIDC Chilkalthana, Aurangabad - MPCB",30-11-2025 02:00:00,19.87562,75.38731,PM2.5,19.0,78.0,44.0,2025-11-29 21:23:24.610846
India,Maharashtra,Amravati,"Shivneri Colony, Amravati - MPCB",30-11-2025 02:00:00,20.9402359,77.7895248,PM2.5,55.0,145.0,89.0,2025-11-29 21:23:24.610846
India,Maharashtra,Aurangabad,"More Chowk Waluj, Aurangabad - MPCB",30-11-2025 02:00:00,19.8389439,75.244448,NH3,9.0,12.0,11.0,2025-11-29 21:23:24.610846
India,Maharashtra,Belapur,"CBD Belapur, Belapur - MPCB",30-11-2025 02:00:00,19.0243902,73.0406721,PM10,56.0,155.0,102.0,2025-11-29 21:23:24.610846
India,Maharashtra,Badlapur,"Katrap, Badlapur - MPCB",30-11-2025 02:00:00,19.16485,73.23409,NH3,5.0,7.0,6.0,2025-11-29 21:23:24.610846
India,Maharashtra,Kolhapur,"Sinchan Bhavan, Kolhapur - MPCB",30-11-2025 02:00:00,16.7143745,74.2426398,NO2,17.0,99.0,52.0,2025-11-29 21:23:24.610846
India,Maharashtra,Kolhapur,"Sinchan Bhavan, Kolhapur - MPCB",30-11-2025 02:00:00,16.7143745,74.2426398,NH3,,,,2025-11-29 21:23:24.610846
India,Maharashtra,Kolhapur,"Sinchan Bhavan, Kolhapur - MPCB",30-11-2025 02:00:00,16.7143745,74.2426398,CO,26.0,92.0,67.0,2025-11-29 21:23:24.610846
India,Maharashtra,Kolhapur,"Sinchan Bhavan, Kolhapur - MPCB",30-11-2025 02:00:00,16.7143745,74.2426398,OZONE,5.0,65.0,18.0,2025-11-29 21:23:24.610846
India,Maharashtra,Latur,"Sawe Wadi, Latur - MPCB",30-11-2025 02:00:00,18.39963,76.57452,NH3,5.0,13.0,8.0,2025-11-29 21:23:24.610846
India,Maharashtra,Mahad,"Kamble Tarf Birwadi, Mahad - MPCB",30-11-2025 02:00:00,18.1023399,73.4783687,PM2.5,96.0,262.0,168.0,2025-11-29 21:23:24.610846
India,Maharashtra,Mahad,"Kamble Tarf Birwadi, Mahad - MPCB",30-11-2025 02:00:00,18.1023399,73.4783687,PM10,65.0,246.0,126.0,2025-11-29 21:23:24.610846
India,Maharashtra,Jalgaon,"Prabhat Colony, Jalgaon - MPCB",30-11-2025 02:00:00,21.001264,75.565602,PM2.5,68.0,338.0,174.0,2025-11-29 21:23:24.610846
India,Maharashtra,Jalgaon,"Prabhat Colony, Jalgaon - MPCB",30-11-2025 02:00:00,21.001264,75.565602,OZONE,2.0,88.0,21.0,2025-11-29 21:23:24.610846
India,Maharashtra,Jalna,"Old MIDC, Jalna - MPCB",30-11-2025 02:00:00,19.854616,75.905894,NO2,,,,2025-11-29 21:23:24.610846
India,Maharashtra,Jalna,"Old MIDC, Jalna - MPCB",30-11-2025 02:00:00,19.854616,75.905894,CO,,,,2025-11-29 21:23:24.610846
India,Maharashtra,Malegaon,"Mahesh Nagar, Malegaon - MPCB",30-11-2025 02:00:00,20.555712,74.529236,SO2,1.0,40.0,10.0,2025-11-29 21:23:24.610846
India,Maharashtra,Mira-Bhayandar,"Bhayandar West, Mira-Bhayandar - MPCB",30-11-2025 02:00:00,19.296481,72.840923,PM2.5,,,,2025-11-29 21:23:24.610846
India,Maharashtra,Bhiwandi,"Gokul Nagar, Bhiwandi - MPCB",30-11-2025 02:00:00,19.309073,73.057223,CO,16.0,46.0,37.0,2025-11-29 21:23:24.610846
India,Maharashtra,Boisar,"Khaira, Boisar - MPCB",30-11-2025 02:00:00,19.786089,72.757971,NH3,5.0,10.0,7.0,2025-11-29 21:23:24.610846
India,Maharashtra,Kalyan,"Khadakpada, Kalyan - MPCB",30-11-2025 02:00:00,19.25292,73.142019,NO2,36.0,36.0,36.0,2025-11-29 21:23:24.610846
India,Maharashtra,Kalyan,"Khadakpada, Kalyan - MPCB",30-11-2025 02:00:00,19.25292,73.142019,NH3,1.0,1.0,1.0,2025-11-29 21:23:24.610846
India,Maharashtra,Mumbai,"Bandra Kurla Complex, Mumbai - MPCB",30-11-2025 02:00:00,19.065931,72.862131,PM2.5,42.0,187.0,114.0,2025-11-29 21:23:24.610846
India,Maharashtra,Chandrapur,"Chauhan Colony, Chandrapur - MPCB",30-11-2025 02:00:00,19.9629,79.298714,OZONE,20.0,20.0,20.0,2025-11-29 21:23:24.610846
India,Maharashtra,Malegaon,"Mahesh Nagar, Malegaon - MPCB",30-11-2025 02:00:00,20.555712,74.529236,NO2,,,,2025-11-29 21:23:24.610846
India,Maharashtra,Dhule,"Deopur, Dhule - MPCB",30-11-2025 02:00:00,20.918946,74.776388,PM10,89.0,189.0,123.0,2025-11-29 21:23:24.610846
India,Maharashtra,Mumbai,"Khindipada-Bhandup West, Mumbai - IITM",30-11-2025 02:00:00,19.1653323,72.922099,OZONE,33.0,80.0,57.0,2025-11-29 21:23:24.610846
India,Maharashtra,Mumbai,"Kurla, Mumbai - MPCB",30-11-2025 02:00:00,19.0863,72.8888,NO2,7.0,10.0,8.0,2025-11-29 21:23:24.610846
India,Maharashtra,Mumbai,"Kurla, Mumbai - MPCB",30-11-2025 02:00:00,19.0863,72.8888,NH3,2.0,2.0,2.0,2025-11-29 21:23:24.610846
India,Maharashtra,Mumbai,"Malad West, Mumbai - IITM",30-11-2025 02:00:00,19.19709,72.82204,PM10,82.0,176.0,122.0,2025-11-29 21:23:24.610846
India,Maharashtra,Mumbai,"Deonar, Mumbai - IITM",30-11-2025 02:00:00,19.04946,72.923,OZONE,1.0,28.0,6.0,2025-11-29 21:23:24.610846
India,Maharashtra,Mumbai,"Ghatkopar, Mumbai - BMC",30-11-2025 02:00:00,19.083694,72.920967,PM2.5,35.0,167.0,82.0,2025-11-29 21:23:24.610846
India,Maharashtra,Mumbai,"Ghatkopar, Mumbai - BMC",30-11-2025 02:00:00,19.083694,72.920967,PM10,74.0,153.0,114.0,2025-11-29 21:23:24.610846
India,Maharashtra,Mumbai,"Bandra Kurla Complex, Mumbai - MPCB",30-11-2025 02:00:00,19.065931,72.862131,OZONE,1.0,68.0,5.0,2025-11-29 21:23:24.610846
India,Maharashtra,Mumbai,"Borivali East, Mumbai - IITM",30-11-2025 02:00:00,19.23241,72.86895,OZONE,15.0,80.0,36.0,2025-11-29 21:23:24.610846
India,Maharashtra,Mumbai,"Borivali East, Mumbai - MPCB",30-11-2025 02:00:00,19.2243333,72.8658113,OZONE,,,,2025-11-29 21:23:24.610846
India,Maharashtra,Mumbai,"Byculla, Mumbai - BMC",30-11-2025 02:00:00,18.9767,72.838,PM2.5,64.0,208.0,126.0,2025-11-29 21:23:24.610846
India,Maharashtra,Mumbai,"Chembur, Mumbai - MPCB",30-11-2025 02:00:00,19.0364585,72.8954371,NH3,1.0,8.0,4.0,2025-11-29 21:23:24.610846
India,Maharashtra,Mumbai,"Colaba, Mumbai - MPCB",30-11-2025 02:00:00,18.91,72.82,PM10,41.0,83.0,61.0,2025-11-29 21:23:24.610846
India,Maharashtra,Mumbai,"Deonar, Mumbai - IITM",30-11-2025 02:00:00,19.04946,72.923,PM2.5,4.0,239.0,132.0,2025-11-29 21:23:24.610846
India,Maharashtra,Mumbai,"Sewri, Mumbai - BMC",30-11-2025 02:00:00,19.000084,72.85673,NO2,1.0,9.0,2.0,2025-11-29 21:23:24.610846
India,Maharashtra,Mumbai,"Sewri, Mumbai - BMC",30-11-2025 02:00:00,19.000084,72.85673,SO2,1.0,83.0,31.0,2025-11-29 21:23:24.610846
India,Maharashtra,Mumbai,"Shivaji Nagar, Mumbai - BMC",30-11-2025 02:00:00,19.060498,72.923356,PM2.5,3.0,129.0,76.0,2025-11-29 21:23:24.610846
India,Maharashtra,Mumbai,"Siddharth Nagar-Worli, Mumbai - IITM",30-11-2025 02:00:00,19.000083,72.813993,PM10,54.0,153.0,118.0,2025-11-29 21:23:24.610846
India,Maharashtra,Mumbai,"Siddharth Nagar-Worli, Mumbai - IITM",30-11-2025 02:00:00,19.000083,72.813993,CO,18.0,40.0,30.0,2025-11-29 21:23:24.610846
India,Maharashtra,Nagpur,"Ambazari, Nagpur - MPCB",30-11-2025 02:00:00,21.121801,79.04952,PM10,87.0,115.0,99.0,2025-11-29 21:23:24.610846
India,Maharashtra,Nagpur,"Ambazari, Nagpur - MPCB",30-11-2025 02:00:00,21.121801,79.04952,NO2,17.0,93.0,31.0,2025-11-29 21:23:24.610846
India,Maharashtra,Nagpur,"Mahal, Nagpur - MPCB",30-11-2025 02:00:00,21.14472,79.107595,PM2.5,96.0,248.0,147.0,2025-11-29 21:23:24.610846
India,Maharashtra,Nagpur,"Mahal, Nagpur - MPCB",30-11-2025 02:00:00,21.14472,79.107595,NO2,23.0,104.0,53.0,2025-11-29 21:23:24.610846
India,Maharashtra,Nagpur,"Mahal, Nagpur - MPCB",30-11-2025 02:00:00,21.14472,79.107595,NH3,4.0,5.0,4.0,2025-11-29 21:23:24.610846
India,Maharashtra,Mumbai,"Mulund West, Mumbai - MPCB",30-11-2025 02:00:00,19.175,72.9419,PM2.5,25.0,88.0,53.0,2025-11-29 21:23:24.610846
India,Maharashtra,Mumbai,"Mulund West, Mumbai - MPCB",30-11-2025 02:00:00,19.175,72.9419,SO2,,,,2025-11-29 21:23:24.610846
India,Maharashtra,Mumbai,"Navy Nagar-Colaba, Mumbai - IITM",30-11-2025 02:00:00,18.897756,72.81332,PM10,72.0,169.0,120.0,2025-11-29 21:23:24.610846
India,Maharashtra,Mumbai,"Navy Nagar-Colaba, Mumbai - IITM",30-11-2025 02:00:00,18.897756,72.81332,NH3,5.0,12.0,8.0,2025-11-29 21:23:24.610846
India,Maharashtra,Mumbai,"Vile Parle West, Mumbai - MPCB",30-11-2025 02:00:00,19.10861,72.83622,CO,24.0,26.0,24.0,2025-11-29 21:23:24.610846
India,Maharashtra,Mumbai,"Worli, Mumbai - MPCB",30-11-2025 02:00:00,18.9936162,72.8128113,NH3,1.0,2.0,1.0,2025-11-29 21:23:24.610846
India,Maharashtra,Nagpur,"Opp GPO Civil Lines, Nagpur - MPCB",30-11-2025 02:00:00,21.152875,79.0517531,CO,14.0,113.0,81.0,2025-11-29 21:23:24.610846
India,Maharashtra,Mumbai,"Vile Parle West, Mumbai - MPCB",30-11-2025 02:00:00,19.10861,72.83622,PM10,84.0,153.0,107.0,2025-11-29 21:23:24.610846
India,Maharashtra,Nagpur,"Ram Nagar, Nagpur - MPCB",30-11-2025 02:00:00,21.143383,79.048912,OZONE,5.0,91.0,19.0,2025-11-29 21:23:24.610846
India,Maharashtra,Nanded,"Sneh Nagar, Nanded - MPCB",30-11-2025 02:00:00,19.173852,77.296291,NH3,4.0,5.0,4.0,2025-11-29 21:23:24.610846
India,Maharashtra,Mumbai,"Mazgaon, Mumbai - IITM",30-11-2025 02:00:00,18.96702,72.84214,NH3,9.0,16.0,13.0,2025-11-29 21:23:24.610846
India,Maharashtra,Nanded,"Sneh Nagar, Nanded - MPCB",30-11-2025 02:00:00,19.173852,77.296291,CO,20.0,26.0,23.0,2025-11-29 21:23:24.610846
India,Maharashtra,Nashik,"Hirawadi, Nashik - MPCB",30-11-2025 02:00:00,20.021503,73.813844,PM10,84.0,121.0,97.0,2025-11-29 21:23:24.610846
India,Andhra_Pradesh,Vijayawada,"Rajiv Gandhi Park, Vijayawada - APPCB",30-11-2025 02:00:00,16.509717,80.612222,PM2.5,44.0,59.0,50.0,2025-11-29 21:23:24.610846
India,Andhra_Pradesh,Vijayawada,"Rajiv Gandhi Park, Vijayawada - APPCB",30-11-2025 02:00:00,16.509717,80.612222,CO,36.0,37.0,37.0,2025-11-29 21:23:24.610846
India,Andhra_Pradesh,Visakhapatnam,"GVM Corporation, Visakhapatnam - APPCB",30-11-2025 02:00:00,17.72,83.3,PM2.5,37.0,95.0,63.0,2025-11-29 21:23:24.610846
India,Andhra_Pradesh,Visakhapatnam,"GVM Corporation, Visakhapatnam - APPCB",30-11-2025 02:00:00,17.72,83.3,NO2,12.0,48.0,27.0,2025-11-29 21:23:24.610846
India,Andhra_Pradesh,Visakhapatnam,"GVM Corporation, Visakhapatnam - APPCB",30-11-2025 02:00:00,17.72,83.3,OZONE,6.0,55.0,29.0,2025-11-29 21:23:24.610846
India,Arunachal_Pradesh,Naharlagun,"Naharlagun, Naharlagun - APSPCB",30-11-2025 02:00:00,27.103358,93.679645,PM10,27.0,197.0,106.0,2025-11-29 21:23:24.610846
India,Andaman and Nicobar,Sri Vijaya Puram,"Police Line, Sri Vijaya Puram - ANPCC",30-11-2025 02:00:00,11.654054,92.734055,PM2.5,,,,2025-11-29 21:23:24.610846
India,Andaman and Nicobar,Sri Vijaya Puram,"Police Line, Sri Vijaya Puram - ANPCC",30-11-2025 02:00:00,11.654054,92.734055,NO2,,,,2025-11-29 21:23:24.610846
India,Andaman and Nicobar,Sri Vijaya Puram,"Police Line, Sri Vijaya Puram - ANPCC",30-11-2025 02:00:00,11.654054,92.734055,NH3,,,,2025-11-29 21:23:24.610846
India,Andaman and Nicobar,Sri Vijaya Puram,"Police Line, Sri Vijaya Puram - ANPCC",30-11-2025 02:00:00,11.654054,92.734055,OZONE,,,,2025-11-29 21:23:24.610846
India,Andhra_Pradesh,Anantapur,"Gulzarpet, Anantapur - APPCB",30-11-2025 02:00:00,14.675886,77.593027,NO2,20.0,26.0,22.0,2025-11-29 21:23:24.610846
India,Andhra_Pradesh,Anantapur,"Gulzarpet, Anantapur - APPCB",30-11-2025 02:00:00,14.675886,77.593027,SO2,12.0,17.0,13.0,2025-11-29 21:23:24.610846
India,Andhra_Pradesh,Anantapur,"Gulzarpet, Anantapur - APPCB",30-11-2025 02:00:00,14.675886,77.593027,OZONE,25.0,69.0,45.0,2025-11-29 21:23:24.610846
India,Assam,Guwahati,"Pan Bazaar, Guwahati - PCBA",30-11-2025 02:00:00,26.1875,91.744194,PM2.5,39.0,171.0,86.0,2025-11-29 21:23:24.610846
India,Assam,Guwahati,"Pan Bazaar, Guwahati - PCBA",30-11-2025 02:00:00,26.1875,91.744194,OZONE,17.0,18.0,18.0,2025-11-29 21:23:24.610846
India,Assam,Guwahati,"Railway Colony, Guwahati - PCBA",30-11-2025 02:00:00,26.181742,91.78063,SO2,31.0,34.0,33.0,2025-11-29 21:23:24.610846
India,Assam,Nalbari,"Bata Chowk, Nalbari - PCBA",30-11-2025 02:00:00,26.446912,91.439057,PM2.5,42.0,335.0,155.0,2025-11-29 21:23:24.610846
India,Assam,Nalbari,"Bata Chowk, Nalbari - PCBA",30-11-2025 02:00:00,26.446912,91.439057,NH3,6.0,6.0,6.0,2025-11-29 21:23:24.610846
India,Assam,Nalbari,"Bata Chowk, Nalbari - PCBA",30-11-2025 02:00:00,26.446912,91.439057,SO2,7.0,8.0,8.0,2025-11-29 21:23:24.610846
India,Assam,Silchar,"Tarapur, Silchar - PCBA",30-11-2025 02:00:00,24.82827,92.79525,NH3,1.0,2.0,1.0,2025-11-29 21:23:24.610846
India,Assam,Silchar,"Tarapur, Silchar - PCBA",30-11-2025 02:00:00,24.82827,92.79525,CO,26.0,52.0,41.0,2025-11-29 21:23:24.610846
India,Assam,Silchar,"Tarapur, Silchar - PCBA",30-11-2025 02:00:00,24.82827,92.79525,OZONE,1.0,9.0,1.0,2025-11-29 21:23:24.610846
India,Andhra_Pradesh,Kadapa,"Yerramukkapalli, Kadapa - APPCB",30-11-2025 02:00:00,14.465052,78.824187,PM2.5,,,,2025-11-29 21:23:24.610846
India,Andhra_Pradesh,Kadapa,"Yerramukkapalli, Kadapa - APPCB",30-11-2025 02:00:00,14.465052,78.824187,SO2,,,,2025-11-29 21:23:24.610846
India,Andhra_Pradesh,Rajamahendravaram,"Anand Kala Kshetram, Rajamahendravaram - APPCB",30-11-2025 02:00:00,16.9872867,81.7363176,PM2.5,27.0,94.0,55.0,2025-11-29 21:23:24.610846
India,Andhra_Pradesh,Tirumala,"Toll Gate, Tirumala - APPCB",30-11-2025 02:00:00,13.67,79.35,SO2,6.0,7.0,6.0,2025-11-29 21:23:24.610846
India,Andhra_Pradesh,Tirumala,"Toll Gate, Tirumala - APPCB",30-11-2025 02:00:00,13.67,79.35,CO,18.0,42.0,26.0,2025-11-29 21:23:24.610846
India,Andhra_Pradesh,Tirumala,"Toll Gate, Tirumala - APPCB",30-11-2025 02:00:00,13.67,79.35,OZONE,2.0,80.0,31.0,2025-11-29 21:23:24.610846
India,Assam,Byrnihat,"Central Academy for SFS, Byrnihat - PCBA",30-11-2025 02:00:00,26.071318,91.87488,NO2,5.0,8.0,7.0,2025-11-29 21:23:24.610846
India,Assam,Byrnihat,"Central Academy for SFS, Byrnihat - PCBA",30-11-2025 02:00:00,26.071318,91.87488,SO2,5.0,7.0,6.0,2025-11-29 21:23:24.610846
India,Andhra_Pradesh,Chittoor,"Gangineni Cheruvu, Chittoor - APPCB",30-11-2025 02:00:00,13.20488,79.097889,PM2.5,74.0,189.0,120.0,2025-11-29 21:23:24.610846
India,Bihar,Aurangabad,"Gurdeo Nagar, Aurangabad - BSPCB",30-11-2025 02:00:00,24.75746,84.366208,NO2,,,,2025-11-29 21:23:24.610846
India,Bihar,Arrah,"New DM Office, Arrah - BSPCB",30-11-2025 02:00:00,25.5626095,84.663264,OZONE,7.0,8.0,8.0,2025-11-29 21:23:24.610846
India,Bihar,Gaya,"Collectorate, Gaya - BSPCB",30-11-2025 02:00:00,24.7955,84.9994,NO2,,,,2025-11-29 21:23:24.610846
India,Bihar,Gaya,"Collectorate, Gaya - BSPCB",30-11-2025 02:00:00,24.7955,84.9994,CO,23.0,69.0,42.0,2025-11-29 21:23:24.610846
India,Bihar,Gaya,"Kareemganj, Gaya - BSPCB",30-11-2025 02:00:00,24.792403,84.992416,SO2,14.0,17.0,15.0,2025-11-29 21:23:24.610846
India,Bihar,Gaya,"Kareemganj, Gaya - BSPCB",30-11-2025 02:00:00,24.792403,84.992416,CO,36.0,42.0,37.0,2025-11-29 21:23:24.610846
India,Bihar,Gaya,"Kareemganj, Gaya - BSPCB",30-11-2025 02:00:00,24.792403,84.992416,OZONE,1.0,26.0,9.0,2025-11-29 21:23:24.610846
India,Bihar,Bhagalpur,"DM Office_Kachari Chowk, Bhagalpur - BSPCB",30-11-2025 02:00:00,25.251013,86.989001,NH3,1.0,1.0,1.0,2025-11-29 21:23:24.610846
India,Bihar,Bhagalpur,"DM Office_Kachari Chowk, Bhagalpur - BSPCB",30-11-2025 02:00:00,25.251013,86.989001,CO,13.0,17.0,15.0,2025-11-29 21:23:24.610846
India,Bihar,Bhagalpur,"Mayaganj, Bhagalpur - BSPCB",30-11-2025 02:00:00,25.265194,87.012947,NO2,6.0,10.0,7.0,2025-11-29 21:23:24.610846
India,Bihar,Buxar,"Charitra Van, Buxar - BSPCB",30-11-2025 02:00:00,25.56752,83.966379,OZONE,10.0,126.0,64.0,2025-11-29 21:23:24.610846
India,Bihar,Chhapra,"Darshan Nagar, Chhapra - BSPCB",30-11-2025 02:00:00,25.7808257,84.7446768,NO2,2.0,3.0,2.0,2025-11-29 21:23:24.610846
India,Bihar,Begusarai,"Lohiyanagar, Begusarai - BSPCB",30-11-2025 02:00:00,25.42742023,86.13886079,PM2.5,57.0,314.0,85.0,2025-11-29 21:23:24.610846
India,Bihar,Bettiah,"Kamalnath Nagar, Bettiah - BSPCB",30-11-2025 02:00:00,26.80365,84.51954,PM2.5,35.0,230.0,101.0,2025-11-29 21:23:24.610846
India,Bihar,Bihar Sharif,"D M Colony, Bihar Sharif - BSPCB",30-11-2025 02:00:00,25.204762,85.51496,SO2,10.0,10.0,10.0,2025-11-29 21:23:24.610846
India,Bihar,Bettiah,"Kamalnath Nagar, Bettiah - BSPCB",30-11-2025 02:00:00,26.80365,84.51954,CO,50.0,108.0,99.0,2025-11-29 21:23:24.610846
India,Bihar,Chhapra,"Darshan Nagar, Chhapra - BSPCB",30-11-2025 02:00:00,25.7808257,84.7446768,SO2,20.0,22.0,20.0,2025-11-29 21:23:24.610846
India,Bihar,Aurangabad,"Gurdeo Nagar, Aurangabad - BSPCB",30-11-2025 02:00:00,24.75746,84.366208,SO2,,,,2025-11-29 21:23:24.610846
India,Bihar,Katihar,"Mirchaibari, Katihar - BSPCB",30-11-2025 02:00:00,25.560083,87.553265,CO,42.0,84.0,66.0,2025-11-29 21:23:24.610846
India,Bihar,Kishanganj,"SDM Office_Khagra, Kishanganj - BSPCB",30-11-2025 02:00:00,26.0881305,87.93840336,PM10,40.0,157.0,100.0,2025-11-29 21:23:24.610846
India,Bihar,Kishanganj,"SDM Office_Khagra, Kishanganj - BSPCB",30-11-2025 02:00:00,26.0881305,87.93840336,NO2,10.0,14.0,11.0,2025-11-29 21:23:24.610846
India,Bihar,Kishanganj,"SDM Office_Khagra, Kishanganj - BSPCB",30-11-2025 02:00:00,26.0881305,87.93840336,SO2,5.0,8.0,7.0,2025-11-29 21:23:24.610846
India,Bihar,Manguraha,"Forest Rest House, Manguraha - BSPCB",30-11-2025 02:00:00,27.308328,84.531742,PM10,27.0,157.0,53.0,2025-11-29 21:23:24.610846
India,Bihar,Motihari,"Gandak Colony, Motihari - BSPCB",30-11-2025 02:00:00,26.63086,84.90051,NH3,3.0,3.0,3.0,2025-11-29 21:23:24.610846
India,Bihar,Munger,"Town Hall, Munger - BSPCB",30-11-2025 02:00:00,25.376776,86.471523,PM2.5,55.0,374.0,135.0,2025-11-29 21:23:24.610846
India,Bihar,Munger,"Town Hall, Munger - BSPCB",30-11-2025 02:00:00,25.376776,86.471523,NH3,5.0,8.0,6.0,2025-11-29 21:23:24.610846
India,Bihar,Munger,"Town Hall, Munger - BSPCB",30-11-2025 02:00:00,25.376776,86.471523,CO,22.0,48.0,40.0,2025-11-29 21:23:24.610846
India,Bihar,Muzaffarpur,"Buddha Colony, Muzaffarpur - BSPCB",30-11-2025 02:00:00,26.11442,85.39813,PM10,56.0,118.0,96.0,2025-11-29 21:23:24.610846
India,Bihar,Muzaffarpur,"Buddha Colony, Muzaffarpur - BSPCB",30-11-2025 02:00:00,26.11442,85.39813,NH3,7.0,10.0,8.0,2025-11-29 21:23:24.610846
India,Bihar,Muzaffarpur,"Buddha Colony, Muzaffarpur - BSPCB",30-11-2025 02:00:00,26.11442,85.39813,SO2,6.0,9.0,7.0,2025-11-29 21:23:24.610846
India,Bihar,Muzaffarpur,"Muzaffarpur Collectorate, Muzaffarpur - BSPCB",30-11-2025 02:00:00,26.1209,85.3647,PM2.5,77.0,97.0,85.0,2025-11-29 21:23:24.610846
India,Bihar,Muzaffarpur,"Muzaffarpur Collectorate, Muzaffarpur - BSPCB",30-11-2025 02:00:00,26.1209,85.3647,SO2,4.0,7.0,4.0,2025-11-29 21:23:24.610846
India,Bihar,Patna,"DRM Office Danapur, Patna - BSPCB",30-11-2025 02:00:00,25.586562,85.043586,NH3,5.0,15.0,7.0,2025-11-29 21:23:24.610846
India,Bihar,Patna,"Govt. High School Shikarpur, Patna - BSPCB",30-11-2025 02:00:00,25.592539,85.227158,CO,32.0,82.0,73.0,2025-11-29 21:23:24.610846
India,Bihar,Patna,"IGSC Planetarium Complex, Patna - BSPCB",30-11-2025 02:00:00,25.610369,85.132568,PM2.5,15.0,160.0,87.0,2025-11-29 21:23:24.610846
India,Bihar,Gaya,"SFTI Kusdihra, Gaya - BSPCB",30-11-2025 02:00:00,24.762518,84.982348,NO2,20.0,25.0,23.0,2025-11-29 21:23:24.610846
India,Bihar,Hajipur,"Industrial Area, Hajipur - BSPCB",30-11-2025 02:00:00,25.697189,85.2459,NH3,3.0,10.0,8.0,2025-11-29 21:23:24.610846
India,Bihar,Patna,"Rajbansi Nagar, Patna - BSPCB",30-11-2025 02:00:00,25.599486,85.113666,OZONE,22.0,28.0,25.0,2025-11-29 21:23:24.610846
India,Bihar,Patna,"Samanpura, Patna - BSPCB",30-11-2025 02:00:00,25.596727,85.085624,PM10,95.0,153.0,128.0,2025-11-29 21:23:24.610846
India,Bihar,Katihar,"Mirchaibari, Katihar - BSPCB",30-11-2025 02:00:00,25.560083,87.553265,NO2,12.0,20.0,16.0,2025-11-29 21:23:24.610846
India,Bihar,Patna,"Muradpur, Patna - BSPCB",30-11-2025 02:00:00,25.619651,85.147382,PM10,75.0,162.0,110.0,2025-11-29 21:23:24.610846
India,Bihar,Patna,"Muradpur, Patna - BSPCB",30-11-2025 02:00:00,25.619651,85.147382,CO,32.0,62.0,48.0,2025-11-29 21:23:24.610846
India,Bihar,Sasaram,"Dada Peer, Sasaram - BSPCB",30-11-2025 02:00:00,24.952822,84.002396,CO,45.0,117.0,53.0,2025-11-29 21:23:24.610846
India,Bihar,Siwan,"Chitragupta Nagar, Siwan - BSPCB",30-11-2025 02:00:00,26.2271665,84.3570427,NO2,,,,2025-11-29 21:23:24.610846
India,Bihar,Siwan,"Chitragupta Nagar, Siwan - BSPCB",30-11-2025 02:00:00,26.2271665,84.3570427,OZONE,6.0,7.0,6.0,2025-11-29 21:23:24.610846
India,Chandigarh,Chandigarh,"Sector 22, Chandigarh - CPCC",30-11-2025 02:00:00,30.735567,76.775714,PM2.5,,,,2025-11-29 21:23:24.610846
India,Chandigarh,Chandigarh,"Sector 22, Chandigarh - CPCC",30-11-2025 02:00:00,30.735567,76.775714,NO2,,,,2025-11-29 21:23:24.610846
India,Chandigarh,Chandigarh,"Sector 22, Chandigarh - CPCC",30-11-2025 02:00:00,30.735567,76.775714,CO,,,,2025-11-29 21:23:24.610846
India,Chhattisgarh,Korba,"Rampur, Korba - CECB",30-11-2025 02:00:00,22.368195,82.746431,OZONE,2.0,5.0,2.0,2025-11-29 21:23:24.610846
India,Chhattisgarh,Korba,"Urja Nagar, Korba - CECB",30-11-2025 02:00:00,22.348441,82.549611,PM10,92.0,93.0,93.0,2025-11-29 21:23:24.610846
India,Chhattisgarh,Korba,"Urja Nagar, Korba - CECB",30-11-2025 02:00:00,22.348441,82.549611,CO,24.0,38.0,30.0,2025-11-29 21:23:24.610846
India,Chhattisgarh,Kunjemura,"OP Jindal School, Kunjemura - CECB",30-11-2025 02:00:00,22.12665,83.483212,CO,23.0,45.0,30.0,2025-11-29 21:23:24.610846
India,Chhattisgarh,Raipur,"AIIMS, Raipur - CECB",30-11-2025 02:00:00,21.258815,81.578979,PM2.5,46.0,216.0,141.0,2025-11-29 21:23:24.610846
India,Chhattisgarh,Chhal,"Nawapara SECL Colony, Chhal - CECB",30-11-2025 02:00:00,22.118125,83.140608,PM10,31.0,150.0,72.0,2025-11-29 21:23:24.610846
India,Chhattisgarh,Chhal,"Nawapara SECL Colony, Chhal - CECB",30-11-2025 02:00:00,22.118125,83.140608,NH3,5.0,5.0,5.0,2025-11-29 21:23:24.610846
India,Chhattisgarh,Korba,"Rampur, Korba - CECB",30-11-2025 02:00:00,22.368195,82.746431,NO2,14.0,19.0,16.0,2025-11-29 21:23:24.610846
India,Chhattisgarh,Korba,"Rampur, Korba - CECB",30-11-2025 02:00:00,22.368195,82.746431,SO2,7.0,14.0,10.0,2025-11-29 21:23:24.610846
India,Chhattisgarh,Korba,"Rampur, Korba - CECB",30-11-2025 02:00:00,22.368195,82.746431,CO,21.0,39.0,25.0,2025-11-29 21:23:24.610846
India,Chhattisgarh,Raipur,"AIIMS, Raipur - CECB",30-11-2025 02:00:00,21.258815,81.578979,NH3,1.0,1.0,1.0,2025-11-29 21:23:24.610846
India,Chhattisgarh,Raipur,"AIIMS, Raipur - CECB",30-11-2025 02:00:00,21.258815,81.578979,CO,26.0,65.0,51.0,2025-11-29 21:23:24.610846
India,Chhattisgarh,Raipur,"Bhatagaon New ISBT, Raipur - CECB",30-11-2025 02:00:00,21.219665,81.630094,SO2,6.0,16.0,8.0,2025-11-29 21:23:24.610846
India,Bihar,Rajgir,"Dangi Tola, Rajgir - BSPCB",30-11-2025 02:00:00,25.0328,85.41948,NH3,6.0,7.0,6.0,2025-11-29 21:23:24.610846
India,Bihar,Saharsa,"Police Line, Saharsa - BSPCB",30-11-2025 02:00:00,25.892357,86.590325,PM2.5,47.0,147.0,85.0,2025-11-29 21:23:24.610846
India,Chandigarh,Chandigarh,"Sector-25, Chandigarh - CPCC",30-11-2025 02:00:00,30.751462,76.762879,CO,20.0,60.0,50.0,2025-11-29 21:23:24.610846
India,Chhattisgarh,Bhilai,"32Bungalows, Bhilai - CECB",30-11-2025 02:00:00,21.194815,81.31477,PM2.5,26.0,50.0,38.0,2025-11-29 21:23:24.610846
India,Bihar,Samastipur,"DM Office_Kasipur, Samastipur - BSPCB",30-11-2025 02:00:00,25.859655,85.77944,NH3,1.0,1.0,1.0,2025-11-29 21:23:24.610846
India,Bihar,Saharsa,"Police Line, Saharsa - BSPCB",30-11-2025 02:00:00,25.892357,86.590325,OZONE,6.0,13.0,10.0,2025-11-29 21:23:24.610846
India,Bihar,Rajgir,"Dangi Tola, Rajgir - BSPCB",30-11-2025 02:00:00,25.0328,85.41948,PM2.5,45.0,127.0,76.0,2025-11-29 21:23:24.610846
India,Chhattisgarh,Raipur,"Siltara Phase-II, Raipur - CECB",30-11-2025 02:00:00,21.371751,81.664929,NH3,3.0,3.0,3.0,2025-11-29 21:23:24.610846
India,Chhattisgarh,Raipur,"Siltara Phase-II, Raipur - CECB",30-11-2025 02:00:00,21.371751,81.664929,OZONE,3.0,8.0,3.0,2025-11-29 21:23:24.610846
India,Chhattisgarh,Tumidih,"OP Jindal Industrial Park, Tumidih - CECB",30-11-2025 02:00:00,22.06631475,83.33820077,PM10,46.0,275.0,100.0,2025-11-29 21:23:24.610846
India,Chhattisgarh,Tumidih,"OP Jindal Industrial Park, Tumidih - CECB",30-11-2025 02:00:00,22.06631475,83.33820077,CO,16.0,60.0,39.0,2025-11-29 21:23:24.610846
India,Delhi,Delhi,"Anand Vihar, Delhi - DPCC",30-11-2025 02:00:00,28.647622,77.315809,NH3,12.0,19.0,15.0,2025-11-29 21:23:24.610846
India,Delhi,Delhi,"Dr. Karni Singh Shooting Range, Delhi - DPCC",30-11-2025 02:00:00,28.498571,77.26484,SO2,9.0,20.0,12.0,2025-11-29 21:23:24.610846
India,Delhi,Delhi,"Dr. Karni Singh Shooting Range, Delhi - DPCC",30-11-2025 02:00:00,28.498571,77.26484,OZONE,7.0,53.0,12.0,2025-11-29 21:23:24.610846
India,Delhi,Delhi,"Dwarka-Sector 8, Delhi - DPCC ",30-11-2025 02:00:00,28.5710274,77.0719006,PM2.5,88.0,392.0,289.0,2025-11-29 21:23:24.610846
India,Delhi,Delhi,"Dwarka-Sector 8, Delhi - DPCC ",30-11-2025 02:00:00,28.5710274,77.0719006,NO2,41.0,132.0,90.0,2025-11-29 21:23:24.610846
India,Delhi,Delhi,"Dwarka-Sector 8, Delhi - DPCC ",30-11-2025 02:00:00,28.5710274,77.0719006,CO,32.0,136.0,114.0,2025-11-29 21:23:24.610846
India,Delhi,Delhi,"IGI Airport (T3), Delhi - IMD",30-11-2025 02:00:00,28.5627763,77.1180053,CO,4.0,92.0,51.0,2025-11-29 21:23:24.610846
India,Delhi,Delhi,"Ashok Vihar, Delhi - DPCC",30-11-2025 02:00:00,28.695381,77.181665,NH3,6.0,7.0,6.0,2025-11-29 21:23:24.610846
India,Delhi,Delhi,"Ashok Vihar, Delhi - DPCC",30-11-2025 02:00:00,28.695381,77.181665,OZONE,5.0,104.0,17.0,2025-11-29 21:23:24.610846
India,Delhi,Delhi,"Bawana, Delhi - DPCC",30-11-2025 02:00:00,28.7762,77.051074,PM10,121.0,281.0,192.0,2025-11-29 21:23:24.610846
India,Delhi,Delhi,"CRRI Mathura Road, Delhi - IMD",30-11-2025 02:00:00,28.5512005,77.2735737,PM2.5,82.0,350.0,264.0,2025-11-29 21:23:24.610846
India,Delhi,Delhi,"CRRI Mathura Road, Delhi - IMD",30-11-2025 02:00:00,28.5512005,77.2735737,CO,29.0,106.0,75.0,2025-11-29 21:23:24.610846
India,Delhi,Delhi,"DTU, Delhi - CPCB",30-11-2025 02:00:00,28.7500499,77.1112615,PM10,98.0,292.0,182.0,2025-11-29 21:23:24.610846
India,Delhi,Delhi,"DTU, Delhi - CPCB",30-11-2025 02:00:00,28.7500499,77.1112615,OZONE,19.0,34.0,21.0,2025-11-29 21:23:24.610846
India,Delhi,Delhi,"Chandni Chowk, Delhi - IITM",30-11-2025 02:00:00,28.656756,77.227234,NO2,45.0,82.0,58.0,2025-11-29 21:23:24.610846
India,Delhi,Delhi,"Chandni Chowk, Delhi - IITM",30-11-2025 02:00:00,28.656756,77.227234,NH3,8.0,17.0,11.0,2025-11-29 21:23:24.610846
India,Delhi,Delhi,"Bawana, Delhi - DPCC",30-11-2025 02:00:00,28.7762,77.051074,SO2,5.0,22.0,9.0,2025-11-29 21:23:24.610846
India,Delhi,Delhi,"Major Dhyan Chand National Stadium, Delhi - DPCC",30-11-2025 02:00:00,28.611281,77.237738,SO2,5.0,30.0,15.0,2025-11-29 21:23:24.610846
India,Delhi,Delhi,"Mandir Marg, Delhi - DPCC",30-11-2025 02:00:00,28.636429,77.201067,PM10,113.0,252.0,164.0,2025-11-29 21:23:24.610846
India,Delhi,Delhi,"NSIT Dwarka, Delhi - CPCB",30-11-2025 02:00:00,28.60909,77.0325413,NH3,8.0,35.0,16.0,2025-11-29 21:23:24.610846
India,Delhi,Delhi,"NSIT Dwarka, Delhi - CPCB",30-11-2025 02:00:00,28.60909,77.0325413,SO2,7.0,42.0,27.0,2025-11-29 21:23:24.610846
India,Delhi,Delhi,"NSIT Dwarka, Delhi - CPCB",30-11-2025 02:00:00,28.60909,77.0325413,CO,48.0,104.0,81.0,2025-11-29 21:23:24.610846
India,Delhi,Delhi,"Jahangirpuri, Delhi - DPCC",30-11-2025 02:00:00,28.73282,77.170633,PM10,,,,2025-11-29 21:23:24.610846
India,Delhi,Delhi,"Jahangirpuri, Delhi - DPCC",30-11-2025 02:00:00,28.73282,77.170633,NO2,90.0,145.0,127.0,2025-11-29 21:23:24.610846
India,Delhi,Delhi,"ITO, Delhi - CPCB",30-11-2025 02:00:00,28.628624,77.24106,NH3,3.0,6.0,4.0,2025-11-29 21:23:24.610846
India,Delhi,Delhi,"ITO, Delhi - CPCB",30-11-2025 02:00:00,28.628624,77.24106,CO,19.0,129.0,97.0,2025-11-29 21:23:24.610846
India,Delhi,Delhi,"Jawaharlal Nehru Stadium, Delhi - DPCC",30-11-2025 02:00:00,28.58028,77.233829,OZONE,7.0,8.0,7.0,2025-11-29 21:23:24.610846
India,Delhi,Delhi,"Lodhi Road, Delhi - IMD",30-11-2025 02:00:00,28.5918245,77.2273074,PM2.5,106.0,337.0,252.0,2025-11-29 21:23:24.610846
India,Delhi,Delhi,"Lodhi Road, Delhi - IMD",30-11-2025 02:00:00,28.5918245,77.2273074,OZONE,9.0,100.0,20.0,2025-11-29 21:23:24.610846
India,Delhi,Delhi,"Jahangirpuri, Delhi - DPCC",30-11-2025 02:00:00,28.73282,77.170633,OZONE,2.0,110.0,12.0,2025-11-29 21:23:24.610846
India,Delhi,Delhi,"Mandir Marg, Delhi - DPCC",30-11-2025 02:00:00,28.636429,77.201067,OZONE,4.0,94.0,10.0,2025-11-29 21:23:24.610846
India,Delhi,Delhi,"Okhla Phase-2, Delhi - DPCC",30-11-2025 02:00:00,28.530785,77.271255,OZONE,7.0,172.0,64.0,2025-11-29 21:23:24.610846
India,Delhi,Delhi,"Patparganj, Delhi - DPCC",30-11-2025 02:00:00,28.623763,77.287209,CO,23.0,130.0,103.0,2025-11-29 21:23:24.610846
India,Delhi,Delhi,"Punjabi Bagh, Delhi - DPCC",30-11-2025 02:00:00,28.674045,77.131023,PM10,122.0,268.0,204.0,2025-11-29 21:23:24.610846
India,Delhi,Delhi,"Pusa, Delhi - DPCC",30-11-2025 02:00:00,28.639652,77.146275,PM2.5,123.0,374.0,286.0,2025-11-29 21:23:24.610846
India,Delhi,Delhi,"Pusa, Delhi - DPCC",30-11-2025 02:00:00,28.639652,77.146275,NO2,47.0,158.0,102.0,2025-11-29 21:23:24.610846
India,Delhi,Delhi,"Pusa, Delhi - DPCC",30-11-2025 02:00:00,28.639652,77.146275,SO2,3.0,10.0,6.0,2025-11-29 21:23:24.610846
India,Delhi,Delhi,"Pusa, Delhi - DPCC",30-11-2025 02:00:00,28.639652,77.146275,CO,53.0,102.0,85.0,2025-11-29 21:23:24.610846
India,Delhi,Delhi,"Pusa, Delhi - IMD",30-11-2025 02:00:00,28.63611,77.173332,NO2,14.0,104.0,60.0,2025-11-29 21:23:24.610846
India,Delhi,Delhi,"Nehru Nagar, Delhi - DPCC",30-11-2025 02:00:00,28.56789,77.250515,NO2,42.0,106.0,76.0,2025-11-29 21:23:24.610846
India,Delhi,Delhi,"Nehru Nagar, Delhi - DPCC",30-11-2025 02:00:00,28.56789,77.250515,NH3,11.0,18.0,15.0,2025-11-29 21:23:24.610846
India,Delhi,Delhi,"Nehru Nagar, Delhi - DPCC",30-11-2025 02:00:00,28.56789,77.250515,SO2,4.0,34.0,19.0,2025-11-29 21:23:24.610846
India,Delhi,Delhi,"Nehru Nagar, Delhi - DPCC",30-11-2025 02:00:00,28.56789,77.250515,OZONE,2.0,153.0,19.0,2025-11-29 21:23:24.610846
India,Delhi,Delhi,"North Campus, DU, Delhi - IMD",30-11-2025 02:00:00,28.6573814,77.1585447,OZONE,16.0,311.0,51.0,2025-11-29 21:23:24.610846
India,Delhi,Delhi,"Okhla Phase-2, Delhi - DPCC",30-11-2025 02:00:00,28.530785,77.271255,PM2.5,193.0,356.0,322.0,2025-11-29 21:23:24.610846
India,Delhi,Delhi,"Okhla Phase-2, Delhi - DPCC",30-11-2025 02:00:00,28.530785,77.271255,PM10,,,,2025-11-29 21:23:24.610846
India,Delhi,Delhi,"Okhla Phase-2, Delhi - DPCC",30-11-2025 02:00:00,28.530785,77.271255,SO2,12.0,21.0,15.0,2025-11-29 21:23:24.610846
India,Delhi,Delhi,"Rohini, Delhi - DPCC",30-11-2025 02:00:00,28.732528,77.11992,NH3,11.0,23.0,15.0,2025-11-29 21:23:24.610846
India,Delhi,Delhi,"Shadipur, Delhi - CPCB",30-11-2025 02:00:00,28.6514781,77.1473105,NH3,9.0,13.0,11.0,2025-11-29 21:23:24.610846
India,Delhi,Delhi,"Shadipur, Delhi - CPCB",30-11-2025 02:00:00,28.6514781,77.1473105,SO2,18.0,33.0,27.0,2025-11-29 21:23:24.610846
India,Delhi,Delhi,"Shadipur, Delhi - CPCB",30-11-2025 02:00:00,28.6514781,77.1473105,CO,17.0,104.0,71.0,2025-11-29 21:23:24.610846
India,Delhi,Delhi,"Sirifort, Delhi - CPCB",30-11-2025 02:00:00,28.5504249,77.2159377,PM2.5,124.0,377.0,297.0,2025-11-29 21:23:24.610846
India,Delhi,Delhi,"Sirifort, Delhi - CPCB",30-11-2025 02:00:00,28.5504249,77.2159377,SO2,21.0,28.0,24.0,2025-11-29 21:23:24.610846
India,Delhi,Delhi,"Sonia Vihar, Delhi - DPCC",30-11-2025 02:00:00,28.710508,77.249485,PM2.5,92.0,368.0,281.0,2025-11-29 21:23:24.610846
India,Delhi,Delhi,"Najafgarh, Delhi - DPCC",30-11-2025 02:00:00,28.570173,76.933762,SO2,13.0,30.0,17.0,2025-11-29 21:23:24.610846
India,Delhi,Delhi,"Narela, Delhi - DPCC",30-11-2025 02:00:00,28.822836,77.101981,PM2.5,98.0,500.0,304.0,2025-11-29 21:23:24.610846
India,Delhi,Delhi,"Narela, Delhi - DPCC",30-11-2025 02:00:00,28.822836,77.101981,PM10,140.0,474.0,238.0,2025-11-29 21:23:24.610846
India,Delhi,Delhi,"Sri Aurobindo Marg, Delhi - DPCC",30-11-2025 02:00:00,28.531346,77.190156,PM10,108.0,228.0,166.0,2025-11-29 21:23:24.610846
India,Delhi,Delhi,"Sri Aurobindo Marg, Delhi - DPCC",30-11-2025 02:00:00,28.531346,77.190156,NO2,20.0,79.0,49.0,2025-11-29 21:23:24.610846
India,Delhi,Delhi,"Vivek Vihar, Delhi - DPCC",30-11-2025 02:00:00,28.672342,77.31526,PM10,156.0,328.0,212.0,2025-11-29 21:23:24.610846
India,Delhi,Delhi,"Wazirpur, Delhi - DPCC",30-11-2025 02:00:00,28.699793,77.165453,PM10,153.0,434.0,236.0,2025-11-29 21:23:24.610846
India,Delhi,Delhi,"Sonia Vihar, Delhi - DPCC",30-11-2025 02:00:00,28.710508,77.249485,CO,40.0,128.0,98.0,2025-11-29 21:23:24.610846
India,Delhi,Delhi,"R K Puram, Delhi - DPCC",30-11-2025 02:00:00,28.563262,77.186937,CO,1.0,116.0,102.0,2025-11-29 21:23:24.610846
India,Gujarat,Ankleshwar,"GIDC, Ankleshwar - GPCB",30-11-2025 02:00:00,21.613267,73.010555,OZONE,42.0,48.0,43.0,2025-11-29 21:23:24.610846
India,Gujarat,Gandhinagar,"IIPHG Lekawada, Gandhinagar - IITM",30-11-2025 02:00:00,23.243639,72.68994,SO2,3.0,6.0,4.0,2025-11-29 21:23:24.610846
India,Gujarat,Gandhinagar,"IIPHG Lekawada, Gandhinagar - IITM",30-11-2025 02:00:00,23.243639,72.68994,CO,4.0,105.0,61.0,2025-11-29 21:23:24.610846
India,Gujarat,Gandhinagar,"Sector-10, Gandhinagar - GPCB",30-11-2025 02:00:00,23.221714,72.654328,PM10,63.0,100.0,79.0,2025-11-29 21:23:24.610846
India,Gujarat,Gandhinagar,"Sector-10, Gandhinagar - GPCB",30-11-2025 02:00:00,23.221714,72.654328,SO2,4.0,11.0,8.0,2025-11-29 21:23:24.610846
India,Gujarat,Gandhinagar,"Sector-10, Gandhinagar - GPCB",30-11-2025 02:00:00,23.221714,72.654328,CO,22.0,34.0,32.0,2025-11-29 21:23:24.610846
India,Gujarat,Nandesari,"GIDC, Nandesari - Nandesari Ind. Association",30-11-2025 02:00:00,22.410802,73.097923,PM2.5,118.0,238.0,176.0,2025-11-29 21:23:24.610846
India,Gujarat,Ahmedabad,"Rakhial, Ahmedabad - IITM",30-11-2025 02:00:00,23.016834,72.625775,OZONE,1.0,61.0,17.0,2025-11-29 21:23:24.610846
India,Gujarat,Ahmedabad,"SAC ISRO Bopal, Ahmedabad - IITM",30-11-2025 02:00:00,23.041137,72.456691,NH3,11.0,21.0,15.0,2025-11-29 21:23:24.610846
India,Gujarat,Ahmedabad,"SAC ISRO Satellite, Ahmedabad - IITM",30-11-2025 02:00:00,23.023389,72.515201,PM10,85.0,137.0,108.0,2025-11-29 21:23:24.610846
India,Gujarat,Ahmedabad,"SAC ISRO Satellite, Ahmedabad - IITM",30-11-2025 02:00:00,23.023389,72.515201,SO2,5.0,11.0,7.0,2025-11-29 21:23:24.610846
India,Gujarat,Surat,"Science Center, Surat - SMC",30-11-2025 02:00:00,21.170046,72.795405,PM2.5,4.0,55.0,26.0,2025-11-29 21:23:24.610846
India,Gujarat,Vapi,"Phase-1 GIDC, Vapi - GPCB",30-11-2025 02:00:00,20.362421,72.918013,NO2,21.0,35.0,28.0,2025-11-29 21:23:24.610846
India,Gujarat,Ahmedabad,"Raikhad, Ahmedabad - IITM",30-11-2025 02:00:00,23.020509,72.579261,NH3,4.0,12.0,6.0,2025-11-29 21:23:24.610846
India,Gujarat,Ahmedabad,"Rakhial, Ahmedabad - IITM",30-11-2025 02:00:00,23.016834,72.625775,SO2,12.0,37.0,20.0,2025-11-29 21:23:24.610846
India,Gujarat,Ahmedabad,"SVPI Airport Hansol, Ahmedabad - IITM",30-11-2025 02:00:00,23.076793,72.627874,SO2,6.0,16.0,10.0,2025-11-29 21:23:24.610846
India,Gujarat,Ahmedabad,"Chandkheda, Ahmedabad - IITM",30-11-2025 02:00:00,23.107969,72.574648,NO2,45.0,270.0,142.0,2025-11-29 21:23:24.610846
India,Gujarat,Ahmedabad,"Chandkheda, Ahmedabad - IITM",30-11-2025 02:00:00,23.107969,72.574648,SO2,7.0,17.0,14.0,2025-11-29 21:23:24.610846
India,Gujarat,Ahmedabad,"Gyaspur, Ahmedabad - IITM",30-11-2025 02:00:00,22.977134,72.553024,OZONE,15.0,36.0,22.0,2025-11-29 21:23:24.610846
India,Gujarat,Ahmedabad,"Maninagar, Ahmedabad - GPCB",30-11-2025 02:00:00,23.002657,72.591912,NO2,59.0,60.0,60.0,2025-11-29 21:23:24.610846
India,Gujarat,Vapi,"Phase-1 GIDC, Vapi - GPCB",30-11-2025 02:00:00,20.362421,72.918013,NH3,2.0,4.0,3.0,2025-11-29 21:23:24.610846
India,Gujarat,Vapi,"Phase-1 GIDC, Vapi - GPCB",30-11-2025 02:00:00,20.362421,72.918013,SO2,14.0,40.0,24.0,2025-11-29 21:23:24.610846
India,Gujarat,Vatva,"Phase-4 GIDC, Vatva - GPCB",30-11-2025 02:00:00,22.969611,72.6435,PM2.5,91.0,149.0,123.0,2025-11-29 21:23:24.610846
India,Haryana,Dharuhera,"Municipal Corporation Office, Dharuhera -  HSPCB",30-11-2025 02:00:00,28.2068,76.7997,SO2,10.0,22.0,15.0,2025-11-29 21:23:24.610846
India,Haryana,Faridabad,"New Industrial Town, Faridabad - HSPCB",30-11-2025 02:00:00,28.39072,77.30059,PM2.5,,,,2025-11-29 21:23:24.610846
India,Haryana,Ballabgarh,"Nathu Colony, Ballabgarh - HSPCB",30-11-2025 02:00:00,28.3419248,77.319699,NH3,3.0,4.0,3.0,2025-11-29 21:23:24.610846
India,Haryana,Bhiwani,"H.B. Colony, Bhiwani - HSPCB",30-11-2025 02:00:00,28.806223,76.141105,PM10,117.0,140.0,128.0,2025-11-29 21:23:24.610846
India,Haryana,Bahadurgarh,"Arya Nagar, Bahadurgarh - HSPCB",30-11-2025 02:00:00,28.6701,76.9254,NO2,12.0,14.0,13.0,2025-11-29 21:23:24.610846
India,Haryana,Bahadurgarh,"Arya Nagar, Bahadurgarh - HSPCB",30-11-2025 02:00:00,28.6701,76.9254,NH3,12.0,13.0,13.0,2025-11-29 21:23:24.610846
India,Haryana,Charkhi Dadri,"Mini Secretariat, Charkhi Dadri - HSPCB",30-11-2025 02:00:00,28.593883,76.270653,PM2.5,143.0,358.0,270.0,2025-11-29 21:23:24.610846
India,Haryana,Faridabad,"New Industrial Town, Faridabad - HSPCB",30-11-2025 02:00:00,28.39072,77.30059,OZONE,,,,2025-11-29 21:23:24.610846
India,Haryana,Ballabgarh,"Nathu Colony, Ballabgarh - HSPCB",30-11-2025 02:00:00,28.3419248,77.319699,NO2,19.0,21.0,20.0,2025-11-29 21:23:24.610846
India,Haryana,Faridabad,"Sector 30, Faridabad - HSPCB",30-11-2025 02:00:00,28.4417,77.3217,PM10,144.0,149.0,145.0,2025-11-29 21:23:24.610846
India,Haryana,Faridabad,"Sector 11, Faridabad - HSPCB",30-11-2025 02:00:00,28.376058,77.315741,NH3,10.0,10.0,10.0,2025-11-29 21:23:24.610846
India,Haryana,Hisar,"Urban Estate-II, Hisar - HSPCB",30-11-2025 02:00:00,29.14056,75.744941,CO,55.0,102.0,80.0,2025-11-29 21:23:24.610846
India,Haryana,Jind,"Police Lines, Jind - HSPCB",30-11-2025 02:00:00,29.307814,76.337619,NH3,1.0,3.0,2.0,2025-11-29 21:23:24.610846
India,Haryana,Jind,"Police Lines, Jind - HSPCB",30-11-2025 02:00:00,29.307814,76.337619,SO2,,,,2025-11-29 21:23:24.610846
India,Haryana,Jind,"Police Lines, Jind - HSPCB",30-11-2025 02:00:00,29.307814,76.337619,CO,4.0,59.0,12.0,2025-11-29 21:23:24.610846
India,Haryana,Kaithal,"Rishi Nagar, Kaithal - HSPCB",30-11-2025 02:00:00,29.8006,76.4155,NH3,5.0,6.0,6.0,2025-11-29 21:23:24.610846
India,Haryana,Kaithal,"Rishi Nagar, Kaithal - HSPCB",30-11-2025 02:00:00,29.8006,76.4155,CO,6.0,34.0,22.0,2025-11-29 21:23:24.610846
India,Haryana,Gurugram,"Vikas Sadan, Gurugram - HSPCB",30-11-2025 02:00:00,28.4501238,77.0263051,PM10,142.0,174.0,152.0,2025-11-29 21:23:24.610846
India,Haryana,Hisar,"Urban Estate-II, Hisar - HSPCB",30-11-2025 02:00:00,29.14056,75.744941,NO2,20.0,21.0,20.0,2025-11-29 21:23:24.610846
India,Haryana,Mandikhera,"General Hospital, Mandikhera(Nuh) - HSPCB",30-11-2025 02:00:00,27.9002,76.9938,PM2.5,67.0,131.0,95.0,2025-11-29 21:23:24.610846
India,Haryana,Narnaul,"Shastri Nagar, Narnaul - HSPCB",30-11-2025 02:00:00,28.060249,76.113115,PM2.5,141.0,288.0,187.0,2025-11-29 21:23:24.610846
India,Haryana,Palwal,"Shyam Nagar, Palwal - HSPCB",30-11-2025 02:00:00,28.1485564,77.3320667,PM2.5,43.0,95.0,65.0,2025-11-29 21:23:24.610846
India,Haryana,Faridabad,"Sector 30, Faridabad - HSPCB",30-11-2025 02:00:00,28.4417,77.3217,OZONE,17.0,19.0,18.0,2025-11-29 21:23:24.610846
India,Haryana,Gurugram,"Teri Gram, Gurugram - HSPCB",30-11-2025 02:00:00,28.4275,77.1465,NO2,36.0,75.0,46.0,2025-11-29 21:23:24.610846
India,Haryana,Rohtak,"MD University, Rohtak - HSPCB",30-11-2025 02:00:00,28.52123,76.37138,NO2,,,,2025-11-29 21:23:24.610846
India,Haryana,Panipat,"Sector-18, Panipat - HSPCB",30-11-2025 02:00:00,29.432304,76.972765,NH3,2.0,3.0,3.0,2025-11-29 21:23:24.610846
India,Haryana,Karnal,"Sector-12, Karnal - HSPCB",30-11-2025 02:00:00,29.6953,77.0027,NH3,6.0,7.0,6.0,2025-11-29 21:23:24.610846
India,Haryana,Yamuna Nagar,"Gobind Pura, Yamuna Nagar - HSPCB",30-11-2025 02:00:00,30.1480566,77.2893471,NH3,,,,2025-11-29 21:23:24.610846
India,Haryana,Yamuna Nagar,"Gobind Pura, Yamuna Nagar - HSPCB",30-11-2025 02:00:00,30.1480566,77.2893471,SO2,,,,2025-11-29 21:23:24.610846
India,Haryana,Yamuna Nagar,"Gobind Pura, Yamuna Nagar - HSPCB",30-11-2025 02:00:00,30.1480566,77.2893471,CO,70.0,108.0,70.0,2025-11-29 21:23:24.610846
India,Haryana,Yamuna Nagar,"Gobind Pura, Yamuna Nagar - HSPCB",30-11-2025 02:00:00,30.1480566,77.2893471,OZONE,38.0,38.0,38.0,2025-11-29 21:23:24.610846
India,Himachal Pradesh,Baddi,"HIMUDA Complex Phase-1, Baddi - HPPCB",30-11-2025 02:00:00,30.943887,76.801991,PM2.5,28.0,270.0,120.0,2025-11-29 21:23:24.610846
India,Himachal Pradesh,Baddi,"HIMUDA Complex Phase-1, Baddi - HPPCB",30-11-2025 02:00:00,30.943887,76.801991,NO2,18.0,103.0,62.0,2025-11-29 21:23:24.610846
India,Karnataka,Belgaum,"Ramteerth Nagar, Belgaum - KSPCB",30-11-2025 02:00:00,15.888653,74.541751,PM10,,,,2025-11-29 21:23:24.610846
India,Karnataka,Belgaum,"Ramteerth Nagar, Belgaum - KSPCB",30-11-2025 02:00:00,15.888653,74.541751,CO,5.0,8.0,7.0,2025-11-29 21:23:24.610846
India,Karnataka,Bengaluru,"BTM Layout, Bengaluru - CPCB",30-11-2025 02:00:00,12.9135218,77.5950804,SO2,23.0,24.0,23.0,2025-11-29 21:23:24.610846
India,Karnataka,Bengaluru,"Hebbal, Bengaluru - KSPCB",30-11-2025 02:00:00,13.029152,77.585901,OZONE,8.0,12.0,10.0,2025-11-29 21:23:24.610846
India,Karnataka,Bengaluru,"Hombegowda Nagar, Bengaluru - KSPCB",30-11-2025 02:00:00,12.938539,77.5901,NO2,11.0,31.0,22.0,2025-11-29 21:23:24.610846
India,Karnataka,Bengaluru,"Hombegowda Nagar, Bengaluru - KSPCB",30-11-2025 02:00:00,12.938539,77.5901,SO2,8.0,14.0,11.0,2025-11-29 21:23:24.610846
India,Jharkhand,Dhanbad,"Sardar Patel Nagar, Dhanbad - JSPCB",30-11-2025 02:00:00,23.80569,86.44268,PM10,26.0,229.0,117.0,2025-11-29 21:23:24.610846
India,Jharkhand,Dhanbad,"Sardar Patel Nagar, Dhanbad - JSPCB",30-11-2025 02:00:00,23.80569,86.44268,NO2,92.0,170.0,105.0,2025-11-29 21:23:24.610846
India,Jharkhand,Dhanbad,"Sardar Patel Nagar, Dhanbad - JSPCB",30-11-2025 02:00:00,23.80569,86.44268,SO2,19.0,137.0,113.0,2025-11-29 21:23:24.610846
India,Karnataka,Bengaluru,"Jigani, Bengaluru - KSPCB",30-11-2025 02:00:00,12.7816279,77.6299145,SO2,23.0,23.0,23.0,2025-11-29 21:23:24.610846
India,Karnataka,Bengaluru,"Kasturi Nagar, Bengaluru - KSPCB",30-11-2025 02:00:00,13.003872,77.664217,PM2.5,59.0,61.0,60.0,2025-11-29 21:23:24.610846
India,Karnataka,Bengaluru,"Jigani, Bengaluru - KSPCB",30-11-2025 02:00:00,12.7816279,77.6299145,NO2,26.0,27.0,26.0,2025-11-29 21:23:24.610846
India,Haryana,Rohtak,"MD University, Rohtak - HSPCB",30-11-2025 02:00:00,28.52123,76.37138,OZONE,12.0,13.0,13.0,2025-11-29 21:23:24.610846
India,Haryana,Sonipat,"Murthal, Sonipat - HSPCB",30-11-2025 02:00:00,29.0272,77.0621,PM10,152.0,367.0,252.0,2025-11-29 21:23:24.610846
India,Karnataka,Bagalkot,"Vidayagiri, Bagalkot - KSPCB",30-11-2025 02:00:00,16.172806,75.659694,NO2,11.0,12.0,12.0,2025-11-29 21:23:24.610846
India,Karnataka,Chikkamagaluru,"Kalyana Nagara, Chikkamagaluru - KSPCB",30-11-2025 02:00:00,13.328028,75.797056,OZONE,13.0,50.0,36.0,2025-11-29 21:23:24.610846
India,Karnataka,Davanagere,"Devaraj Urs Badavane, Davanagere - KSPCB",30-11-2025 02:00:00,14.4758,75.9052,PM2.5,63.0,302.0,152.0,2025-11-29 21:23:24.610846
India,Karnataka,Chamarajanagar,"Urban, Chamarajanagar - KSPCB",30-11-2025 02:00:00,11.55358,76.55521,PM10,39.0,66.0,48.0,2025-11-29 21:23:24.610846
India,Karnataka,Chamarajanagar,"Urban, Chamarajanagar - KSPCB",30-11-2025 02:00:00,11.55358,76.55521,SO2,2.0,8.0,4.0,2025-11-29 21:23:24.610846
India,Karnataka,Dharwad,"Kalabhavan, Dharwad - KSPCB",30-11-2025 02:00:00,15.459706,75.008381,PM2.5,67.0,74.0,70.0,2025-11-29 21:23:24.610846
India,Karnataka,Dharwad,"Kalabhavan, Dharwad - KSPCB",30-11-2025 02:00:00,15.459706,75.008381,PM10,87.0,100.0,94.0,2025-11-29 21:23:24.610846
India,Karnataka,Bengaluru,"Shivapura_Peenya, Bengaluru - KSPCB",30-11-2025 02:00:00,13.0246342,77.5080115,PM10,99.0,141.0,120.0,2025-11-29 21:23:24.610846
India,Karnataka,Davanagere,"Devaraj Urs Badavane, Davanagere - KSPCB",30-11-2025 02:00:00,14.4758,75.9052,CO,14.0,58.0,46.0,2025-11-29 21:23:24.610846
India,Karnataka,Davanagere,"Devaraj Urs Badavane, Davanagere - KSPCB",30-11-2025 02:00:00,14.4758,75.9052,NO2,3.0,37.0,29.0,2025-11-29 21:23:24.610846
India,Karnataka,Bengaluru,"RVCE-Mailasandra, Bengaluru - KSPCB",30-11-2025 02:00:00,12.921418,77.502466,NO2,18.0,24.0,23.0,2025-11-29 21:23:24.610846
India,Karnataka,Bengaluru,"Silk Board, Bengaluru - KSPCB",30-11-2025 02:00:00,12.917348,77.622813,PM10,100.0,278.0,139.0,2025-11-29 21:23:24.610846
India,Karnataka,Bengaluru,"Silk Board, Bengaluru - KSPCB",30-11-2025 02:00:00,12.917348,77.622813,PM2.5,61.0,245.0,94.0,2025-11-29 21:23:24.610846
India,Karnataka,Yadgir,"Collector Office, Yadgir - KSPCB",30-11-2025 02:00:00,16.7602,77.1428,NH3,1.0,2.0,2.0,2025-11-29 21:23:24.610846
India,Karnataka,Yadgir,"Collector Office, Yadgir - KSPCB",30-11-2025 02:00:00,16.7602,77.1428,OZONE,19.0,24.0,22.0,2025-11-29 21:23:24.610846
India,Kerala,Eloor,"Udyogamandal, Eloor - Kerala PCB",30-11-2025 02:00:00,10.073232,76.302765,PM10,,,,2025-11-29 21:23:24.610846
India,Kerala,Eloor,"Udyogamandal, Eloor - Kerala PCB",30-11-2025 02:00:00,10.073232,76.302765,SO2,,,,2025-11-29 21:23:24.610846
India,Kerala,Kollam,"Polayathode, Kollam - Kerala PCB",30-11-2025 02:00:00,8.8787,76.6073,NH3,1.0,1.0,1.0,2025-11-29 21:23:24.610846
India,Kerala,Kollam,"Polayathode, Kollam - Kerala PCB",30-11-2025 02:00:00,8.8787,76.6073,CO,14.0,18.0,16.0,2025-11-29 21:23:24.610846
India,Kerala,Thiruvananthapuram,"Kariavattom, Thiruvananthapuram - Kerala PCB",30-11-2025 02:00:00,8.5637,76.8865,PM10,,,,2025-11-29 21:23:24.610846
India,Karnataka,Dharwad,"Kalabhavan, Dharwad - KSPCB",30-11-2025 02:00:00,15.459706,75.008381,CO,54.0,88.0,75.0,2025-11-29 21:23:24.610846
India,Karnataka,Haveri,"Ashwini Nagar, Haveri - KSPCB",30-11-2025 02:00:00,14.7918,75.3896,PM2.5,23.0,45.0,34.0,2025-11-29 21:23:24.610846
India,Karnataka,Koppal,"Diwator Nagar, Koppal - KSPCB",30-11-2025 02:00:00,15.34763,76.181767,PM2.5,18.0,32.0,23.0,2025-11-29 21:23:24.610846
India,Karnataka,Koppal,"Diwator Nagar, Koppal - KSPCB",30-11-2025 02:00:00,15.34763,76.181767,PM10,47.0,76.0,65.0,2025-11-29 21:23:24.610846
India,Karnataka,Koppal,"Diwator Nagar, Koppal - KSPCB",30-11-2025 02:00:00,15.34763,76.181767,NO2,34.0,40.0,36.0,2025-11-29 21:23:24.610846
India,Karnataka,Hubballi,"Lingaraj Nagar, Hubballi - KSPCB",30-11-2025 02:00:00,15.3714823,75.1160168,PM10,59.0,79.0,64.0,2025-11-29 21:23:24.610846
India,Karnataka,Hubballi,"Lingaraj Nagar, Hubballi - KSPCB",30-11-2025 02:00:00,15.3714823,75.1160168,NO2,7.0,11.0,10.0,2025-11-29 21:23:24.610846
India,Karnataka,Kalaburagi,"Lal Bahadur Shastri Nagar, Kalaburagi - KSPCB",30-11-2025 02:00:00,17.321993,76.822628,OZONE,20.0,20.0,20.0,2025-11-29 21:23:24.610846
India,Kerala,Thrissur,"Corporation Ground, Thrissur - Kerala PCB",30-11-2025 02:00:00,10.5324,76.2159,NO2,7.0,8.0,7.0,2025-11-29 21:23:24.610846
India,Karnataka,Hubballi,"Lingaraj Nagar, Hubballi - KSPCB",30-11-2025 02:00:00,15.3714823,75.1160168,NH3,1.0,2.0,2.0,2025-11-29 21:23:24.610846
India,Kerala,Kannur,"Thavakkara, Kannur - Kerala PCB",30-11-2025 02:00:00,11.875,75.3732,OZONE,28.0,32.0,28.0,2025-11-29 21:23:24.610846
India,Madhya Pradesh,Indore,"Residency Area, Indore - IMC",30-11-2025 02:00:00,22.7084,75.8815,CO,16.0,20.0,19.0,2025-11-29 21:23:24.610846
India,Madhya Pradesh,Jabalpur,"Govindh Bhavan Colony, Jabalpur - JMC",30-11-2025 02:00:00,23.163174,79.973061,NH3,1.0,2.0,2.0,2025-11-29 21:23:24.610846
India,Madhya Pradesh,Dewas,"Bhopal Chauraha, Dewas - MPPCB",30-11-2025 02:00:00,22.9682591,76.064118,CO,18.0,52.0,34.0,2025-11-29 21:23:24.610846
India,Madhya Pradesh,Gwalior,"City Center, Gwalior - MPPCB",30-11-2025 02:00:00,26.203442,78.193251,PM2.5,92.0,313.0,192.0,2025-11-29 21:23:24.610846
India,Madhya Pradesh,Indore,"Chhoti Gwaltoli, Indore - MPPCB",30-11-2025 02:00:00,22.431,75.5213,NH3,1.0,10.0,5.0,2025-11-29 21:23:24.610846
India,Madhya Pradesh,Indore,"Maguda Nagar, Indore - IMC",30-11-2025 02:00:00,22.7524,75.8872,PM10,41.0,75.0,59.0,2025-11-29 21:23:24.610846
India,Madhya Pradesh,Bhopal,"Paryavaran Parisar, Bhopal - MPPCB",30-11-2025 02:00:00,23.210494,77.425409,PM10,106.0,352.0,167.0,2025-11-29 21:23:24.610846
India,Madhya Pradesh,Bhopal,"Paryavaran Parisar, Bhopal - MPPCB",30-11-2025 02:00:00,23.210494,77.425409,NO2,33.0,116.0,64.0,2025-11-29 21:23:24.610846
India,Madhya Pradesh,Gwalior,"Deen Dayal Nagar, Gwalior - MPPCB",30-11-2025 02:00:00,26.259242,78.216432,PM2.5,82.0,330.0,232.0,2025-11-29 21:23:24.610846
India,Madhya Pradesh,Gwalior,"Deen Dayal Nagar, Gwalior - MPPCB",30-11-2025 02:00:00,26.259242,78.216432,CO,13.0,107.0,87.0,2025-11-29 21:23:24.610846
India,Madhya Pradesh,Gwalior,"Maharaj Bada, Gwalior - MPPCB",30-11-2025 02:00:00,26.200388,78.147714,NH3,5.0,5.0,5.0,2025-11-29 21:23:24.610846
India,Madhya Pradesh,Indore,"Maguda Nagar, Indore - IMC",30-11-2025 02:00:00,22.7524,75.8872,CO,25.0,30.0,28.0,2025-11-29 21:23:24.610846
India,Madhya Pradesh,Indore,"Airport Area, Indore - IMC",30-11-2025 02:00:00,22.7289,75.8076,NO2,2.0,2.0,2.0,2025-11-29 21:23:24.610846
India,Madhya Pradesh,Mandideep,"Sector-D Industrial Area, Mandideep - MPPCB",30-11-2025 02:00:00,23.10844,77.511428,CO,32.0,111.0,89.0,2025-11-29 21:23:24.610846
India,Madhya Pradesh,Pithampur,"Sector-2 Industrial Area, Pithampur - MPPCB",30-11-2025 02:00:00,22.624758,75.675238,NO2,15.0,22.0,18.0,2025-11-29 21:23:24.610846
India,Madhya Pradesh,Pithampur,"Sector-2 Industrial Area, Pithampur - MPPCB",30-11-2025 02:00:00,22.624758,75.675238,NH3,3.0,4.0,3.0,2025-11-29 21:23:24.610846
India,Madhya Pradesh,Pithampur,"Sector-2 Industrial Area, Pithampur - MPPCB",30-11-2025 02:00:00,22.624758,75.675238,CO,19.0,56.0,43.0,2025-11-29 21:23:24.610846
India,Madhya Pradesh,Ratlam,"Shasthri Nagar, Ratlam - IPCA Lab",30-11-2025 02:00:00,23.331731,75.045981,NO2,9.0,32.0,17.0,2025-11-29 21:23:24.610846
India,Madhya Pradesh,Sagar,"Civil Lines, Sagar - MPPCB",30-11-2025 02:00:00,23.838586,78.759431,PM10,64.0,138.0,112.0,2025-11-29 21:23:24.610846
India,Madhya Pradesh,Sagar,"Civil Lines, Sagar - MPPCB",30-11-2025 02:00:00,23.838586,78.759431,NO2,9.0,64.0,24.0,2025-11-29 21:23:24.610846
India,Madhya Pradesh,Satna,"Bandhavgar Colony, Satna - Birla Cement",30-11-2025 02:00:00,24.58434363,80.8549414,CO,24.0,84.0,55.0,2025-11-29 21:23:24.610846
India,Madhya Pradesh,Satna,"Bandhavgar Colony, Satna - Birla Cement",30-11-2025 02:00:00,24.58434363,80.8549414,OZONE,1.0,48.0,15.0,2025-11-29 21:23:24.610846
India,Madhya Pradesh,Singrauli,"Suryakiran Bhawan NCL, Singrauli - MPPCB",30-11-2025 02:00:00,24.10897,82.64558,NH3,10.0,12.0,11.0,2025-11-29 21:23:24.610846
India,Maharashtra,Ahmednagar,"Tarakpur, Ahmednagar - MPCB",30-11-2025 02:00:00,19.10122,74.73339,NH3,1.0,5.0,4.0,2025-11-29 21:23:24.610846
India,Maharashtra,Akola,"Ramdaspeth, Akola - MPCB",30-11-2025 02:00:00,20.719516,77.000253,NO2,18.0,97.0,40.0,2025-11-29 21:23:24.610846
India,Maharashtra,Amravati,"Shri Shivaji Science College, Amravati - MPCB",30-11-2025 02:00:00,20.939198,77.765701,CO,34.0,118.0,87.0,2025-11-29 21:23:24.610846
India,Maharashtra,Aurangabad,"MIDC Chilkalthana, Aurangabad - MPCB",30-11-2025 02:00:00,19.87562,75.38731,PM10,44.0,116.0,74.0,2025-11-29 21:23:24.610846
India,Maharashtra,Aurangabad,"MIDC Chilkalthana, Aurangabad - MPCB",30-11-2025 02:00:00,19.87562,75.38731,NO2,15.0,88.0,32.0,2025-11-29 21:23:24.610846
India,Madhya Pradesh,Sagar,"Civil Lines, Sagar - MPPCB",30-11-2025 02:00:00,23.838586,78.759431,SO2,6.0,13.0,9.0,2025-11-29 21:23:24.610846
India,Madhya Pradesh,Sagar,"Deen Dayal Nagar, Sagar - MPPCB",30-11-2025 02:00:00,23.8640158,78.80289321,NO2,12.0,99.0,44.0,2025-11-29 21:23:24.610846
India,Madhya Pradesh,Jabalpur,"Suhagi, Jabalpur - JMC",30-11-2025 02:00:00,23.218135,79.95777,OZONE,,,,2025-11-29 21:23:24.610846
India,Madhya Pradesh,Katni,"Gole Bazar, Katni - MPPCB",30-11-2025 02:00:00,23.50016,80.23284,OZONE,10.0,184.0,21.0,2025-11-29 21:23:24.610846
India,Maharashtra,Amravati,"Shri Shivaji Science College, Amravati - MPCB",30-11-2025 02:00:00,20.939198,77.765701,PM10,83.0,177.0,106.0,2025-11-29 21:23:24.610846
India,Maharashtra,Amravati,"Shri Shivaji Science College, Amravati - MPCB",30-11-2025 02:00:00,20.939198,77.765701,NH3,1.0,19.0,5.0,2025-11-29 21:23:24.610846
India,Madhya Pradesh,Jabalpur,"Suhagi, Jabalpur - JMC",30-11-2025 02:00:00,23.218135,79.95777,PM2.5,,,,2025-11-29 21:23:24.610846
India,Maharashtra,Akola,"Ramdaspeth, Akola - MPCB",30-11-2025 02:00:00,20.719516,77.000253,CO,17.0,99.0,64.0,2025-11-29 21:23:24.610846
India,Maharashtra,Akola,"Ramdaspeth, Akola - MPCB",30-11-2025 02:00:00,20.719516,77.000253,SO2,5.0,24.0,17.0,2025-11-29 21:23:24.610846
India,Maharashtra,Kalyan,"Khadakpada, Kalyan - MPCB",30-11-2025 02:00:00,19.25292,73.142019,OZONE,8.0,9.0,9.0,2025-11-29 21:23:24.610846
India,Maharashtra,Kalyan,"Pimpleshwar Mandir, Kalyan - MPCB",30-11-2025 02:00:00,19.192056,72.9585188,SO2,,,,2025-11-29 21:23:24.610846
India,Maharashtra,Kalyan,"Pimpleshwar Mandir, Kalyan - MPCB",30-11-2025 02:00:00,19.192056,72.9585188,CO,44.0,46.0,45.0,2025-11-29 21:23:24.610846
India,Maharashtra,Kolhapur,"Shivaji University, Kolhapur - MPCB",30-11-2025 02:00:00,16.6870449,74.2505872,NO2,20.0,106.0,49.0,2025-11-29 21:23:24.610846
India,Maharashtra,Kolhapur,"Shivaji University, Kolhapur - MPCB",30-11-2025 02:00:00,16.6870449,74.2505872,NH3,3.0,4.0,3.0,2025-11-29 21:23:24.610846
India,Maharashtra,Kolhapur,"Shivaji University, Kolhapur - MPCB",30-11-2025 02:00:00,16.6870449,74.2505872,CO,13.0,50.0,36.0,2025-11-29 21:23:24.610846
India,Maharashtra,Kolhapur,"Sinchan Bhavan, Kolhapur - MPCB",30-11-2025 02:00:00,16.7143745,74.2426398,PM2.5,,,,2025-11-29 21:23:24.610846
India,Maharashtra,Kolhapur,"Sinchan Bhavan, Kolhapur - MPCB",30-11-2025 02:00:00,16.7143745,74.2426398,PM10,97.0,175.0,135.0,2025-11-29 21:23:24.610846
India,Maharashtra,Latur,"Sawe Wadi, Latur - MPCB",30-11-2025 02:00:00,18.39963,76.57452,PM2.5,80.0,246.0,129.0,2025-11-29 21:23:24.610846
India,Maharashtra,Mahad,"Kamble Tarf Birwadi, Mahad - MPCB",30-11-2025 02:00:00,18.1023399,73.4783687,NO2,10.0,58.0,24.0,2025-11-29 21:23:24.610846
India,Maharashtra,Malegaon,"Mahesh Nagar, Malegaon - MPCB",30-11-2025 02:00:00,20.555712,74.529236,PM2.5,,,,2025-11-29 21:23:24.610846
India,Maharashtra,Jalna,"Old MIDC, Jalna - MPCB",30-11-2025 02:00:00,19.854616,75.905894,PM2.5,,,,2025-11-29 21:23:24.610846
India,Maharashtra,Jalna,"Old MIDC, Jalna - MPCB",30-11-2025 02:00:00,19.854616,75.905894,NH3,,,,2025-11-29 21:23:24.610846
India,Maharashtra,Jalna,"Old MIDC, Jalna - MPCB",30-11-2025 02:00:00,19.854616,75.905894,OZONE,,,,2025-11-29 21:23:24.610846
India,Maharashtra,Kalyan,"Khadakpada, Kalyan - MPCB",30-11-2025 02:00:00,19.25292,73.142019,PM10,44.0,153.0,107.0,2025-11-29 21:23:24.610846
India,Maharashtra,Belapur,"CBD Belapur, Belapur - MPCB",30-11-2025 02:00:00,19.0243902,73.0406721,CO,2.0,38.0,15.0,2025-11-29 21:23:24.610846
India,Maharashtra,Bhiwandi,"Gokul Nagar, Bhiwandi - MPCB",30-11-2025 02:00:00,19.309073,73.057223,PM2.5,52.0,250.0,160.0,2025-11-29 21:23:24.610846
India,Maharashtra,Chandrapur,"Chauhan Colony, Chandrapur - MPCB",30-11-2025 02:00:00,19.9629,79.298714,PM2.5,28.0,248.0,70.0,2025-11-29 21:23:24.610846
India,Maharashtra,Dhule,"Deopur, Dhule - MPCB",30-11-2025 02:00:00,20.918946,74.776388,PM2.5,64.0,231.0,120.0,2025-11-29 21:23:24.610846
India,Maharashtra,Aurangabad,"More Chowk Waluj, Aurangabad - MPCB",30-11-2025 02:00:00,19.8389439,75.244448,OZONE,26.0,30.0,28.0,2025-11-29 21:23:24.610846
India,Maharashtra,Aurangabad,"MIDC Chilkalthana, Aurangabad - MPCB",30-11-2025 02:00:00,19.87562,75.38731,SO2,1.0,2.0,1.0,2025-11-29 21:23:24.610846
India,Maharashtra,Badlapur,"Katrap, Badlapur - MPCB",30-11-2025 02:00:00,19.16485,73.23409,OZONE,12.0,101.0,30.0,2025-11-29 21:23:24.610846
India,Maharashtra,Boisar,"Khaira, Boisar - MPCB",30-11-2025 02:00:00,19.786089,72.757971,PM10,64.0,181.0,112.0,2025-11-29 21:23:24.610846
India,Maharashtra,Mumbai,"Chakala-Andheri East, Mumbai - IITM",30-11-2025 02:00:00,19.11074,72.86084,NO2,39.0,96.0,65.0,2025-11-29 21:23:24.610846
India,Maharashtra,Mumbai,"Chembur, Mumbai - MPCB",30-11-2025 02:00:00,19.0364585,72.8954371,PM2.5,14.0,213.0,100.0,2025-11-29 21:23:24.610846
India,Maharashtra,Malegaon,"Mahesh Nagar, Malegaon - MPCB",30-11-2025 02:00:00,20.555712,74.529236,NH3,,,,2025-11-29 21:23:24.610846
India,Maharashtra,Mira-Bhayandar,"Bhayandar West, Mira-Bhayandar - MPCB",30-11-2025 02:00:00,19.296481,72.840923,PM10,,,,2025-11-29 21:23:24.610846
India,Maharashtra,Mumbai,"Bandra Kurla Complex, Mumbai - MPCB",30-11-2025 02:00:00,19.065931,72.862131,NO2,31.0,95.0,66.0,2025-11-29 21:23:24.610846
India,Maharashtra,Mumbai,"Bandra Kurla Complex, Mumbai - MPCB",30-11-2025 02:00:00,19.065931,72.862131,SO2,2.0,8.0,4.0,2025-11-29 21:23:24.610846
India,Maharashtra,Mumbai,"Chhatrapati Shivaji Intl. Airport (T2), Mumbai - MPCB",30-11-2025 02:00:00,19.10078,72.87462,PM10,90.0,163.0,125.0,2025-11-29 21:23:24.610846
India,Maharashtra,Mumbai,"Bandra Kurla Complex, Mumbai - MPCB",30-11-2025 02:00:00,19.065931,72.862131,PM10,82.0,267.0,125.0,2025-11-29 21:23:24.610846
India,Maharashtra,Mumbai,"Byculla, Mumbai - BMC",30-11-2025 02:00:00,18.9767,72.838,OZONE,2.0,47.0,13.0,2025-11-29 21:23:24.610846
India,Maharashtra,Mumbai,"Byculla, Mumbai - BMC",30-11-2025 02:00:00,18.9767,72.838,NO2,44.0,107.0,77.0,2025-11-29 21:23:24.610846
India,Maharashtra,Mumbai,"Byculla, Mumbai - BMC",30-11-2025 02:00:00,18.9767,72.838,SO2,18.0,20.0,19.0,2025-11-29 21:23:24.610846
India,Maharashtra,Mumbai,"Byculla, Mumbai - BMC",30-11-2025 02:00:00,18.9767,72.838,CO,38.0,76.0,57.0,2025-11-29 21:23:24.610846
India,Maharashtra,Mumbai,"Navy Nagar-Colaba, Mumbai - IITM",30-11-2025 02:00:00,18.897756,72.81332,CO,14.0,48.0,25.0,2025-11-29 21:23:24.610846
India,Maharashtra,Mumbai,"Powai, Mumbai - MPCB",30-11-2025 02:00:00,19.1375,72.915056,NO2,7.0,8.0,8.0,2025-11-29 21:23:24.610846
India,Maharashtra,Mumbai,"Sewri, Mumbai - BMC",30-11-2025 02:00:00,19.000084,72.85673,PM2.5,1.0,30.0,8.0,2025-11-29 21:23:24.610846
India,Maharashtra,Mumbai,"Sewri, Mumbai - BMC",30-11-2025 02:00:00,19.000084,72.85673,PM10,10.0,169.0,66.0,2025-11-29 21:23:24.610846
India,Maharashtra,Mumbai,"Sewri, Mumbai - BMC",30-11-2025 02:00:00,19.000084,72.85673,CO,2.0,109.0,24.0,2025-11-29 21:23:24.610846
India,Maharashtra,Mumbai,"Chhatrapati Shivaji Intl. Airport (T2), Mumbai - MPCB",30-11-2025 02:00:00,19.10078,72.87462,NO2,16.0,23.0,19.0,2025-11-29 21:23:24.610846
India,Maharashtra,Mumbai,"Colaba, Mumbai - MPCB",30-11-2025 02:00:00,18.91,72.82,NH3,3.0,3.0,3.0,2025-11-29 21:23:24.610846
India,Maharashtra,Mumbai,"Colaba, Mumbai - MPCB",30-11-2025 02:00:00,18.91,72.82,SO2,,,,2025-11-29 21:23:24.610846
India,Maharashtra,Mumbai,"Shivaji Nagar, Mumbai - BMC",30-11-2025 02:00:00,19.060498,72.923356,PM10,,,,2025-11-29 21:23:24.610846
India,Maharashtra,Mumbai,"Shivaji Nagar, Mumbai - BMC",30-11-2025 02:00:00,19.060498,72.923356,CO,107.0,120.0,114.0,2025-11-29 21:23:24.610846
India,Maharashtra,Mumbai,"Siddharth Nagar-Worli, Mumbai - IITM",30-11-2025 02:00:00,19.000083,72.813993,OZONE,18.0,63.0,40.0,2025-11-29 21:23:24.610846
India,Maharashtra,Mumbai,"Ghatkopar, Mumbai - BMC",30-11-2025 02:00:00,19.083694,72.920967,SO2,1.0,8.0,3.0,2025-11-29 21:23:24.610846
India,Maharashtra,Mumbai,"Ghatkopar, Mumbai - BMC",30-11-2025 02:00:00,19.083694,72.920967,OZONE,2.0,133.0,7.0,2025-11-29 21:23:24.610846
India,Maharashtra,Mumbai,"Kandivali East, Mumbai - MPCB",30-11-2025 02:00:00,19.2058,72.8682,PM10,60.0,468.0,123.0,2025-11-29 21:23:24.610846
India,Maharashtra,Mumbai,"Mindspace-Malad West, Mumbai - MPCB",30-11-2025 02:00:00,19.1878657,72.8304069,CO,34.0,82.0,59.0,2025-11-29 21:23:24.610846
India,Maharashtra,Mumbai,"Mulund West, Mumbai - MPCB",30-11-2025 02:00:00,19.175,72.9419,NH3,3.0,4.0,4.0,2025-11-29 21:23:24.610846
India,Maharashtra,Mumbai,"Kurla, Mumbai - MPCB",30-11-2025 02:00:00,19.0863,72.8888,PM2.5,61.0,92.0,78.0,2025-11-29 21:23:24.610846
India,Maharashtra,Mumbai,"Malad West, Mumbai - IITM",30-11-2025 02:00:00,19.19709,72.82204,SO2,1.0,11.0,7.0,2025-11-29 21:23:24.610846
India,Maharashtra,Mumbai,"Mazgaon, Mumbai - IITM",30-11-2025 02:00:00,18.96702,72.84214,PM10,58.0,113.0,86.0,2025-11-29 21:23:24.610846
India,Maharashtra,Mumbai,"Mazgaon, Mumbai - IITM",30-11-2025 02:00:00,18.96702,72.84214,SO2,12.0,20.0,15.0,2025-11-29 21:23:24.610846
India,Maharashtra,Mumbai,"Mazgaon, Mumbai - IITM",30-11-2025 02:00:00,18.96702,72.84214,OZONE,9.0,67.0,36.0,2025-11-29 21:23:24.610846
India,Maharashtra,Mumbai,"Deonar, Mumbai - IITM",30-11-2025 02:00:00,19.04946,72.923,PM10,56.0,174.0,149.0,2025-11-29 21:23:24.610846
India,Maharashtra,Mumbai,"Deonar, Mumbai - IITM",30-11-2025 02:00:00,19.04946,72.923,CO,2.0,97.0,71.0,2025-11-29 21:23:24.610846
India,Maharashtra,Mumbai,"Mindspace-Malad West, Mumbai - MPCB",30-11-2025 02:00:00,19.1878657,72.8304069,NO2,24.0,110.0,50.0,2025-11-29 21:23:24.610846
India,Maharashtra,Mumbai,"Worli, Mumbai - MPCB",30-11-2025 02:00:00,18.9936162,72.8128113,NO2,3.0,14.0,7.0,2025-11-29 21:23:24.610846
India,Maharashtra,Mumbai,"Worli, Mumbai - MPCB",30-11-2025 02:00:00,18.9936162,72.8128113,SO2,17.0,24.0,20.0,2025-11-29 21:23:24.610846
India,Maharashtra,Mumbai,"Worli, Mumbai - MPCB",30-11-2025 02:00:00,18.9936162,72.8128113,OZONE,20.0,20.0,20.0,2025-11-29 21:23:24.610846
India,Maharashtra,Nagpur,"Ambazari, Nagpur - MPCB",30-11-2025 02:00:00,21.121801,79.04952,PM2.5,67.0,129.0,97.0,2025-11-29 21:23:24.610846
India,Maharashtra,Nagpur,"Mahal, Nagpur - MPCB",30-11-2025 02:00:00,21.14472,79.107595,PM10,93.0,199.0,124.0,2025-11-29 21:23:24.610846
India,Maharashtra,Nagpur,"Mahal, Nagpur - MPCB",30-11-2025 02:00:00,21.14472,79.107595,OZONE,8.0,49.0,17.0,2025-11-29 21:23:24.610846
India,Maharashtra,Nagpur,"Opp GPO Civil Lines, Nagpur - MPCB",30-11-2025 02:00:00,21.152875,79.0517531,PM10,75.0,159.0,105.0,2025-11-29 21:23:24.610846
India,Maharashtra,Nashik,"Gangapur Road, Nashik - MPCB",30-11-2025 02:00:00,20.0073285,73.7762427,NO2,,,,2025-11-29 21:23:24.610846
India,Maharashtra,Nashik,"Gangapur Road, Nashik - MPCB",30-11-2025 02:00:00,20.0073285,73.7762427,SO2,,,,2025-11-29 21:23:24.610846
India,Maharashtra,Nagpur,"Opp GPO Civil Lines, Nagpur - MPCB",30-11-2025 02:00:00,21.152875,79.0517531,OZONE,2.0,76.0,6.0,2025-11-29 21:23:24.610846
India,Maharashtra,Nanded,"Sneh Nagar, Nanded - MPCB",30-11-2025 02:00:00,19.173852,77.296291,PM10,105.0,156.0,132.0,2025-11-29 21:23:24.610846
India,Maharashtra,Nagpur,"Ram Nagar, Nagpur - MPCB",30-11-2025 02:00:00,21.143383,79.048912,PM10,105.0,193.0,125.0,2025-11-29 21:23:24.610846
India,Maharashtra,Nashik,"Hirawadi, Nashik - MPCB",30-11-2025 02:00:00,20.021503,73.813844,PM2.5,48.0,122.0,77.0,2025-11-29 21:23:24.610846
India,Maharashtra,Nashik,"Hirawadi, Nashik - MPCB",30-11-2025 02:00:00,20.021503,73.813844,OZONE,6.0,75.0,44.0,2025-11-29 21:23:24.610846
India,Maharashtra,Nanded,"Sneh Nagar, Nanded - MPCB",30-11-2025 02:00:00,19.173852,77.296291,SO2,8.0,9.0,9.0,2025-11-29 21:23:24.610846
India,Maharashtra,Nashik,"MIDC Ambad, Nashik - MPCB",30-11-2025 02:00:00,19.95022,73.73148,CO,13.0,19.0,15.0,2025-11-29 21:23:24.610846
India,Maharashtra,Nashik,"Pandav Nagari, Nashik - MPCB",30-11-2025 02:00:00,19.9591346,73.7788008,PM2.5,70.0,212.0,110.0,2025-11-29 21:23:24.610846
India,Maharashtra,Nashik,"Pandav Nagari, Nashik - MPCB",30-11-2025 02:00:00,19.9591346,73.7788008,NO2,7.0,19.0,13.0,2025-11-29 21:23:24.610846
India,Maharashtra,Nashik,"Pandav Nagari, Nashik - MPCB",30-11-2025 02:00:00,19.9591346,73.7788008,OZONE,22.0,71.0,31.0,2025-11-29 21:23:24.610846
India,Maharashtra,Navi Mumbai,"Kopripada-Vashi, Navi Mumbai - MPCB",30-11-2025 02:00:00,19.090337,73.014232,PM2.5,29.0,134.0,74.0,2025-11-29 21:23:24.610846
India,Maharashtra,Navi Mumbai,"Kopripada-Vashi, Navi Mumbai - MPCB",30-11-2025 02:00:00,19.090337,73.014232,PM10,,,,2025-11-29 21:23:24.610846
India,Maharashtra,Navi Mumbai,"Kopripada-Vashi, Navi Mumbai - MPCB",30-11-2025 02:00:00,19.090337,73.014232,SO2,16.0,29.0,21.0,2025-11-29 21:23:24.610846
India,Maharashtra,Navi Mumbai,"Kopripada-Vashi, Navi Mumbai - MPCB",30-11-2025 02:00:00,19.090337,73.014232,OZONE,1.0,48.0,5.0,2025-11-29 21:23:24.610846
India,Maharashtra,Navi Mumbai,"Mahape, Navi Mumbai - MPCB",30-11-2025 02:00:00,19.1135051,73.008978,NH3,3.0,4.0,3.0,2025-11-29 21:23:24.610846
India,Maharashtra,Navi Mumbai,"Mahape, Navi Mumbai - MPCB",30-11-2025 02:00:00,19.1135051,73.008978,SO2,23.0,26.0,25.0,2025-11-29 21:23:24.610846
India,Andhra_Pradesh,Rajamahendravaram,"Anand Kala Kshetram, Rajamahendravaram - APPCB",30-11-2025 02:00:00,16.9872867,81.7363176,PM10,56.0,102.0,78.0,2025-11-29 21:23:24.610846
India,Andhra_Pradesh,Rajamahendravaram,"Anand Kala Kshetram, Rajamahendravaram - APPCB",30-11-2025 02:00:00,16.9872867,81.7363176,NH3,1.0,3.0,2.0,2025-11-29 21:23:24.610846
India,Andhra_Pradesh,Rajamahendravaram,"Anand Kala Kshetram, Rajamahendravaram - APPCB",30-11-2025 02:00:00,16.9872867,81.7363176,OZONE,7.0,22.0,11.0,2025-11-29 21:23:24.610846
India,Andhra_Pradesh,Tirumala,"Toll Gate, Tirumala - APPCB",30-11-2025 02:00:00,13.67,79.35,PM2.5,10.0,150.0,65.0,2025-11-29 21:23:24.610846
India,Andhra_Pradesh,Tirumala,"Toll Gate, Tirumala - APPCB",30-11-2025 02:00:00,13.67,79.35,NH3,1.0,1.0,1.0,2025-11-29 21:23:24.610846
India,Andhra_Pradesh,Tirupati,"Vaikuntapuram, Tirupati - APPCB",30-11-2025 02:00:00,13.615387,79.40923,PM2.5,,,,2025-11-29 21:23:24.610846
India,Andhra_Pradesh,Tirupati,"Vaikuntapuram, Tirupati - APPCB",30-11-2025 02:00:00,13.615387,79.40923,PM10,,,,2025-11-29 21:23:24.610846
India,Andhra_Pradesh,Tirupati,"Vaikuntapuram, Tirupati - APPCB",30-11-2025 02:00:00,13.615387,79.40923,NO2,,,,2025-11-29 21:23:24.610846
India,Andhra_Pradesh,Tirupati,"Vaikuntapuram, Tirupati - APPCB",30-11-2025 02:00:00,13.615387,79.40923,OZONE,16.0,17.0,16.0,2025-11-29 21:23:24.610846
India,Assam,Guwahati,"LGBI Airport, Guwahati - PCBA",30-11-2025 02:00:00,26.10887,91.589544,CO,24.0,131.0,52.0,2025-11-29 21:23:24.610846
India,Assam,Guwahati,"Railway Colony, Guwahati - PCBA",30-11-2025 02:00:00,26.181742,91.78063,PM2.5,2.0,345.0,146.0,2025-11-29 21:23:24.610846
India,Assam,Nagaon,"Christianpatty, Nagaon - PCBA",30-11-2025 02:00:00,26.349082,92.68449,PM2.5,62.0,62.0,62.0,2025-11-29 21:23:24.610846
India,Assam,Nagaon,"Christianpatty, Nagaon - PCBA",30-11-2025 02:00:00,26.349082,92.68449,OZONE,8.0,9.0,9.0,2025-11-29 21:23:24.610846
India,Assam,Nalbari,"Bata Chowk, Nalbari - PCBA",30-11-2025 02:00:00,26.446912,91.439057,CO,20.0,22.0,21.0,2025-11-29 21:23:24.610846
India,Assam,Silchar,"Tarapur, Silchar - PCBA",30-11-2025 02:00:00,24.82827,92.79525,PM10,42.0,95.0,63.0,2025-11-29 21:23:24.610846
India,Andhra_Pradesh,Vijayawada,"HB Colony, Vijayawada - APPCB",30-11-2025 02:00:00,16.536107,80.594233,PM10,47.0,64.0,55.0,2025-11-29 21:23:24.610846
India,Andhra_Pradesh,Vijayawada,"HB Colony, Vijayawada - APPCB",30-11-2025 02:00:00,16.536107,80.594233,CO,40.0,40.0,40.0,2025-11-29 21:23:24.610846
India,Andhra_Pradesh,Vijayawada,"Rajiv Gandhi Park, Vijayawada - APPCB",30-11-2025 02:00:00,16.509717,80.612222,NH3,6.0,9.0,8.0,2025-11-29 21:23:24.610846
India,Andhra_Pradesh,Vijayawada,"Rajiv Nagar, Vijayawada - APPCB",30-11-2025 02:00:00,16.554731,80.64911,NO2,8.0,9.0,9.0,2025-11-29 21:23:24.610846
India,Andhra_Pradesh,Vijayawada,"Rajiv Nagar, Vijayawada - APPCB",30-11-2025 02:00:00,16.554731,80.64911,CO,26.0,62.0,36.0,2025-11-29 21:23:24.610846
India,Andhra_Pradesh,Visakhapatnam,"GVM Corporation, Visakhapatnam - APPCB",30-11-2025 02:00:00,17.72,83.3,CO,2.0,34.0,28.0,2025-11-29 21:23:24.610846
India,Andhra_Pradesh,Amaravati,"Secretariat, Amaravati - APPCB",30-11-2025 02:00:00,16.5150833,80.5181667,NO2,18.0,59.0,28.0,2025-11-29 21:23:24.610846
India,Andhra_Pradesh,Amaravati,"Secretariat, Amaravati - APPCB",30-11-2025 02:00:00,16.5150833,80.5181667,CO,16.0,32.0,23.0,2025-11-29 21:23:24.610846
India,Andhra_Pradesh,Anantapur,"Gulzarpet, Anantapur - APPCB",30-11-2025 02:00:00,14.675886,77.593027,CO,26.0,46.0,40.0,2025-11-29 21:23:24.610846
India,Andhra_Pradesh,Chittoor,"Gangineni Cheruvu, Chittoor - APPCB",30-11-2025 02:00:00,13.20488,79.097889,NO2,22.0,26.0,24.0,2025-11-29 21:23:24.610846
India,Arunachal_Pradesh,Naharlagun,"Naharlagun, Naharlagun - APSPCB",30-11-2025 02:00:00,27.103358,93.679645,NO2,6.0,6.0,6.0,2025-11-29 21:23:24.610846
India,Assam,Guwahati,"IITG, Guwahati - PCBA",30-11-2025 02:00:00,26.2028636,91.70046436,CO,8.0,22.0,16.0,2025-11-29 21:23:24.610846
India,Assam,Guwahati,"IITG, Guwahati - PCBA",30-11-2025 02:00:00,26.2028636,91.70046436,OZONE,1.0,36.0,4.0,2025-11-29 21:23:24.610846
India,Andhra_Pradesh,Chittoor,"Gangineni Cheruvu, Chittoor - APPCB",30-11-2025 02:00:00,13.20488,79.097889,SO2,6.0,34.0,16.0,2025-11-29 21:23:24.610846
India,Andhra_Pradesh,Kadapa,"Yerramukkapalli, Kadapa - APPCB",30-11-2025 02:00:00,14.465052,78.824187,CO,28.0,40.0,32.0,2025-11-29 21:23:24.610846
India,Andhra_Pradesh,Kadapa,"Yerramukkapalli, Kadapa - APPCB",30-11-2025 02:00:00,14.465052,78.824187,OZONE,21.0,23.0,22.0,2025-11-29 21:23:24.610846
India,Bihar,Araria,"Kharahiya Basti, Araria - BSPCB",30-11-2025 02:00:00,26.146529,87.454184,PM10,45.0,149.0,97.0,2025-11-29 21:23:24.610846
India,Bihar,Araria,"Kharahiya Basti, Araria - BSPCB",30-11-2025 02:00:00,26.146529,87.454184,OZONE,9.0,11.0,10.0,2025-11-29 21:23:24.610846
India,Assam,Sivasagar,"Girls College, Sivasagar - PCBA",30-11-2025 02:00:00,26.987634,94.636574,CO,14.0,58.0,52.0,2025-11-29 21:23:24.610846
India,Assam,Sivasagar,"Girls College, Sivasagar - PCBA",30-11-2025 02:00:00,26.987634,94.636574,OZONE,4.0,98.0,13.0,2025-11-29 21:23:24.610846
India,Bihar,Arrah,"New DM Office, Arrah - BSPCB",30-11-2025 02:00:00,25.5626095,84.663264,PM10,50.0,148.0,108.0,2025-11-29 21:23:24.610846
India,Assam,Guwahati,"LGBI Airport, Guwahati - PCBA",30-11-2025 02:00:00,26.10887,91.589544,NO2,12.0,158.0,22.0,2025-11-29 21:23:24.610846
India,Bihar,Gaya,"Collectorate, Gaya - BSPCB",30-11-2025 02:00:00,24.7955,84.9994,PM2.5,,,,2025-11-29 21:23:24.610846
India,Bihar,Gaya,"Collectorate, Gaya - BSPCB",30-11-2025 02:00:00,24.7955,84.9994,OZONE,19.0,20.0,20.0,2025-11-29 21:23:24.610846
India,Bihar,Gaya,"Kareemganj, Gaya - BSPCB",30-11-2025 02:00:00,24.792403,84.992416,PM2.5,60.0,227.0,108.0,2025-11-29 21:23:24.610846
India,Bihar,Gaya,"Kareemganj, Gaya - BSPCB",30-11-2025 02:00:00,24.792403,84.992416,NH3,4.0,6.0,5.0,2025-11-29 21:23:24.610846
India,Bihar,Gaya,"SFTI Kusdihra, Gaya - BSPCB",30-11-2025 02:00:00,24.762518,84.982348,PM10,39.0,71.0,52.0,2025-11-29 21:23:24.610846
India,Bihar,Gaya,"SFTI Kusdihra, Gaya - BSPCB",30-11-2025 02:00:00,24.762518,84.982348,CO,22.0,42.0,31.0,2025-11-29 21:23:24.610846
India,Bihar,Hajipur,"Industrial Area, Hajipur - BSPCB",30-11-2025 02:00:00,25.697189,85.2459,NO2,34.0,84.0,44.0,2025-11-29 21:23:24.610846
India,Bihar,Bhagalpur,"DM Office_Kachari Chowk, Bhagalpur - BSPCB",30-11-2025 02:00:00,25.251013,86.989001,NO2,5.0,11.0,9.0,2025-11-29 21:23:24.610846
India,Bihar,Bihar Sharif,"D M Colony, Bihar Sharif - BSPCB",30-11-2025 02:00:00,25.204762,85.51496,PM10,21.0,63.0,47.0,2025-11-29 21:23:24.610846
India,Bihar,Begusarai,"Lohiyanagar, Begusarai - BSPCB",30-11-2025 02:00:00,25.42742023,86.13886079,CO,28.0,33.0,32.0,2025-11-29 21:23:24.610846
India,Bihar,Chhapra,"Darshan Nagar, Chhapra - BSPCB",30-11-2025 02:00:00,25.7808257,84.7446768,CO,8.0,18.0,14.0,2025-11-29 21:23:24.610846
India,Bihar,Chhapra,"Darshan Nagar, Chhapra - BSPCB",30-11-2025 02:00:00,25.7808257,84.7446768,NH3,4.0,6.0,5.0,2025-11-29 21:23:24.610846
India,Bihar,Bhagalpur,"Mayaganj, Bhagalpur - BSPCB",30-11-2025 02:00:00,25.265194,87.012947,SO2,19.0,90.0,52.0,2025-11-29 21:23:24.610846
India,Bihar,Buxar,"Charitra Van, Buxar - BSPCB",30-11-2025 02:00:00,25.56752,83.966379,NO2,9.0,10.0,10.0,2025-11-29 21:23:24.610846
India,Bihar,Muzaffarpur,"Buddha Colony, Muzaffarpur - BSPCB",30-11-2025 02:00:00,26.11442,85.39813,CO,32.0,93.0,76.0,2025-11-29 21:23:24.610846
India,Bihar,Muzaffarpur,"MIT-Daudpur Kothi, Muzaffarpur - BSPCB",30-11-2025 02:00:00,26.1403345,85.3650192,PM2.5,73.0,93.0,85.0,2025-11-29 21:23:24.610846
India,Bihar,Muzaffarpur,"MIT-Daudpur Kothi, Muzaffarpur - BSPCB",30-11-2025 02:00:00,26.1403345,85.3650192,PM10,61.0,73.0,66.0,2025-11-29 21:23:24.610846
India,Bihar,Muzaffarpur,"MIT-Daudpur Kothi, Muzaffarpur - BSPCB",30-11-2025 02:00:00,26.1403345,85.3650192,NO2,,,,2025-11-29 21:23:24.610846
India,Bihar,Muzaffarpur,"MIT-Daudpur Kothi, Muzaffarpur - BSPCB",30-11-2025 02:00:00,26.1403345,85.3650192,SO2,10.0,12.0,12.0,2025-11-29 21:23:24.610846
India,Bihar,Muzaffarpur,"MIT-Daudpur Kothi, Muzaffarpur - BSPCB",30-11-2025 02:00:00,26.1403345,85.3650192,CO,38.0,66.0,44.0,2025-11-29 21:23:24.610846
India,Bihar,Muzaffarpur,"Muzaffarpur Collectorate, Muzaffarpur - BSPCB",30-11-2025 02:00:00,26.1209,85.3647,OZONE,12.0,50.0,29.0,2025-11-29 21:23:24.610846
India,Bihar,Katihar,"Mirchaibari, Katihar - BSPCB",30-11-2025 02:00:00,25.560083,87.553265,SO2,10.0,21.0,16.0,2025-11-29 21:23:24.610846
India,Bihar,Kishanganj,"SDM Office_Khagra, Kishanganj - BSPCB",30-11-2025 02:00:00,26.0881305,87.93840336,PM2.5,37.0,50.0,44.0,2025-11-29 21:23:24.610846
India,Bihar,Kishanganj,"SDM Office_Khagra, Kishanganj - BSPCB",30-11-2025 02:00:00,26.0881305,87.93840336,CO,18.0,26.0,21.0,2025-11-29 21:23:24.610846
India,Bihar,Manguraha,"Forest Rest House, Manguraha - BSPCB",30-11-2025 02:00:00,27.308328,84.531742,OZONE,10.0,18.0,11.0,2025-11-29 21:23:24.610846
India,Bihar,Motihari,"Gandak Colony, Motihari - BSPCB",30-11-2025 02:00:00,26.63086,84.90051,CO,42.0,64.0,58.0,2025-11-29 21:23:24.610846
India,Bihar,Patna,"Rajbansi Nagar, Patna - BSPCB",30-11-2025 02:00:00,25.599486,85.113666,SO2,6.0,8.0,7.0,2025-11-29 21:23:24.610846
India,Bihar,Patna,"Samanpura, Patna - BSPCB",30-11-2025 02:00:00,25.596727,85.085624,NH3,5.0,5.0,5.0,2025-11-29 21:23:24.610846
India,Bihar,Patna,"Samanpura, Patna - BSPCB",30-11-2025 02:00:00,25.596727,85.085624,CO,42.0,105.0,91.0,2025-11-29 21:23:24.610846
India,Bihar,Patna,"IGSC Planetarium Complex, Patna - BSPCB",30-11-2025 02:00:00,25.610369,85.132568,NO2,1.0,17.0,5.0,2025-11-29 21:23:24.610846
India,Bihar,Patna,"IGSC Planetarium Complex, Patna - BSPCB",30-11-2025 02:00:00,25.610369,85.132568,OZONE,25.0,55.0,30.0,2025-11-29 21:23:24.610846
India,Bihar,Hajipur,"Industrial Area, Hajipur - BSPCB",30-11-2025 02:00:00,25.697189,85.2459,SO2,3.0,8.0,4.0,2025-11-29 21:23:24.610846
India,Bihar,Hajipur,"Industrial Area, Hajipur - BSPCB",30-11-2025 02:00:00,25.697189,85.2459,OZONE,8.0,105.0,36.0,2025-11-29 21:23:24.610846
India,Bihar,Munger,"Town Hall, Munger - BSPCB",30-11-2025 02:00:00,25.376776,86.471523,NO2,4.0,5.0,5.0,2025-11-29 21:23:24.610846
India,Bihar,Munger,"Town Hall, Munger - BSPCB",30-11-2025 02:00:00,25.376776,86.471523,SO2,,,,2025-11-29 21:23:24.610846
India,Bihar,Patna,"Govt. High School Shikarpur, Patna - BSPCB",30-11-2025 02:00:00,25.592539,85.227158,PM2.5,59.0,70.0,64.0,2025-11-29 21:23:24.610846
India,Bihar,Patna,"Govt. High School Shikarpur, Patna - BSPCB",30-11-2025 02:00:00,25.592539,85.227158,NH3,4.0,5.0,5.0,2025-11-29 21:23:24.610846
India,Bihar,Patna,"Rajbansi Nagar, Patna - BSPCB",30-11-2025 02:00:00,25.599486,85.113666,PM10,60.0,111.0,95.0,2025-11-29 21:23:24.610846
India,Chhattisgarh,Bhilai,"32Bungalows, Bhilai - CECB",30-11-2025 02:00:00,21.194815,81.31477,OZONE,1.0,82.0,13.0,2025-11-29 21:23:24.610846
India,Chhattisgarh,Bhilai,"Civic Center, Bhilai - Bhilai Steel Plant",30-11-2025 02:00:00,21.185571,81.343175,PM2.5,32.0,174.0,69.0,2025-11-29 21:23:24.610846
India,Chhattisgarh,Bhilai,"Civic Center, Bhilai - Bhilai Steel Plant",30-11-2025 02:00:00,21.185571,81.343175,PM10,43.0,144.0,69.0,2025-11-29 21:23:24.610846
India,Chhattisgarh,Chhal,"Nawapara SECL Colony, Chhal - CECB",30-11-2025 02:00:00,22.118125,83.140608,PM2.5,40.0,75.0,58.0,2025-11-29 21:23:24.610846
India,Bihar,Rajgir,"Dangi Tola, Rajgir - BSPCB",30-11-2025 02:00:00,25.0328,85.41948,SO2,19.0,23.0,21.0,2025-11-29 21:23:24.610846
India,Bihar,Saharsa,"Police Line, Saharsa - BSPCB",30-11-2025 02:00:00,25.892357,86.590325,NH3,4.0,4.0,4.0,2025-11-29 21:23:24.610846
India,Bihar,Siwan,"Chitragupta Nagar, Siwan - BSPCB",30-11-2025 02:00:00,26.2271665,84.3570427,PM10,,,,2025-11-29 21:23:24.610846
India,Bihar,Siwan,"Chitragupta Nagar, Siwan - BSPCB",30-11-2025 02:00:00,26.2271665,84.3570427,SO2,,,,2025-11-29 21:23:24.610846
India,Bihar,Siwan,"Chitragupta Nagar, Siwan - BSPCB",30-11-2025 02:00:00,26.2271665,84.3570427,CO,32.0,36.0,32.0,2025-11-29 21:23:24.610846
India,Bihar,Sasaram,"Dada Peer, Sasaram - BSPCB",30-11-2025 02:00:00,24.952822,84.002396,PM2.5,46.0,127.0,70.0,2025-11-29 21:23:24.610846
India,Bihar,Sasaram,"Dada Peer, Sasaram - BSPCB",30-11-2025 02:00:00,24.952822,84.002396,PM10,104.0,300.0,167.0,2025-11-29 21:23:24.610846
India,Bihar,Purnia,"Mariam Nagar, Purnia - BSPCB",30-11-2025 02:00:00,25.366336,87.117468,PM10,22.0,95.0,63.0,2025-11-29 21:23:24.610846
India,Bihar,Purnia,"Mariam Nagar, Purnia - BSPCB",30-11-2025 02:00:00,25.366336,87.117468,NO2,5.0,6.0,6.0,2025-11-29 21:23:24.610846
India,Chandigarh,Chandigarh,"Sector-25, Chandigarh - CPCC",30-11-2025 02:00:00,30.751462,76.762879,NO2,13.0,60.0,31.0,2025-11-29 21:23:24.610846
India,Chandigarh,Chandigarh,"Sector-25, Chandigarh - CPCC",30-11-2025 02:00:00,30.751462,76.762879,SO2,5.0,10.0,8.0,2025-11-29 21:23:24.610846
India,Bihar,Purnia,"Mariam Nagar, Purnia - BSPCB",30-11-2025 02:00:00,25.366336,87.117468,PM2.5,25.0,117.0,73.0,2025-11-29 21:23:24.610846
India,Bihar,Saharsa,"Police Line, Saharsa - BSPCB",30-11-2025 02:00:00,25.892357,86.590325,CO,33.0,39.0,35.0,2025-11-29 21:23:24.610846
India,Bihar,Rajgir,"Dangi Tola, Rajgir - BSPCB",30-11-2025 02:00:00,25.0328,85.41948,NO2,9.0,10.0,9.0,2025-11-29 21:23:24.610846
India,Chhattisgarh,Raipur,"Krishak Nagar, Raipur - CECB",30-11-2025 02:00:00,21.237755,81.705301,CO,26.0,46.0,39.0,2025-11-29 21:23:24.610846
India,Chhattisgarh,Raipur,"Krishak Nagar, Raipur - CECB",30-11-2025 02:00:00,21.237755,81.705301,OZONE,,,,2025-11-29 21:23:24.610846
India,Chhattisgarh,Tumidih,"OP Jindal Industrial Park, Tumidih - CECB",30-11-2025 02:00:00,22.06631475,83.33820077,SO2,5.0,19.0,9.0,2025-11-29 21:23:24.610846
India,Delhi,Delhi,"Alipur, Delhi - DPCC",30-11-2025 02:00:00,28.815329,77.15301,PM2.5,80.0,328.0,251.0,2025-11-29 21:23:24.610846
India,Chhattisgarh,Milupara,"Govt. Higher Secondary School, Milupara - CECB",30-11-2025 02:00:00,22.1910172,83.5197009,PM10,37.0,114.0,84.0,2025-11-29 21:23:24.610846
India,Chhattisgarh,Milupara,"Govt. Higher Secondary School, Milupara - CECB",30-11-2025 02:00:00,22.1910172,83.5197009,CO,22.0,57.0,33.0,2025-11-29 21:23:24.610846
India,Chhattisgarh,Raipur,"AIIMS, Raipur - CECB",30-11-2025 02:00:00,21.258815,81.578979,SO2,3.0,7.0,5.0,2025-11-29 21:23:24.610846
India,Chhattisgarh,Raipur,"Bhatagaon New ISBT, Raipur - CECB",30-11-2025 02:00:00,21.219665,81.630094,CO,34.0,100.0,79.0,2025-11-29 21:23:24.610846
India,Chhattisgarh,Chhal,"Nawapara SECL Colony, Chhal - CECB",30-11-2025 02:00:00,22.118125,83.140608,OZONE,2.0,129.0,27.0,2025-11-29 21:23:24.610846
India,Chhattisgarh,Korba,"Rampur, Korba - CECB",30-11-2025 02:00:00,22.368195,82.746431,PM2.5,49.0,87.0,51.0,2025-11-29 21:23:24.610846
India,Chhattisgarh,Korba,"Rampur, Korba - CECB",30-11-2025 02:00:00,22.368195,82.746431,NH3,2.0,2.0,2.0,2025-11-29 21:23:24.610846
India,Chhattisgarh,Milupara,"Govt. Higher Secondary School, Milupara - CECB",30-11-2025 02:00:00,22.1910172,83.5197009,PM2.5,43.0,96.0,66.0,2025-11-29 21:23:24.610846
India,Delhi,Delhi,"Alipur, Delhi - DPCC",30-11-2025 02:00:00,28.815329,77.15301,PM10,115.0,424.0,211.0,2025-11-29 21:23:24.610846
India,Delhi,Delhi,"Alipur, Delhi - DPCC",30-11-2025 02:00:00,28.815329,77.15301,SO2,5.0,24.0,11.0,2025-11-29 21:23:24.610846
India,Delhi,Delhi,"Ashok Vihar, Delhi - DPCC",30-11-2025 02:00:00,28.695381,77.181665,NO2,31.0,150.0,88.0,2025-11-29 21:23:24.610846
India,Delhi,Delhi,"Ashok Vihar, Delhi - DPCC",30-11-2025 02:00:00,28.695381,77.181665,CO,22.0,109.0,60.0,2025-11-29 21:23:24.610846
India,Delhi,Delhi,"Burari Crossing, Delhi - IMD",30-11-2025 02:00:00,28.7256504,77.2011573,CO,4.0,101.0,63.0,2025-11-29 21:23:24.610846
India,Delhi,Delhi,"CRRI Mathura Road, Delhi - IMD",30-11-2025 02:00:00,28.5512005,77.2735737,PM10,130.0,311.0,215.0,2025-11-29 21:23:24.610846
India,Delhi,Delhi,"CRRI Mathura Road, Delhi - IMD",30-11-2025 02:00:00,28.5512005,77.2735737,NO2,29.0,54.0,40.0,2025-11-29 21:23:24.610846
India,Delhi,Delhi,"Chandni Chowk, Delhi - IITM",30-11-2025 02:00:00,28.656756,77.227234,CO,65.0,113.0,108.0,2025-11-29 21:23:24.610846
India,Delhi,Delhi,"DTU, Delhi - CPCB",30-11-2025 02:00:00,28.7500499,77.1112615,NO2,56.0,68.0,63.0,2025-11-29 21:23:24.610846
India,Delhi,Delhi,"DTU, Delhi - CPCB",30-11-2025 02:00:00,28.7500499,77.1112615,SO2,29.0,96.0,47.0,2025-11-29 21:23:24.610846
India,Delhi,Delhi,"Bawana, Delhi - DPCC",30-11-2025 02:00:00,28.7762,77.051074,CO,48.0,100.0,78.0,2025-11-29 21:23:24.610846
India,Delhi,Delhi,"Burari Crossing, Delhi - IMD",30-11-2025 02:00:00,28.7256504,77.2011573,PM10,130.0,345.0,220.0,2025-11-29 21:23:24.610846
India,Delhi,Delhi,"CRRI Mathura Road, Delhi - IMD",30-11-2025 02:00:00,28.5512005,77.2735737,OZONE,10.0,116.0,16.0,2025-11-29 21:23:24.610846
India,Delhi,Delhi,"Bawana, Delhi - DPCC",30-11-2025 02:00:00,28.7762,77.051074,PM2.5,110.0,396.0,297.0,2025-11-29 21:23:24.610846
India,Delhi,Delhi,"Major Dhyan Chand National Stadium, Delhi - DPCC",30-11-2025 02:00:00,28.611281,77.237738,NO2,46.0,151.0,102.0,2025-11-29 21:23:24.610846
India,Delhi,Delhi,"Major Dhyan Chand National Stadium, Delhi - DPCC",30-11-2025 02:00:00,28.611281,77.237738,NH3,10.0,28.0,16.0,2025-11-29 21:23:24.610846
India,Delhi,Delhi,"Major Dhyan Chand National Stadium, Delhi - DPCC",30-11-2025 02:00:00,28.611281,77.237738,OZONE,6.0,89.0,10.0,2025-11-29 21:23:24.610846
India,Delhi,Delhi,"IHBAS, Dilshad Garden, Delhi - CPCB",30-11-2025 02:00:00,28.6811736,77.3025234,NO2,49.0,157.0,82.0,2025-11-29 21:23:24.610846
India,Delhi,Delhi,"IHBAS, Dilshad Garden, Delhi - CPCB",30-11-2025 02:00:00,28.6811736,77.3025234,NH3,4.0,13.0,8.0,2025-11-29 21:23:24.610846
India,Delhi,Delhi,"IHBAS, Dilshad Garden, Delhi - CPCB",30-11-2025 02:00:00,28.6811736,77.3025234,OZONE,20.0,29.0,27.0,2025-11-29 21:23:24.610846
India,Delhi,Delhi,"Nehru Nagar, Delhi - DPCC",30-11-2025 02:00:00,28.56789,77.250515,CO,114.0,133.0,126.0,2025-11-29 21:23:24.610846
India,Delhi,Delhi,"Patparganj, Delhi - DPCC",30-11-2025 02:00:00,28.623763,77.287209,PM2.5,103.0,371.0,284.0,2025-11-29 21:23:24.610846
India,Delhi,Delhi,"Mundka, Delhi - DPCC",30-11-2025 02:00:00,28.684678,77.076574,SO2,1.0,20.0,9.0,2025-11-29 21:23:24.610846
India,Delhi,Delhi,"Mundka, Delhi - DPCC",30-11-2025 02:00:00,28.684678,77.076574,OZONE,2.0,60.0,12.0,2025-11-29 21:23:24.610846
India,Delhi,Delhi,"Dwarka-Sector 8, Delhi - DPCC ",30-11-2025 02:00:00,28.5710274,77.0719006,OZONE,1.0,117.0,7.0,2025-11-29 21:23:24.610846
India,Delhi,Delhi,"Mandir Marg, Delhi - DPCC",30-11-2025 02:00:00,28.636429,77.201067,PM2.5,10.0,337.0,138.0,2025-11-29 21:23:24.610846
India,Delhi,Delhi,"NSIT Dwarka, Delhi - CPCB",30-11-2025 02:00:00,28.60909,77.0325413,PM10,171.0,251.0,194.0,2025-11-29 21:23:24.610846
India,Delhi,Delhi,"Lodhi Road, Delhi - IMD",30-11-2025 02:00:00,28.5918245,77.2273074,CO,11.0,56.0,38.0,2025-11-29 21:23:24.610846
India,Delhi,Delhi,"Pusa, Delhi - DPCC",30-11-2025 02:00:00,28.639652,77.146275,NH3,2.0,9.0,6.0,2025-11-29 21:23:24.610846
India,Delhi,Delhi,"Sirifort, Delhi - CPCB",30-11-2025 02:00:00,28.5504249,77.2159377,NH3,8.0,10.0,9.0,2025-11-29 21:23:24.610846
India,Delhi,Delhi,"Sirifort, Delhi - CPCB",30-11-2025 02:00:00,28.5504249,77.2159377,OZONE,8.0,18.0,12.0,2025-11-29 21:23:24.610846
India,Gujarat,Ahmedabad,"Chandkheda, Ahmedabad - IITM",30-11-2025 02:00:00,23.107969,72.574648,CO,8.0,94.0,77.0,2025-11-29 21:23:24.610846
India,Gujarat,Ahmedabad,"Chandkheda, Ahmedabad - IITM",30-11-2025 02:00:00,23.107969,72.574648,NH3,2.0,10.0,6.0,2025-11-29 21:23:24.610846
India,Delhi,Delhi,"Sonia Vihar, Delhi - DPCC",30-11-2025 02:00:00,28.710508,77.249485,OZONE,4.0,182.0,23.0,2025-11-29 21:23:24.610846
India,Delhi,Delhi,"Vivek Vihar, Delhi - DPCC",30-11-2025 02:00:00,28.672342,77.31526,OZONE,5.0,127.0,18.0,2025-11-29 21:23:24.610846
India,Gujarat,Ahmedabad,"Gyaspur, Ahmedabad - IITM",30-11-2025 02:00:00,22.977134,72.553024,PM10,,,,2025-11-29 21:23:24.610846
India,Delhi,Delhi,"Vivek Vihar, Delhi - DPCC",30-11-2025 02:00:00,28.672342,77.31526,NH3,11.0,13.0,12.0,2025-11-29 21:23:24.610846
India,Delhi,Delhi,"Rohini, Delhi - DPCC",30-11-2025 02:00:00,28.732528,77.11992,PM10,112.0,332.0,215.0,2025-11-29 21:23:24.610846
India,Delhi,Delhi,"Wazirpur, Delhi - DPCC",30-11-2025 02:00:00,28.699793,77.165453,NO2,43.0,113.0,77.0,2025-11-29 21:23:24.610846
India,Gujarat,Gandhinagar,"Sector-10, Gandhinagar - GPCB",30-11-2025 02:00:00,23.221714,72.654328,PM2.5,46.0,81.0,62.0,2025-11-29 21:23:24.610846
India,Gujarat,Gandhinagar,"Sector-10, Gandhinagar - GPCB",30-11-2025 02:00:00,23.221714,72.654328,NO2,16.0,28.0,19.0,2025-11-29 21:23:24.610846
India,Gujarat,Gandhinagar,"Sector-10, Gandhinagar - GPCB",30-11-2025 02:00:00,23.221714,72.654328,OZONE,7.0,69.0,16.0,2025-11-29 21:23:24.610846
India,Gujarat,Nandesari,"GIDC, Nandesari - Nandesari Ind. Association",30-11-2025 02:00:00,22.410802,73.097923,PM10,111.0,152.0,130.0,2025-11-29 21:23:24.610846
India,Gujarat,Surat,"Science Center, Surat - SMC",30-11-2025 02:00:00,21.170046,72.795405,PM10,42.0,150.0,99.0,2025-11-29 21:23:24.610846
India,Gujarat,Surat,"Science Center, Surat - SMC",30-11-2025 02:00:00,21.170046,72.795405,NO2,2.0,19.0,12.0,2025-11-29 21:23:24.610846
India,Gujarat,Ahmedabad,"SAC ISRO Bopal, Ahmedabad - IITM",30-11-2025 02:00:00,23.041137,72.456691,SO2,2.0,7.0,4.0,2025-11-29 21:23:24.610846
India,Gujarat,Ahmedabad,"SAC ISRO Bopal, Ahmedabad - IITM",30-11-2025 02:00:00,23.041137,72.456691,CO,12.0,52.0,40.0,2025-11-29 21:23:24.610846
India,Gujarat,Ahmedabad,"SAC ISRO Satellite, Ahmedabad - IITM",30-11-2025 02:00:00,23.023389,72.515201,PM2.5,54.0,140.0,93.0,2025-11-29 21:23:24.610846
India,Gujarat,Ahmedabad,"SAC ISRO Satellite, Ahmedabad - IITM",30-11-2025 02:00:00,23.023389,72.515201,CO,16.0,102.0,75.0,2025-11-29 21:23:24.610846
India,Gujarat,Ahmedabad,"SVPI Airport Hansol, Ahmedabad - IITM",30-11-2025 02:00:00,23.076793,72.627874,PM10,126.0,248.0,168.0,2025-11-29 21:23:24.610846
India,Gujarat,Ahmedabad,"SVPI Airport Hansol, Ahmedabad - IITM",30-11-2025 02:00:00,23.076793,72.627874,NO2,14.0,103.0,51.0,2025-11-29 21:23:24.610846
India,Gujarat,Ahmedabad,"Raikhad, Ahmedabad - IITM",30-11-2025 02:00:00,23.020509,72.579261,SO2,8.0,17.0,13.0,2025-11-29 21:23:24.610846
India,Gujarat,Ahmedabad,"Rakhial, Ahmedabad - IITM",30-11-2025 02:00:00,23.016834,72.625775,NO2,12.0,139.0,33.0,2025-11-29 21:23:24.610846
India,Gujarat,Ahmedabad,"SAC ISRO Bopal, Ahmedabad - IITM",30-11-2025 02:00:00,23.041137,72.456691,PM2.5,99.0,315.0,208.0,2025-11-29 21:23:24.610846
India,Gujarat,Ankleshwar,"GIDC, Ankleshwar - GPCB",30-11-2025 02:00:00,21.613267,73.010555,PM2.5,49.0,133.0,88.0,2025-11-29 21:23:24.610846
India,Gujarat,Ankleshwar,"GIDC, Ankleshwar - GPCB",30-11-2025 02:00:00,21.613267,73.010555,NO2,27.0,28.0,28.0,2025-11-29 21:23:24.610846
India,Gujarat,Ahmedabad,"Maninagar, Ahmedabad - GPCB",30-11-2025 02:00:00,23.002657,72.591912,PM2.5,50.0,209.0,98.0,2025-11-29 21:23:24.610846
India,Gujarat,Vatva,"Phase-4 GIDC, Vatva - GPCB",30-11-2025 02:00:00,22.969611,72.6435,PM10,95.0,120.0,109.0,2025-11-29 21:23:24.610846
India,Gujarat,Vapi,"Phase-1 GIDC, Vapi - GPCB",30-11-2025 02:00:00,20.362421,72.918013,PM2.5,27.0,218.0,81.0,2025-11-29 21:23:24.610846
India,Gujarat,Ahmedabad,"Maninagar, Ahmedabad - GPCB",30-11-2025 02:00:00,23.002657,72.591912,CO,1.0,82.0,51.0,2025-11-29 21:23:24.610846
India,Gujarat,Vatva,"Phase-4 GIDC, Vatva - GPCB",30-11-2025 02:00:00,22.969611,72.6435,NH3,5.0,9.0,7.0,2025-11-29 21:23:24.610846
India,Haryana,Gurugram,"NISE Gwal Pahari, Gurugram - IMD",30-11-2025 02:00:00,28.422681,77.148944,NO2,29.0,82.0,55.0,2025-11-29 21:23:24.610846
India,Haryana,Gurugram,"NISE Gwal Pahari, Gurugram - IMD",30-11-2025 02:00:00,28.422681,77.148944,CO,2.0,88.0,32.0,2025-11-29 21:23:24.610846
India,Haryana,Gurugram,"Sector-51, Gurugram - HSPCB",30-11-2025 02:00:00,28.4227,77.0667,NH3,4.0,7.0,6.0,2025-11-29 21:23:24.610846
India,Haryana,Gurugram,"Teri Gram, Gurugram - HSPCB",30-11-2025 02:00:00,28.4275,77.1465,PM10,78.0,189.0,131.0,2025-11-29 21:23:24.610846
India,Haryana,Gurugram,"Teri Gram, Gurugram - HSPCB",30-11-2025 02:00:00,28.4275,77.1465,CO,26.0,73.0,47.0,2025-11-29 21:23:24.610846
India,Haryana,Fatehabad,"Huda Sector, Fatehabad - HSPCB",30-11-2025 02:00:00,29.503664,75.467934,PM2.5,,,,2025-11-29 21:23:24.610846
India,Haryana,Fatehabad,"Huda Sector, Fatehabad - HSPCB",30-11-2025 02:00:00,29.503664,75.467934,SO2,3.0,62.0,30.0,2025-11-29 21:23:24.610846
India,Haryana,Ballabgarh,"Nathu Colony, Ballabgarh - HSPCB",30-11-2025 02:00:00,28.3419248,77.319699,PM10,159.0,279.0,199.0,2025-11-29 21:23:24.610846
India,Haryana,Faridabad,"Sector 11, Faridabad - HSPCB",30-11-2025 02:00:00,28.376058,77.315741,PM2.5,55.0,368.0,193.0,2025-11-29 21:23:24.610846
India,Haryana,Faridabad,"Sector 11, Faridabad - HSPCB",30-11-2025 02:00:00,28.376058,77.315741,PM10,66.0,383.0,156.0,2025-11-29 21:23:24.610846
India,Haryana,Faridabad,"Sector 30, Faridabad - HSPCB",30-11-2025 02:00:00,28.4417,77.3217,PM2.5,155.0,185.0,166.0,2025-11-29 21:23:24.610846
India,Haryana,Ambala,"Patti Mehar, Ambala - HSPCB",30-11-2025 02:00:00,30.379589,76.778328,NO2,20.0,24.0,22.0,2025-11-29 21:23:24.610846
India,Haryana,Bhiwani,"H.B. Colony, Bhiwani - HSPCB",30-11-2025 02:00:00,28.806223,76.141105,SO2,12.0,13.0,12.0,2025-11-29 21:23:24.610846
India,Haryana,Jind,"Police Lines, Jind - HSPCB",30-11-2025 02:00:00,29.307814,76.337619,NO2,35.0,52.0,43.0,2025-11-29 21:23:24.610846
India,Haryana,Jind,"Police Lines, Jind - HSPCB",30-11-2025 02:00:00,29.307814,76.337619,OZONE,17.0,78.0,32.0,2025-11-29 21:23:24.610846
India,Haryana,Kaithal,"Rishi Nagar, Kaithal - HSPCB",30-11-2025 02:00:00,29.8006,76.4155,SO2,29.0,34.0,31.0,2025-11-29 21:23:24.610846
India,Haryana,Kaithal,"Rishi Nagar, Kaithal - HSPCB",30-11-2025 02:00:00,29.8006,76.4155,OZONE,11.0,19.0,15.0,2025-11-29 21:23:24.610846
India,Haryana,Kurukshetra,"Sector-7, Kurukshetra - HSPCB",30-11-2025 02:00:00,29.966942,76.875879,PM2.5,61.0,144.0,97.0,2025-11-29 21:23:24.610846
India,Jammu_and_Kashmir,Srinagar,"Rajbagh, Srinagar - JKSPCB",30-11-2025 02:00:00,34.066206,74.81982,OZONE,,,,2025-11-29 21:23:24.610846
India,Jharkhand,Dhanbad,"Sardar Patel Nagar, Dhanbad - JSPCB",30-11-2025 02:00:00,23.80569,86.44268,OZONE,1.0,18.0,3.0,2025-11-29 21:23:24.610846
India,Jharkhand,Jorapokhar,"Tata Stadium, Jorapokhar - JSPCB",30-11-2025 02:00:00,23.707909,86.41467,PM2.5,,,,2025-11-29 21:23:24.610846
India,Haryana,Gurugram,"Vikas Sadan, Gurugram - HSPCB",30-11-2025 02:00:00,28.4501238,77.0263051,SO2,2.0,8.0,5.0,2025-11-29 21:23:24.610846
India,Haryana,Gurugram,"Vikas Sadan, Gurugram - HSPCB",30-11-2025 02:00:00,28.4501238,77.0263051,CO,100.0,141.0,108.0,2025-11-29 21:23:24.610846
India,Haryana,Hisar,"Urban Estate-II, Hisar - HSPCB",30-11-2025 02:00:00,29.14056,75.744941,PM10,71.0,131.0,103.0,2025-11-29 21:23:24.610846
India,Haryana,Panchkula,"Sector-6, Panchkula - HSPCB ",30-11-2025 02:00:00,30.7057778,76.8531805555555,OZONE,13.0,32.0,23.0,2025-11-29 21:23:24.610846
India,Haryana,Panipat,"Sector-18, Panipat - HSPCB",30-11-2025 02:00:00,29.432304,76.972765,PM10,205.0,271.0,241.0,2025-11-29 21:23:24.610846
India,Haryana,Panipat,"Sector-18, Panipat - HSPCB",30-11-2025 02:00:00,29.432304,76.972765,CO,18.0,48.0,48.0,2025-11-29 21:23:24.610846
India,Haryana,Manesar,"Sector-2 IMT, Manesar - HSPCB",30-11-2025 02:00:00,28.360699,76.93609,PM10,96.0,281.0,166.0,2025-11-29 21:23:24.610846
India,Haryana,Manesar,"Sector-2 IMT, Manesar - HSPCB",30-11-2025 02:00:00,28.360699,76.93609,SO2,6.0,38.0,12.0,2025-11-29 21:23:24.610846
India,Haryana,Narnaul,"Shastri Nagar, Narnaul - HSPCB",30-11-2025 02:00:00,28.060249,76.113115,NH3,12.0,23.0,17.0,2025-11-29 21:23:24.610846
India,Haryana,Kurukshetra,"Sector-7, Kurukshetra - HSPCB",30-11-2025 02:00:00,29.966942,76.875879,CO,13.0,30.0,26.0,2025-11-29 21:23:24.610846
India,Haryana,Kurukshetra,"Sector-7, Kurukshetra - HSPCB",30-11-2025 02:00:00,29.966942,76.875879,OZONE,28.0,68.0,50.0,2025-11-29 21:23:24.610846
India,Himachal Pradesh,Baddi,"HIMUDA Complex Phase-1, Baddi - HPPCB",30-11-2025 02:00:00,30.943887,76.801991,PM10,69.0,230.0,143.0,2025-11-29 21:23:24.610846
India,Haryana,Panchkula,"Sector-6, Panchkula - HSPCB ",30-11-2025 02:00:00,30.7057778,76.8531805555555,PM2.5,92.0,97.0,94.0,2025-11-29 21:23:24.610846
India,Haryana,Sirsa,"F-Block, Sirsa - HSPCB",30-11-2025 02:00:00,29.5364,75.0158,OZONE,36.0,45.0,38.0,2025-11-29 21:23:24.610846
India,Karnataka,Bengaluru,"BTM Layout, Bengaluru - CPCB",30-11-2025 02:00:00,12.9135218,77.5950804,OZONE,24.0,25.0,24.0,2025-11-29 21:23:24.610846
India,Karnataka,Bengaluru,"BWSSB Kadabesanahalli, Bengaluru - CPCB",30-11-2025 02:00:00,12.9352049,77.6814488,PM10,,,,2025-11-29 21:23:24.610846
India,Karnataka,Bengaluru,"BWSSB Kadabesanahalli, Bengaluru - CPCB",30-11-2025 02:00:00,12.9352049,77.6814488,CO,8.0,106.0,50.0,2025-11-29 21:23:24.610846
India,Karnataka,Bengaluru,"BWSSB Kadabesanahalli, Bengaluru - CPCB",30-11-2025 02:00:00,12.9352049,77.6814488,OZONE,36.0,59.0,46.0,2025-11-29 21:23:24.610846
India,Karnataka,Bengaluru,"City Railway Station, Bengaluru - KSPCB",30-11-2025 02:00:00,12.9756843,77.5660749,PM10,87.0,88.0,88.0,2025-11-29 21:23:24.610846
India,Karnataka,Bengaluru,"City Railway Station, Bengaluru - KSPCB",30-11-2025 02:00:00,12.9756843,77.5660749,NO2,36.0,39.0,37.0,2025-11-29 21:23:24.610846
India,Jharkhand,Jorapokhar,"Tata Stadium, Jorapokhar - JSPCB",30-11-2025 02:00:00,23.707909,86.41467,OZONE,1.0,3.0,2.0,2025-11-29 21:23:24.610846
India,Karnataka,Bagalkot,"Vidayagiri, Bagalkot - KSPCB",30-11-2025 02:00:00,16.172806,75.659694,PM2.5,35.0,36.0,35.0,2025-11-29 21:23:24.610846
India,Karnataka,Bengaluru,"RVCE-Mailasandra, Bengaluru - KSPCB",30-11-2025 02:00:00,12.921418,77.502466,SO2,6.0,6.0,6.0,2025-11-29 21:23:24.610846
India,Karnataka,Bengaluru,"Sanegurava Halli, Bengaluru - KSPCB",30-11-2025 02:00:00,12.990328,77.5431385,PM10,,,,2025-11-29 21:23:24.610846
India,Karnataka,Bengaluru,"Jayanagar 5th Block, Bengaluru - KSPCB",30-11-2025 02:00:00,12.920984,77.584908,NO2,13.0,65.0,47.0,2025-11-29 21:23:24.610846
India,Karnataka,Bengaluru,"Jayanagar 5th Block, Bengaluru - KSPCB",30-11-2025 02:00:00,12.920984,77.584908,SO2,1.0,45.0,18.0,2025-11-29 21:23:24.610846
India,Karnataka,Bengaluru,"Jayanagar 5th Block, Bengaluru - KSPCB",30-11-2025 02:00:00,12.920984,77.584908,CO,10.0,68.0,33.0,2025-11-29 21:23:24.610846
India,Karnataka,Bengaluru,"Kasturi Nagar, Bengaluru - KSPCB",30-11-2025 02:00:00,13.003872,77.664217,PM10,70.0,72.0,71.0,2025-11-29 21:23:24.610846
India,Karnataka,Bagalkot,"Vidayagiri, Bagalkot - KSPCB",30-11-2025 02:00:00,16.172806,75.659694,OZONE,12.0,16.0,16.0,2025-11-29 21:23:24.610846
India,Karnataka,Bengaluru,"Peenya, Bengaluru - CPCB",30-11-2025 02:00:00,13.0270199,77.494094,CO,28.0,50.0,35.0,2025-11-29 21:23:24.610846
India,Karnataka,Bengaluru,"Jigani, Bengaluru - KSPCB",30-11-2025 02:00:00,12.7816279,77.6299145,CO,47.0,48.0,48.0,2025-11-29 21:23:24.610846
India,Karnataka,Bengaluru,"Peenya, Bengaluru - CPCB",30-11-2025 02:00:00,13.0270199,77.494094,SO2,5.0,14.0,8.0,2025-11-29 21:23:24.610846
India,Karnataka,Koppal,"Diwator Nagar, Koppal - KSPCB",30-11-2025 02:00:00,15.34763,76.181767,OZONE,3.0,5.0,4.0,2025-11-29 21:23:24.610846
India,Karnataka,Madikeri,"Stuart Hill, Madikeri - KSPCB",30-11-2025 02:00:00,12.415911,75.73505,PM2.5,14.0,59.0,32.0,2025-11-29 21:23:24.610846
India,Karnataka,Mangalore,"Kadri, Mangalore - KSPCB",30-11-2025 02:00:00,12.88925,74.853,NH3,4.0,5.0,4.0,2025-11-29 21:23:24.610846
India,Karnataka,Mysuru,"Hebbal 1st Stage, Mysuru - KSPCB",30-11-2025 02:00:00,12.21041,76.37376,PM2.5,,,,2025-11-29 21:23:24.610846
India,Karnataka,Mysuru,"Hebbal 1st Stage, Mysuru - KSPCB",30-11-2025 02:00:00,12.21041,76.37376,NH3,,,,2025-11-29 21:23:24.610846
India,Karnataka,Mysuru,"Hebbal 1st Stage, Mysuru - KSPCB",30-11-2025 02:00:00,12.21041,76.37376,SO2,,,,2025-11-29 21:23:24.610846
India,Karnataka,Shivamogga,"Vinoba Nagara, Shivamogga - KSPCB",30-11-2025 02:00:00,13.94,75.555917,PM2.5,37.0,55.0,47.0,2025-11-29 21:23:24.610846
India,Karnataka,Hubballi,"Lingaraj Nagar, Hubballi - KSPCB",30-11-2025 02:00:00,15.3714823,75.1160168,SO2,1.0,4.0,2.0,2025-11-29 21:23:24.610846
India,Karnataka,Hubballi,"Lingaraj Nagar, Hubballi - KSPCB",30-11-2025 02:00:00,15.3714823,75.1160168,OZONE,12.0,25.0,24.0,2025-11-29 21:23:24.610846
India,Karnataka,Kalaburagi,"Lal Bahadur Shastri Nagar, Kalaburagi - KSPCB",30-11-2025 02:00:00,17.321993,76.822628,PM2.5,,,,2025-11-29 21:23:24.610846
India,Karnataka,Kalaburagi,"Mahatma Basaveswar Colony, Kalaburgi - KSPCB",30-11-2025 02:00:00,17.336318,76.847397,SO2,2.0,4.0,3.0,2025-11-29 21:23:24.610846
India,Karnataka,Kalaburagi,"Mahatma Basaveswar Colony, Kalaburgi - KSPCB",30-11-2025 02:00:00,17.336318,76.847397,CO,38.0,68.0,55.0,2025-11-29 21:23:24.610846
India,Karnataka,Kalaburagi,"Mahatma Basaveswar Colony, Kalaburgi - KSPCB",30-11-2025 02:00:00,17.336318,76.847397,OZONE,14.0,35.0,14.0,2025-11-29 21:23:24.610846
India,Karnataka,Yadgir,"Collector Office, Yadgir - KSPCB",30-11-2025 02:00:00,16.7602,77.1428,PM10,88.0,155.0,110.0,2025-11-29 21:23:24.610846
India,Karnataka,Yadgir,"Collector Office, Yadgir - KSPCB",30-11-2025 02:00:00,16.7602,77.1428,SO2,2.0,19.0,14.0,2025-11-29 21:23:24.610846
India,Karnataka,Kalaburagi,"Lal Bahadur Shastri Nagar, Kalaburagi - KSPCB",30-11-2025 02:00:00,17.321993,76.822628,NH3,,,,2025-11-29 21:23:24.610846
India,Karnataka,Chikkamagaluru,"Kalyana Nagara, Chikkamagaluru - KSPCB",30-11-2025 02:00:00,13.328028,75.797056,PM2.5,10.0,43.0,24.0,2025-11-29 21:23:24.610846
India,Karnataka,Bengaluru,"Sanegurava Halli, Bengaluru - KSPCB",30-11-2025 02:00:00,12.990328,77.5431385,NO2,,,,2025-11-29 21:23:24.610846
India,Karnataka,Chamarajanagar,"Urban, Chamarajanagar - KSPCB",30-11-2025 02:00:00,11.55358,76.55521,NO2,12.0,34.0,24.0,2025-11-29 21:23:24.610846
India,Karnataka,Haveri,"Ashwini Nagar, Haveri - KSPCB",30-11-2025 02:00:00,14.7918,75.3896,SO2,,,,2025-11-29 21:23:24.610846
India,Madhya Pradesh,Jabalpur,"Govindh Bhavan Colony, Jabalpur - JMC",30-11-2025 02:00:00,23.163174,79.973061,NO2,10.0,12.0,11.0,2025-11-29 21:23:24.610846
India,Madhya Pradesh,Jabalpur,"Govindh Bhavan Colony, Jabalpur - JMC",30-11-2025 02:00:00,23.163174,79.973061,SO2,15.0,16.0,16.0,2025-11-29 21:23:24.610846
India,Madhya Pradesh,Jabalpur,"Govindh Bhavan Colony, Jabalpur - JMC",30-11-2025 02:00:00,23.163174,79.973061,CO,40.0,62.0,57.0,2025-11-29 21:23:24.610846
India,Madhya Pradesh,Jabalpur,"Govindh Bhavan Colony, Jabalpur - JMC",30-11-2025 02:00:00,23.163174,79.973061,OZONE,19.0,49.0,22.0,2025-11-29 21:23:24.610846
India,Madhya Pradesh,Jabalpur,"Gupteshwar, Jabalpur - JMC",30-11-2025 02:00:00,23.142888,79.916147,NH3,8.0,17.0,12.0,2025-11-29 21:23:24.610846
India,Madhya Pradesh,Jabalpur,"Gupteshwar, Jabalpur - JMC",30-11-2025 02:00:00,23.142888,79.916147,OZONE,1.0,98.0,10.0,2025-11-29 21:23:24.610846
India,Madhya Pradesh,Jabalpur,"Marhatal, Jabalpur - MPPCB",30-11-2025 02:00:00,23.168606,79.932247,PM2.5,84.0,322.0,200.0,2025-11-29 21:23:24.610846
India,Madhya Pradesh,Indore,"Regional Park, Indore - IMC",30-11-2025 02:00:00,22.678,75.8559,PM10,43.0,74.0,55.0,2025-11-29 21:23:24.610846
India,Madhya Pradesh,Indore,"Residency Area, Indore - IMC",30-11-2025 02:00:00,22.7084,75.8815,PM2.5,43.0,79.0,59.0,2025-11-29 21:23:24.610846
India,Madhya Pradesh,Indore,"Residency Area, Indore - IMC",30-11-2025 02:00:00,22.7084,75.8815,OZONE,12.0,34.0,13.0,2025-11-29 21:23:24.610846
India,Kerala,Eloor,"Udyogamandal, Eloor - Kerala PCB",30-11-2025 02:00:00,10.073232,76.302765,OZONE,,,,2025-11-29 21:23:24.610846
India,Kerala,Kannur,"Thavakkara, Kannur - Kerala PCB",30-11-2025 02:00:00,11.875,75.3732,SO2,3.0,5.0,4.0,2025-11-29 21:23:24.610846
India,Madhya Pradesh,Indore,"Chhoti Gwaltoli, Indore - MPPCB",30-11-2025 02:00:00,22.431,75.5213,PM2.5,93.0,252.0,149.0,2025-11-29 21:23:24.610846
India,Madhya Pradesh,Indore,"Chhoti Gwaltoli, Indore - MPPCB",30-11-2025 02:00:00,22.431,75.5213,PM10,105.0,163.0,126.0,2025-11-29 21:23:24.610846
India,Madhya Pradesh,Gwalior,"Deen Dayal Nagar, Gwalior - MPPCB",30-11-2025 02:00:00,26.259242,78.216432,NO2,18.0,112.0,55.0,2025-11-29 21:23:24.610846
India,Kerala,Thrissur,"Corporation Ground, Thrissur - Kerala PCB",30-11-2025 02:00:00,10.5324,76.2159,PM10,48.0,57.0,53.0,2025-11-29 21:23:24.610846
India,Madhya Pradesh,Gwalior,"Maharaj Bada, Gwalior - MPPCB",30-11-2025 02:00:00,26.200388,78.147714,OZONE,5.0,73.0,23.0,2025-11-29 21:23:24.610846
India,Madhya Pradesh,Dewas,"Bhopal Chauraha, Dewas - MPPCB",30-11-2025 02:00:00,22.9682591,76.064118,SO2,24.0,46.0,41.0,2025-11-29 21:23:24.610846
India,Madhya Pradesh,Indore,"Airport Area, Indore - IMC",30-11-2025 02:00:00,22.7289,75.8076,CO,6.0,14.0,9.0,2025-11-29 21:23:24.610846
India,Madhya Pradesh,Singrauli,"Suryakiran Bhawan NCL, Singrauli - MPPCB",30-11-2025 02:00:00,24.10897,82.64558,SO2,,,,2025-11-29 21:23:24.610846
India,Maharashtra,Ahmednagar,"Tarakpur, Ahmednagar - MPCB",30-11-2025 02:00:00,19.10122,74.73339,PM2.5,59.0,257.0,94.0,2025-11-29 21:23:24.610846
India,Maharashtra,Ahmednagar,"Tarakpur, Ahmednagar - MPCB",30-11-2025 02:00:00,19.10122,74.73339,NO2,1.0,21.0,9.0,2025-11-29 21:23:24.610846
India,Maharashtra,Ahmednagar,"Tarakpur, Ahmednagar - MPCB",30-11-2025 02:00:00,19.10122,74.73339,CO,12.0,114.0,92.0,2025-11-29 21:23:24.610846
India,Maharashtra,Akola,"Ramdaspeth, Akola - MPCB",30-11-2025 02:00:00,20.719516,77.000253,PM2.5,29.0,87.0,48.0,2025-11-29 21:23:24.610846
India,Madhya Pradesh,Katni,"Gole Bazar, Katni - MPPCB",30-11-2025 02:00:00,23.50016,80.23284,NH3,5.0,6.0,6.0,2025-11-29 21:23:24.610846
India,Madhya Pradesh,Mandideep,"Sector-D Industrial Area, Mandideep - MPPCB",30-11-2025 02:00:00,23.10844,77.511428,PM2.5,95.0,303.0,182.0,2025-11-29 21:23:24.610846
India,Madhya Pradesh,Mandideep,"Sector-D Industrial Area, Mandideep - MPPCB",30-11-2025 02:00:00,23.10844,77.511428,NO2,44.0,147.0,98.0,2025-11-29 21:23:24.610846
India,Madhya Pradesh,Mandideep,"Sector-D Industrial Area, Mandideep - MPPCB",30-11-2025 02:00:00,23.10844,77.511428,NH3,5.0,10.0,7.0,2025-11-29 21:23:24.610846
India,Madhya Pradesh,Pithampur,"Sector-2 Industrial Area, Pithampur - MPPCB",30-11-2025 02:00:00,22.624758,75.675238,PM2.5,109.0,311.0,199.0,2025-11-29 21:23:24.610846
India,Madhya Pradesh,Jabalpur,"Marhatal, Jabalpur - MPPCB",30-11-2025 02:00:00,23.168606,79.932247,NO2,15.0,105.0,48.0,2025-11-29 21:23:24.610846
India,Madhya Pradesh,Jabalpur,"Marhatal, Jabalpur - MPPCB",30-11-2025 02:00:00,23.168606,79.932247,SO2,12.0,38.0,26.0,2025-11-29 21:23:24.610846
India,Madhya Pradesh,Jabalpur,"Marhatal, Jabalpur - MPPCB",30-11-2025 02:00:00,23.168606,79.932247,OZONE,2.0,123.0,13.0,2025-11-29 21:23:24.610846
India,Madhya Pradesh,Jabalpur,"Suhagi, Jabalpur - JMC",30-11-2025 02:00:00,23.218135,79.95777,NO2,,,,2025-11-29 21:23:24.610846
India,Madhya Pradesh,Katni,"Gole Bazar, Katni - MPPCB",30-11-2025 02:00:00,23.50016,80.23284,PM10,79.0,290.0,162.0,2025-11-29 21:23:24.610846
India,Maharashtra,Aurangabad,"MIDC Chilkalthana, Aurangabad - MPCB",30-11-2025 02:00:00,19.87562,75.38731,CO,18.0,52.0,38.0,2025-11-29 21:23:24.610846
India,Maharashtra,Aurangabad,"More Chowk Waluj, Aurangabad - MPCB",30-11-2025 02:00:00,19.8389439,75.244448,PM2.5,58.0,208.0,103.0,2025-11-29 21:23:24.610846
India,Maharashtra,Amravati,"Shivneri Colony, Amravati - MPCB",30-11-2025 02:00:00,20.9402359,77.7895248,PM10,89.0,155.0,110.0,2025-11-29 21:23:24.610846
India,Maharashtra,Amravati,"Shivneri Colony, Amravati - MPCB",30-11-2025 02:00:00,20.9402359,77.7895248,NH3,2.0,3.0,3.0,2025-11-29 21:23:24.610846
India,Maharashtra,Amravati,"Shivneri Colony, Amravati - MPCB",30-11-2025 02:00:00,20.9402359,77.7895248,SO2,20.0,34.0,23.0,2025-11-29 21:23:24.610846
India,Maharashtra,Aurangabad,"Rachnakar Colony, Aurangabad - MPCB",30-11-2025 02:00:00,19.863756,75.321188,PM2.5,76.0,246.0,124.0,2025-11-29 21:23:24.610846
India,Maharashtra,Aurangabad,"Rachnakar Colony, Aurangabad - MPCB",30-11-2025 02:00:00,19.863756,75.321188,CO,16.0,58.0,39.0,2025-11-29 21:23:24.610846
India,Maharashtra,Aurangabad,"More Chowk Waluj, Aurangabad - MPCB",30-11-2025 02:00:00,19.8389439,75.244448,SO2,11.0,20.0,16.0,2025-11-29 21:23:24.610846
India,Maharashtra,Amravati,"Shivneri Colony, Amravati - MPCB",30-11-2025 02:00:00,20.9402359,77.7895248,CO,12.0,54.0,33.0,2025-11-29 21:23:24.610846
India,Maharashtra,Akola,"Ramdaspeth, Akola - MPCB",30-11-2025 02:00:00,20.719516,77.000253,OZONE,2.0,62.0,12.0,2025-11-29 21:23:24.610846
India,Maharashtra,Kalyan,"Pimpleshwar Mandir, Kalyan - MPCB",30-11-2025 02:00:00,19.192056,72.9585188,PM2.5,,,,2025-11-29 21:23:24.610846
India,Maharashtra,Kolhapur,"Shivaji University, Kolhapur - MPCB",30-11-2025 02:00:00,16.6870449,74.2505872,PM2.5,89.0,183.0,129.0,2025-11-29 21:23:24.610846
India,Maharashtra,Belapur,"CBD Belapur, Belapur - MPCB",30-11-2025 02:00:00,19.0243902,73.0406721,OZONE,7.0,44.0,22.0,2025-11-29 21:23:24.610846
India,Maharashtra,Bhiwandi,"Gokul Nagar, Bhiwandi - MPCB",30-11-2025 02:00:00,19.309073,73.057223,SO2,9.0,14.0,11.0,2025-11-29 21:23:24.610846
India,Maharashtra,Jalgaon,"Prabhat Colony, Jalgaon - MPCB",30-11-2025 02:00:00,21.001264,75.565602,NO2,4.0,40.0,13.0,2025-11-29 21:23:24.610846
India,Maharashtra,Jalgaon,"Prabhat Colony, Jalgaon - MPCB",30-11-2025 02:00:00,21.001264,75.565602,SO2,5.0,58.0,11.0,2025-11-29 21:23:24.610846
India,Maharashtra,Jalgaon,"Prabhat Colony, Jalgaon - MPCB",30-11-2025 02:00:00,21.001264,75.565602,CO,20.0,71.0,44.0,2025-11-29 21:23:24.610846
India,Maharashtra,Chandrapur,"Chauhan Colony, Chandrapur - MPCB",30-11-2025 02:00:00,19.9629,79.298714,PM10,102.0,241.0,150.0,2025-11-29 21:23:24.610846
India,Maharashtra,Chandrapur,"Chauhan Colony, Chandrapur - MPCB",30-11-2025 02:00:00,19.9629,79.298714,CO,24.0,62.0,46.0,2025-11-29 21:23:24.610846
India,Maharashtra,Bhiwandi,"Gokul Nagar, Bhiwandi - MPCB",30-11-2025 02:00:00,19.309073,73.057223,OZONE,13.0,99.0,30.0,2025-11-29 21:23:24.610846
India,Maharashtra,Belapur,"CBD Belapur, Belapur - MPCB",30-11-2025 02:00:00,19.0243902,73.0406721,NH3,1.0,2.0,1.0,2025-11-29 21:23:24.610846
India,Maharashtra,Badlapur,"Katrap, Badlapur - MPCB",30-11-2025 02:00:00,19.16485,73.23409,NO2,14.0,32.0,24.0,2025-11-29 21:23:24.610846
India,Maharashtra,Badlapur,"Katrap, Badlapur - MPCB",30-11-2025 02:00:00,19.16485,73.23409,CO,24.0,87.0,65.0,2025-11-29 21:23:24.610846
India,Maharashtra,Dhule,"Deopur, Dhule - MPCB",30-11-2025 02:00:00,20.918946,74.776388,NH3,1.0,27.0,5.0,2025-11-29 21:23:24.610846
India,Maharashtra,Latur,"Sawe Wadi, Latur - MPCB",30-11-2025 02:00:00,18.39963,76.57452,CO,21.0,44.0,30.0,2025-11-29 21:23:24.610846
India,Maharashtra,Mahad,"Kamble Tarf Birwadi, Mahad - MPCB",30-11-2025 02:00:00,18.1023399,73.4783687,NH3,3.0,5.0,4.0,2025-11-29 21:23:24.610846
India,Maharashtra,Mahad,"Kamble Tarf Birwadi, Mahad - MPCB",30-11-2025 02:00:00,18.1023399,73.4783687,OZONE,16.0,74.0,41.0,2025-11-29 21:23:24.610846
India,Maharashtra,Mumbai,"Chhatrapati Shivaji Intl. Airport (T2), Mumbai - MPCB",30-11-2025 02:00:00,19.10078,72.87462,OZONE,7.0,8.0,7.0,2025-11-29 21:23:24.610846
India,Maharashtra,Mumbai,"Colaba, Mumbai - MPCB",30-11-2025 02:00:00,18.91,72.82,PM2.5,29.0,74.0,50.0,2025-11-29 21:23:24.610846
India,Maharashtra,Malegaon,"Mahesh Nagar, Malegaon - MPCB",30-11-2025 02:00:00,20.555712,74.529236,OZONE,9.0,75.0,33.0,2025-11-29 21:23:24.610846
India,Maharashtra,Mira-Bhayandar,"Bhayandar West, Mira-Bhayandar - MPCB",30-11-2025 02:00:00,19.296481,72.840923,SO2,,,,2025-11-29 21:23:24.610846
India,Maharashtra,Mumbai,"Chakala-Andheri East, Mumbai - IITM",30-11-2025 02:00:00,19.11074,72.86084,PM10,66.0,132.0,99.0,2025-11-29 21:23:24.610846
India,Maharashtra,Mira-Bhayandar,"Bhayandar West, Mira-Bhayandar - MPCB",30-11-2025 02:00:00,19.296481,72.840923,CO,,,,2025-11-29 21:23:24.610846
India,Maharashtra,Mumbai,"Borivali East, Mumbai - IITM",30-11-2025 02:00:00,19.23241,72.86895,PM2.5,33.0,123.0,79.0,2025-11-29 21:23:24.610846
India,Maharashtra,Mumbai,"Borivali East, Mumbai - IITM",30-11-2025 02:00:00,19.23241,72.86895,NH3,4.0,8.0,6.0,2025-11-29 21:23:24.610846
India,Maharashtra,Mumbai,"Chembur, Mumbai - MPCB",30-11-2025 02:00:00,19.0364585,72.8954371,SO2,2.0,16.0,7.0,2025-11-29 21:23:24.610846
India,Maharashtra,Mumbai,"Byculla, Mumbai - BMC",30-11-2025 02:00:00,18.9767,72.838,NH3,10.0,21.0,15.0,2025-11-29 21:23:24.610846
India,Maharashtra,Nagpur,"Ambazari, Nagpur - MPCB",30-11-2025 02:00:00,21.121801,79.04952,NH3,4.0,14.0,6.0,2025-11-29 21:23:24.610846
India,Maharashtra,Nagpur,"Ambazari, Nagpur - MPCB",30-11-2025 02:00:00,21.121801,79.04952,SO2,19.0,110.0,42.0,2025-11-29 21:23:24.610846
India,Maharashtra,Nagpur,"Ambazari, Nagpur - MPCB",30-11-2025 02:00:00,21.121801,79.04952,OZONE,14.0,126.0,38.0,2025-11-29 21:23:24.610846
India,Maharashtra,Nagpur,"Mahal, Nagpur - MPCB",30-11-2025 02:00:00,21.14472,79.107595,SO2,6.0,64.0,30.0,2025-11-29 21:23:24.610846
India,Maharashtra,Nagpur,"Mahal, Nagpur - MPCB",30-11-2025 02:00:00,21.14472,79.107595,CO,36.0,119.0,93.0,2025-11-29 21:23:24.610846
India,Maharashtra,Mumbai,"Deonar, Mumbai - IITM",30-11-2025 02:00:00,19.04946,72.923,NH3,7.0,13.0,10.0,2025-11-29 21:23:24.610846
India,Maharashtra,Mumbai,"Ghatkopar, Mumbai - BMC",30-11-2025 02:00:00,19.083694,72.920967,NO2,19.0,89.0,45.0,2025-11-29 21:23:24.610846
India,Maharashtra,Mumbai,"Kandivali East, Mumbai - MPCB",30-11-2025 02:00:00,19.2058,72.8682,PM2.5,30.0,356.0,66.0,2025-11-29 21:23:24.610846
India,Maharashtra,Mumbai,"Kherwadi_Bandra East, Mumbai - MPCB",30-11-2025 02:00:00,19.0632143,72.8456324,NH3,8.0,14.0,12.0,2025-11-29 21:23:24.610846
India,Maharashtra,Mumbai,"Kherwadi_Bandra East, Mumbai - MPCB",30-11-2025 02:00:00,19.0632143,72.8456324,SO2,3.0,4.0,3.0,2025-11-29 21:23:24.610846
India,Maharashtra,Mumbai,"Khindipada-Bhandup West, Mumbai - IITM",30-11-2025 02:00:00,19.1653323,72.922099,NH3,1.0,2.0,1.0,2025-11-29 21:23:24.610846
India,Maharashtra,Mumbai,"Shivaji Nagar, Mumbai - BMC",30-11-2025 02:00:00,19.060498,72.923356,NH3,2.0,3.0,2.0,2025-11-29 21:23:24.610846
India,Maharashtra,Mumbai,"Sion, Mumbai - MPCB",30-11-2025 02:00:00,19.047,72.8746,SO2,16.0,17.0,17.0,2025-11-29 21:23:24.610846
India,Maharashtra,Mumbai,"Sion, Mumbai - MPCB",30-11-2025 02:00:00,19.047,72.8746,CO,7.0,16.0,13.0,2025-11-29 21:23:24.610846
India,Maharashtra,Mumbai,"Kurla, Mumbai - MPCB",30-11-2025 02:00:00,19.0863,72.8888,OZONE,28.0,30.0,29.0,2025-11-29 21:23:24.610846
India,Maharashtra,Mumbai,"Malad West, Mumbai - IITM",30-11-2025 02:00:00,19.19709,72.82204,NH3,5.0,13.0,7.0,2025-11-29 21:23:24.610846
India,Maharashtra,Mumbai,"Navy Nagar-Colaba, Mumbai - IITM",30-11-2025 02:00:00,18.897756,72.81332,OZONE,9.0,82.0,42.0,2025-11-29 21:23:24.610846
India,Maharashtra,Mumbai,"Powai, Mumbai - MPCB",30-11-2025 02:00:00,19.1375,72.915056,CO,15.0,15.0,15.0,2025-11-29 21:23:24.610846
India,Maharashtra,Mumbai,"Navy Nagar-Colaba, Mumbai - IITM",30-11-2025 02:00:00,18.897756,72.81332,NO2,25.0,165.0,99.0,2025-11-29 21:23:24.610846
India,Maharashtra,Mumbai,"Mulund West, Mumbai - MPCB",30-11-2025 02:00:00,19.175,72.9419,PM10,,,,2025-11-29 21:23:24.610846
India,Maharashtra,Mumbai,"Sion, Mumbai - MPCB",30-11-2025 02:00:00,19.047,72.8746,OZONE,6.0,13.0,10.0,2025-11-29 21:23:24.610846
India,Maharashtra,Nashik,"MIDC Ambad, Nashik - MPCB",30-11-2025 02:00:00,19.95022,73.73148,OZONE,30.0,88.0,41.0,2025-11-29 21:23:24.610846
India,Maharashtra,Nashik,"Pandav Nagari, Nashik - MPCB",30-11-2025 02:00:00,19.9591346,73.7788008,PM10,81.0,130.0,111.0,2025-11-29 21:23:24.610846
India,Maharashtra,Navi Mumbai,"Kopripada-Vashi, Navi Mumbai - MPCB",30-11-2025 02:00:00,19.090337,73.014232,NO2,,,,2025-11-29 21:23:24.610846
India,Maharashtra,Navi Mumbai,"Kopripada-Vashi, Navi Mumbai - MPCB",30-11-2025 02:00:00,19.090337,73.014232,NH3,3.0,10.0,7.0,2025-11-29 21:23:24.610846
India,Maharashtra,Navi Mumbai,"Kopripada-Vashi, Navi Mumbai - MPCB",30-11-2025 02:00:00,19.090337,73.014232,CO,10.0,50.0,39.0,2025-11-29 21:23:24.610846
India,Maharashtra,Nashik,"Hirawadi, Nashik - MPCB",30-11-2025 02:00:00,20.021503,73.813844,CO,37.0,70.0,47.0,2025-11-29 21:23:24.610846
India,Maharashtra,Nashik,"MIDC Ambad, Nashik - MPCB",30-11-2025 02:00:00,19.95022,73.73148,PM2.5,72.0,101.0,84.0,2025-11-29 21:23:24.610846
India,Maharashtra,Nagpur,"Opp GPO Civil Lines, Nagpur - MPCB",30-11-2025 02:00:00,21.152875,79.0517531,SO2,7.0,93.0,24.0,2025-11-29 21:23:24.610846
India,Maharashtra,Nashik,"Gangapur Road, Nashik - MPCB",30-11-2025 02:00:00,20.0073285,73.7762427,OZONE,10.0,44.0,11.0,2025-11-29 21:23:24.610846
India,Maharashtra,Nanded,"Sneh Nagar, Nanded - MPCB",30-11-2025 02:00:00,19.173852,77.296291,PM2.5,90.0,227.0,153.0,2025-11-29 21:23:24.610846
India,Maharashtra,Nashik,"Pandav Nagari, Nashik - MPCB",30-11-2025 02:00:00,19.9591346,73.7788008,CO,14.0,44.0,28.0,2025-11-29 21:23:24.610846
India,Maharashtra,Nanded,"Sneh Nagar, Nanded - MPCB",30-11-2025 02:00:00,19.173852,77.296291,OZONE,53.0,101.0,69.0,2025-11-29 21:23:24.610846
India,Maharashtra,Nagpur,"Ram Nagar, Nagpur - MPCB",30-11-2025 02:00:00,21.143383,79.048912,NO2,14.0,64.0,26.0,2025-11-29 21:23:24.610846
India,Maharashtra,Navi Mumbai,"Mahape, Navi Mumbai - MPCB",30-11-2025 02:00:00,19.1135051,73.008978,PM2.5,18.0,208.0,39.0,2025-11-29 21:23:24.610846
India,Maharashtra,Navi Mumbai,"Mahape, Navi Mumbai - MPCB",30-11-2025 02:00:00,19.1135051,73.008978,PM10,,,,2025-11-29 21:23:24.610846
India,Maharashtra,Navi Mumbai,"Nerul, Navi Mumbai - MPCB",30-11-2025 02:00:00,19.008751,73.01662,PM10,51.0,166.0,110.0,2025-11-29 21:23:24.610846
India,Maharashtra,Navi Mumbai,"Nerul, Navi Mumbai - MPCB",30-11-2025 02:00:00,19.008751,73.01662,NO2,34.0,37.0,36.0,2025-11-29 21:23:24.610846
India,Maharashtra,Navi Mumbai,"Sanpada, Navi Mumbai - MPCB",30-11-2025 02:00:00,19.0575752,73.0151367,PM2.5,38.0,161.0,98.0,2025-11-29 21:23:24.610846
India,Assam,Guwahati,"LGBI Airport, Guwahati - PCBA",30-11-2025 02:00:00,26.10887,91.589544,NH3,5.0,17.0,6.0,2025-11-29 21:23:24.610846
India,Assam,Guwahati,"LGBI Airport, Guwahati - PCBA",30-11-2025 02:00:00,26.10887,91.589544,SO2,4.0,36.0,14.0,2025-11-29 21:23:24.610846
India,Assam,Guwahati,"Pan Bazaar, Guwahati - PCBA",30-11-2025 02:00:00,26.1875,91.744194,PM10,36.0,113.0,67.0,2025-11-29 21:23:24.610846
India,Assam,Guwahati,"Railway Colony, Guwahati - PCBA",30-11-2025 02:00:00,26.181742,91.78063,NO2,3.0,3.0,3.0,2025-11-29 21:23:24.610846
India,Assam,Nagaon,"Christianpatty, Nagaon - PCBA",30-11-2025 02:00:00,26.349082,92.68449,SO2,12.0,13.0,13.0,2025-11-29 21:23:24.610846
India,Assam,Nalbari,"Bata Chowk, Nalbari - PCBA",30-11-2025 02:00:00,26.446912,91.439057,NO2,14.0,15.0,14.0,2025-11-29 21:23:24.610846
India,Andhra_Pradesh,Vijayawada,"HB Colony, Vijayawada - APPCB",30-11-2025 02:00:00,16.536107,80.594233,OZONE,26.0,50.0,40.0,2025-11-29 21:23:24.610846
India,Andhra_Pradesh,Vijayawada,"Rajiv Nagar, Vijayawada - APPCB",30-11-2025 02:00:00,16.554731,80.64911,SO2,15.0,24.0,20.0,2025-11-29 21:23:24.610846
India,Andhra_Pradesh,Vijayawada,"Rajiv Nagar, Vijayawada - APPCB",30-11-2025 02:00:00,16.554731,80.64911,OZONE,71.0,102.0,83.0,2025-11-29 21:23:24.610846
India,Andhra_Pradesh,Visakhapatnam,"GVM Corporation, Visakhapatnam - APPCB",30-11-2025 02:00:00,17.72,83.3,PM10,56.0,105.0,76.0,2025-11-29 21:23:24.610846
India,Andhra_Pradesh,Visakhapatnam,"GVM Corporation, Visakhapatnam - APPCB",30-11-2025 02:00:00,17.72,83.3,SO2,2.0,14.0,8.0,2025-11-29 21:23:24.610846
India,Andhra_Pradesh,Amaravati,"Secretariat, Amaravati - APPCB",30-11-2025 02:00:00,16.5150833,80.5181667,PM2.5,25.0,130.0,71.0,2025-11-29 21:23:24.610846
India,Andhra_Pradesh,Amaravati,"Secretariat, Amaravati - APPCB",30-11-2025 02:00:00,16.5150833,80.5181667,PM10,47.0,125.0,88.0,2025-11-29 21:23:24.610846
India,Andhra_Pradesh,Amaravati,"Secretariat, Amaravati - APPCB",30-11-2025 02:00:00,16.5150833,80.5181667,NH3,1.0,5.0,4.0,2025-11-29 21:23:24.610846
India,Andhra_Pradesh,Amaravati,"Secretariat, Amaravati - APPCB",30-11-2025 02:00:00,16.5150833,80.5181667,SO2,2.0,11.0,6.0,2025-11-29 21:23:24.610846
India,Andhra_Pradesh,Anantapur,"Gulzarpet, Anantapur - APPCB",30-11-2025 02:00:00,14.675886,77.593027,PM2.5,23.0,136.0,84.0,2025-11-29 21:23:24.610846
India,Andhra_Pradesh,Anantapur,"Gulzarpet, Anantapur - APPCB",30-11-2025 02:00:00,14.675886,77.593027,NH3,4.0,5.0,5.0,2025-11-29 21:23:24.610846
India,Assam,Nalbari,"Bata Chowk, Nalbari - PCBA",30-11-2025 02:00:00,26.446912,91.439057,OZONE,17.0,22.0,22.0,2025-11-29 21:23:24.610846
India,Assam,Silchar,"Tarapur, Silchar - PCBA",30-11-2025 02:00:00,24.82827,92.79525,NO2,17.0,23.0,19.0,2025-11-29 21:23:24.610846
India,Assam,Sivasagar,"Girls College, Sivasagar - PCBA",30-11-2025 02:00:00,26.987634,94.636574,NH3,4.0,12.0,8.0,2025-11-29 21:23:24.610846
India,Assam,Sivasagar,"Girls College, Sivasagar - PCBA",30-11-2025 02:00:00,26.987634,94.636574,SO2,8.0,12.0,10.0,2025-11-29 21:23:24.610846
India,Assam,Byrnihat,"Central Academy for SFS, Byrnihat - PCBA",30-11-2025 02:00:00,26.071318,91.87488,OZONE,16.0,22.0,18.0,2025-11-29 21:23:24.610846
India,Assam,Guwahati,"IITG, Guwahati - PCBA",30-11-2025 02:00:00,26.2028636,91.70046436,NO2,1.0,9.0,5.0,2025-11-29 21:23:24.610846
India,Assam,Guwahati,"IITG, Guwahati - PCBA",30-11-2025 02:00:00,26.2028636,91.70046436,NH3,5.0,5.0,5.0,2025-11-29 21:23:24.610846
India,Assam,Guwahati,"IITG, Guwahati - PCBA",30-11-2025 02:00:00,26.2028636,91.70046436,SO2,23.0,26.0,24.0,2025-11-29 21:23:24.610846
India,Andhra_Pradesh,Rajamahendravaram,"Anand Kala Kshetram, Rajamahendravaram - APPCB",30-11-2025 02:00:00,16.9872867,81.7363176,NO2,16.0,44.0,28.0,2025-11-29 21:23:24.610846
India,Andhra_Pradesh,Tirumala,"Toll Gate, Tirumala - APPCB",30-11-2025 02:00:00,13.67,79.35,PM10,9.0,79.0,44.0,2025-11-29 21:23:24.610846
India,Bihar,Araria,"Kharahiya Basti, Araria - BSPCB",30-11-2025 02:00:00,26.146529,87.454184,NH3,8.0,8.0,8.0,2025-11-29 21:23:24.610846
India,Bihar,Araria,"Kharahiya Basti, Araria - BSPCB",30-11-2025 02:00:00,26.146529,87.454184,SO2,22.0,29.0,26.0,2025-11-29 21:23:24.610846
India,Bihar,Araria,"Kharahiya Basti, Araria - BSPCB",30-11-2025 02:00:00,26.146529,87.454184,CO,35.0,46.0,43.0,2025-11-29 21:23:24.610846
India,Andhra_Pradesh,Chittoor,"Gangineni Cheruvu, Chittoor - APPCB",30-11-2025 02:00:00,13.20488,79.097889,PM10,73.0,127.0,101.0,2025-11-29 21:23:24.610846
India,Andhra_Pradesh,Chittoor,"Gangineni Cheruvu, Chittoor - APPCB",30-11-2025 02:00:00,13.20488,79.097889,OZONE,52.0,58.0,55.0,2025-11-29 21:23:24.610846
India,Assam,Guwahati,"LGBI Airport, Guwahati - PCBA",30-11-2025 02:00:00,26.10887,91.589544,PM10,33.0,94.0,62.0,2025-11-29 21:23:24.610846
India,Bihar,Bihar Sharif,"D M Colony, Bihar Sharif - BSPCB",30-11-2025 02:00:00,25.204762,85.51496,CO,34.0,62.0,48.0,2025-11-29 21:23:24.610846
India,Bihar,Bihar Sharif,"D M Colony, Bihar Sharif - BSPCB",30-11-2025 02:00:00,25.204762,85.51496,OZONE,1.0,48.0,11.0,2025-11-29 21:23:24.610846
India,Bihar,Buxar,"Charitra Van, Buxar - BSPCB",30-11-2025 02:00:00,25.56752,83.966379,PM10,64.0,124.0,109.0,2025-11-29 21:23:24.610846
India,Bihar,Buxar,"Charitra Van, Buxar - BSPCB",30-11-2025 02:00:00,25.56752,83.966379,NH3,3.0,3.0,3.0,2025-11-29 21:23:24.610846
India,Bihar,Bettiah,"Kamalnath Nagar, Bettiah - BSPCB",30-11-2025 02:00:00,26.80365,84.51954,NO2,5.0,11.0,8.0,2025-11-29 21:23:24.610846
India,Bihar,Bettiah,"Kamalnath Nagar, Bettiah - BSPCB",30-11-2025 02:00:00,26.80365,84.51954,NH3,1.0,1.0,1.0,2025-11-29 21:23:24.610846
India,Bihar,Chhapra,"Darshan Nagar, Chhapra - BSPCB",30-11-2025 02:00:00,25.7808257,84.7446768,OZONE,24.0,60.0,45.0,2025-11-29 21:23:24.610846
India,Bihar,Bihar Sharif,"D M Colony, Bihar Sharif - BSPCB",30-11-2025 02:00:00,25.204762,85.51496,NO2,9.0,10.0,9.0,2025-11-29 21:23:24.610846
India,Bihar,Bhagalpur,"Mayaganj, Bhagalpur - BSPCB",30-11-2025 02:00:00,25.265194,87.012947,PM2.5,43.0,103.0,77.0,2025-11-29 21:23:24.610846
India,Bihar,Bhagalpur,"Mayaganj, Bhagalpur - BSPCB",30-11-2025 02:00:00,25.265194,87.012947,OZONE,40.0,97.0,43.0,2025-11-29 21:23:24.610846
India,Bihar,Aurangabad,"Gurdeo Nagar, Aurangabad - BSPCB",30-11-2025 02:00:00,24.75746,84.366208,NH3,,,,2025-11-29 21:23:24.610846
India,Bihar,Arrah,"New DM Office, Arrah - BSPCB",30-11-2025 02:00:00,25.5626095,84.663264,CO,34.0,64.0,53.0,2025-11-29 21:23:24.610846
India,Bihar,Begusarai,"Lohiyanagar, Begusarai - BSPCB",30-11-2025 02:00:00,25.42742023,86.13886079,NH3,2.0,2.0,2.0,2025-11-29 21:23:24.610846
India,Bihar,Manguraha,"Forest Rest House, Manguraha - BSPCB",30-11-2025 02:00:00,27.308328,84.531742,NH3,1.0,2.0,1.0,2025-11-29 21:23:24.610846
India,Bihar,Motihari,"Gandak Colony, Motihari - BSPCB",30-11-2025 02:00:00,26.63086,84.90051,PM2.5,17.0,140.0,82.0,2025-11-29 21:23:24.610846
India,Bihar,Motihari,"Gandak Colony, Motihari - BSPCB",30-11-2025 02:00:00,26.63086,84.90051,PM10,20.0,129.0,90.0,2025-11-29 21:23:24.610846
India,Bihar,Motihari,"Gandak Colony, Motihari - BSPCB",30-11-2025 02:00:00,26.63086,84.90051,SO2,3.0,3.0,3.0,2025-11-29 21:23:24.610846
India,Bihar,Motihari,"Gandak Colony, Motihari - BSPCB",30-11-2025 02:00:00,26.63086,84.90051,OZONE,2.0,4.0,2.0,2025-11-29 21:23:24.610846
India,Bihar,Munger,"Town Hall, Munger - BSPCB",30-11-2025 02:00:00,25.376776,86.471523,PM10,55.0,319.0,119.0,2025-11-29 21:23:24.610846
India,Bihar,Patna,"IGSC Planetarium Complex, Patna - BSPCB",30-11-2025 02:00:00,25.610369,85.132568,SO2,1.0,28.0,7.0,2025-11-29 21:23:24.610846
India,Bihar,Patna,"IGSC Planetarium Complex, Patna - BSPCB",30-11-2025 02:00:00,25.610369,85.132568,CO,30.0,67.0,36.0,2025-11-29 21:23:24.610846
India,Bihar,Patna,"Muradpur, Patna - BSPCB",30-11-2025 02:00:00,25.619651,85.147382,PM2.5,48.0,195.0,121.0,2025-11-29 21:23:24.610846
India,Bihar,Patna,"Muradpur, Patna - BSPCB",30-11-2025 02:00:00,25.619651,85.147382,NO2,6.0,12.0,9.0,2025-11-29 21:23:24.610846
India,Bihar,Muzaffarpur,"MIT-Daudpur Kothi, Muzaffarpur - BSPCB",30-11-2025 02:00:00,26.1403345,85.3650192,NH3,1.0,1.0,1.0,2025-11-29 21:23:24.610846
India,Bihar,Patna,"DRM Office Danapur, Patna - BSPCB",30-11-2025 02:00:00,25.586562,85.043586,PM2.5,83.0,138.0,111.0,2025-11-29 21:23:24.610846
India,Bihar,Patna,"DRM Office Danapur, Patna - BSPCB",30-11-2025 02:00:00,25.586562,85.043586,PM10,60.0,134.0,105.0,2025-11-29 21:23:24.610846
India,Bihar,Gaya,"SFTI Kusdihra, Gaya - BSPCB",30-11-2025 02:00:00,24.762518,84.982348,PM2.5,32.0,51.0,38.0,2025-11-29 21:23:24.610846
India,Bihar,Gaya,"SFTI Kusdihra, Gaya - BSPCB",30-11-2025 02:00:00,24.762518,84.982348,OZONE,10.0,54.0,22.0,2025-11-29 21:23:24.610846
India,Bihar,Hajipur,"Industrial Area, Hajipur - BSPCB",30-11-2025 02:00:00,25.697189,85.2459,PM2.5,86.0,199.0,143.0,2025-11-29 21:23:24.610846
India,Bihar,Katihar,"Mirchaibari, Katihar - BSPCB",30-11-2025 02:00:00,25.560083,87.553265,PM2.5,45.0,130.0,82.0,2025-11-29 21:23:24.610846
India,Bihar,Katihar,"Mirchaibari, Katihar - BSPCB",30-11-2025 02:00:00,25.560083,87.553265,NH3,1.0,1.0,1.0,2025-11-29 21:23:24.610846
India,Bihar,Gaya,"Kareemganj, Gaya - BSPCB",30-11-2025 02:00:00,24.792403,84.992416,PM10,108.0,212.0,159.0,2025-11-29 21:23:24.610846
India,Bihar,Gaya,"Kareemganj, Gaya - BSPCB",30-11-2025 02:00:00,24.792403,84.992416,NO2,3.0,7.0,5.0,2025-11-29 21:23:24.610846
India,Bihar,Muzaffarpur,"Buddha Colony, Muzaffarpur - BSPCB",30-11-2025 02:00:00,26.11442,85.39813,PM2.5,73.0,230.0,158.0,2025-11-29 21:23:24.610846
India,Bihar,Muzaffarpur,"Buddha Colony, Muzaffarpur - BSPCB",30-11-2025 02:00:00,26.11442,85.39813,OZONE,19.0,145.0,30.0,2025-11-29 21:23:24.610846
India,Bihar,Patna,"Govt. High School Shikarpur, Patna - BSPCB",30-11-2025 02:00:00,25.592539,85.227158,OZONE,8.0,11.0,10.0,2025-11-29 21:23:24.610846
India,Bihar,Patna,"Govt. High School Shikarpur, Patna - BSPCB",30-11-2025 02:00:00,25.592539,85.227158,SO2,9.0,13.0,11.0,2025-11-29 21:23:24.610846
India,Chhattisgarh,Bhilai,"Civic Center, Bhilai - Bhilai Steel Plant",30-11-2025 02:00:00,21.185571,81.343175,OZONE,6.0,17.0,13.0,2025-11-29 21:23:24.610846
India,Chhattisgarh,Bilaspur,"Mangala, Bilaspur - NTPC",30-11-2025 02:00:00,22.08815,82.13737,PM10,51.0,113.0,79.0,2025-11-29 21:23:24.610846
India,Chhattisgarh,Bilaspur,"Mangala, Bilaspur - NTPC",30-11-2025 02:00:00,22.08815,82.13737,NO2,,,,2025-11-29 21:23:24.610846
India,Chhattisgarh,Bilaspur,"Mangala, Bilaspur - NTPC",30-11-2025 02:00:00,22.08815,82.13737,CO,16.0,80.0,56.0,2025-11-29 21:23:24.610846
India,Chhattisgarh,Chhal,"Nawapara SECL Colony, Chhal - CECB",30-11-2025 02:00:00,22.118125,83.140608,SO2,1.0,102.0,24.0,2025-11-29 21:23:24.610846
India,Chhattisgarh,Chhal,"Nawapara SECL Colony, Chhal - CECB",30-11-2025 02:00:00,22.118125,83.140608,CO,24.0,52.0,39.0,2025-11-29 21:23:24.610846
India,Chhattisgarh,Korba,"Urja Nagar, Korba - CECB",30-11-2025 02:00:00,22.348441,82.549611,NH3,1.0,2.0,2.0,2025-11-29 21:23:24.610846
India,Bihar,Siwan,"Chitragupta Nagar, Siwan - BSPCB",30-11-2025 02:00:00,26.2271665,84.3570427,NH3,,,,2025-11-29 21:23:24.610846
India,Chandigarh,Chandigarh,"Sector 22, Chandigarh - CPCC",30-11-2025 02:00:00,30.735567,76.775714,NH3,,,,2025-11-29 21:23:24.610846
India,Chandigarh,Chandigarh,"Sector 22, Chandigarh - CPCC",30-11-2025 02:00:00,30.735567,76.775714,SO2,,,,2025-11-29 21:23:24.610846
India,Chandigarh,Chandigarh,"Sector 22, Chandigarh - CPCC",30-11-2025 02:00:00,30.735567,76.775714,OZONE,,,,2025-11-29 21:23:24.610846
India,Chandigarh,Chandigarh,"Sector-25, Chandigarh - CPCC",30-11-2025 02:00:00,30.751462,76.762879,PM10,59.0,128.0,92.0,2025-11-29 21:23:24.610846
India,Chhattisgarh,Bhilai,"32Bungalows, Bhilai - CECB",30-11-2025 02:00:00,21.194815,81.31477,PM10,47.0,87.0,64.0,2025-11-29 21:23:24.610846
India,Chhattisgarh,Bhilai,"32Bungalows, Bhilai - CECB",30-11-2025 02:00:00,21.194815,81.31477,NO2,23.0,105.0,52.0,2025-11-29 21:23:24.610846
India,Chhattisgarh,Bhilai,"Civic Center, Bhilai - Bhilai Steel Plant",30-11-2025 02:00:00,21.185571,81.343175,NH3,4.0,4.0,4.0,2025-11-29 21:23:24.610846
India,Bihar,Samastipur,"DM Office_Kasipur, Samastipur - BSPCB",30-11-2025 02:00:00,25.859655,85.77944,CO,42.0,63.0,58.0,2025-11-29 21:23:24.610846
India,Bihar,Samastipur,"DM Office_Kasipur, Samastipur - BSPCB",30-11-2025 02:00:00,25.859655,85.77944,NO2,6.0,10.0,8.0,2025-11-29 21:23:24.610846
India,Bihar,Patna,"Samanpura, Patna - BSPCB",30-11-2025 02:00:00,25.596727,85.085624,OZONE,50.0,319.0,140.0,2025-11-29 21:23:24.610846
India,Bihar,Patna,"Rajbansi Nagar, Patna - BSPCB",30-11-2025 02:00:00,25.599486,85.113666,NH3,4.0,10.0,8.0,2025-11-29 21:23:24.610846
India,Bihar,Rajgir,"Dangi Tola, Rajgir - BSPCB",30-11-2025 02:00:00,25.0328,85.41948,PM10,48.0,102.0,71.0,2025-11-29 21:23:24.610846
India,Bihar,Patna,"Muradpur, Patna - BSPCB",30-11-2025 02:00:00,25.619651,85.147382,SO2,7.0,10.0,9.0,2025-11-29 21:23:24.610846
India,Chhattisgarh,Tumidih,"OP Jindal Industrial Park, Tumidih - CECB",30-11-2025 02:00:00,22.06631475,83.33820077,NO2,30.0,92.0,55.0,2025-11-29 21:23:24.610846
India,Chhattisgarh,Tumidih,"OP Jindal Industrial Park, Tumidih - CECB",30-11-2025 02:00:00,22.06631475,83.33820077,NH3,1.0,2.0,2.0,2025-11-29 21:23:24.610846
India,Delhi,Delhi,"Alipur, Delhi - DPCC",30-11-2025 02:00:00,28.815329,77.15301,OZONE,7.0,57.0,18.0,2025-11-29 21:23:24.610846
India,Delhi,Delhi,"Anand Vihar, Delhi - DPCC",30-11-2025 02:00:00,28.647622,77.315809,NO2,69.0,148.0,111.0,2025-11-29 21:23:24.610846
India,Delhi,Delhi,"Anand Vihar, Delhi - DPCC",30-11-2025 02:00:00,28.647622,77.315809,OZONE,18.0,27.0,18.0,2025-11-29 21:23:24.610846
India,Delhi,Delhi,"Ashok Vihar, Delhi - DPCC",30-11-2025 02:00:00,28.695381,77.181665,SO2,19.0,34.0,23.0,2025-11-29 21:23:24.610846
India,Chhattisgarh,Raipur,"AIIMS, Raipur - CECB",30-11-2025 02:00:00,21.258815,81.578979,OZONE,,,,2025-11-29 21:23:24.610846
India,Chhattisgarh,Raipur,"Bhatagaon New ISBT, Raipur - CECB",30-11-2025 02:00:00,21.219665,81.630094,PM10,33.0,128.0,80.0,2025-11-29 21:23:24.610846
India,Chhattisgarh,Raipur,"Bhatagaon New ISBT, Raipur - CECB",30-11-2025 02:00:00,21.219665,81.630094,OZONE,3.0,16.0,5.0,2025-11-29 21:23:24.610846
India,Chhattisgarh,Raipur,"Krishak Nagar, Raipur - CECB",30-11-2025 02:00:00,21.237755,81.705301,PM2.5,44.0,89.0,65.0,2025-11-29 21:23:24.610846
India,Chhattisgarh,Raipur,"Krishak Nagar, Raipur - CECB",30-11-2025 02:00:00,21.237755,81.705301,NO2,17.0,24.0,21.0,2025-11-29 21:23:24.610846
India,Chhattisgarh,Raipur,"Siltara Phase-II, Raipur - CECB",30-11-2025 02:00:00,21.371751,81.664929,PM10,,,,2025-11-29 21:23:24.610846
India,Chhattisgarh,Raipur,"Siltara Phase-II, Raipur - CECB",30-11-2025 02:00:00,21.371751,81.664929,SO2,3.0,9.0,5.0,2025-11-29 21:23:24.610846
India,Delhi,Delhi,"Dr. Karni Singh Shooting Range, Delhi - DPCC",30-11-2025 02:00:00,28.498571,77.26484,NH3,8.0,10.0,10.0,2025-11-29 21:23:24.610846
India,Delhi,Delhi,"Dwarka-Sector 8, Delhi - DPCC ",30-11-2025 02:00:00,28.5710274,77.0719006,PM10,121.0,376.0,238.0,2025-11-29 21:23:24.610846
India,Delhi,Delhi,"Dwarka-Sector 8, Delhi - DPCC ",30-11-2025 02:00:00,28.5710274,77.0719006,SO2,23.0,62.0,41.0,2025-11-29 21:23:24.610846
India,Delhi,Delhi,"IGI Airport (T3), Delhi - IMD",30-11-2025 02:00:00,28.5627763,77.1180053,PM2.5,68.0,326.0,234.0,2025-11-29 21:23:24.610846
India,Delhi,Delhi,"IGI Airport (T3), Delhi - IMD",30-11-2025 02:00:00,28.5627763,77.1180053,NO2,53.0,132.0,98.0,2025-11-29 21:23:24.610846
India,Chhattisgarh,Korba,"Urja Nagar, Korba - CECB",30-11-2025 02:00:00,22.348441,82.549611,OZONE,35.0,36.0,36.0,2025-11-29 21:23:24.610846
India,Chhattisgarh,Kunjemura,"OP Jindal School, Kunjemura - CECB",30-11-2025 02:00:00,22.12665,83.483212,PM2.5,30.0,71.0,40.0,2025-11-29 21:23:24.610846
India,Chhattisgarh,Kunjemura,"OP Jindal School, Kunjemura - CECB",30-11-2025 02:00:00,22.12665,83.483212,SO2,1.0,48.0,12.0,2025-11-29 21:23:24.610846
India,Chhattisgarh,Raipur,"AIIMS, Raipur - CECB",30-11-2025 02:00:00,21.258815,81.578979,PM10,,,,2025-11-29 21:23:24.610846
India,Delhi,Delhi,"Aya Nagar, Delhi - IMD",30-11-2025 02:00:00,28.4706914,77.1099364,PM10,115.0,317.0,210.0,2025-11-29 21:23:24.610846
India,Delhi,Delhi,"Aya Nagar, Delhi - IMD",30-11-2025 02:00:00,28.4706914,77.1099364,CO,24.0,62.0,43.0,2025-11-29 21:23:24.610846
India,Delhi,Delhi,"IGI Airport (T3), Delhi - IMD",30-11-2025 02:00:00,28.5627763,77.1180053,OZONE,4.0,57.0,12.0,2025-11-29 21:23:24.610846
India,Delhi,Delhi,"Burari Crossing, Delhi - IMD",30-11-2025 02:00:00,28.7256504,77.2011573,NO2,85.0,139.0,104.0,2025-11-29 21:23:24.610846
India,Delhi,Delhi,"Chandni Chowk, Delhi - IITM",30-11-2025 02:00:00,28.656756,77.227234,PM2.5,99.0,336.0,246.0,2025-11-29 21:23:24.610846
India,Delhi,Delhi,"DTU, Delhi - CPCB",30-11-2025 02:00:00,28.7500499,77.1112615,NH3,9.0,10.0,10.0,2025-11-29 21:23:24.610846
India,Delhi,Delhi,"Jahangirpuri, Delhi - DPCC",30-11-2025 02:00:00,28.73282,77.170633,CO,24.0,128.0,94.0,2025-11-29 21:23:24.610846
India,Delhi,Delhi,"Jawaharlal Nehru Stadium, Delhi - DPCC",30-11-2025 02:00:00,28.58028,77.233829,NO2,44.0,133.0,97.0,2025-11-29 21:23:24.610846
India,Delhi,Delhi,"Jawaharlal Nehru Stadium, Delhi - DPCC",30-11-2025 02:00:00,28.58028,77.233829,CO,25.0,116.0,92.0,2025-11-29 21:23:24.610846
India,Delhi,Delhi,"Lodhi Road, Delhi - IITM",30-11-2025 02:00:00,28.588333,77.221667,PM2.5,96.0,333.0,236.0,2025-11-29 21:23:24.610846
India,Delhi,Delhi,"Narela, Delhi - DPCC",30-11-2025 02:00:00,28.822836,77.101981,SO2,5.0,26.0,14.0,2025-11-29 21:23:24.610846
India,Delhi,Delhi,"North Campus, DU, Delhi - IMD",30-11-2025 02:00:00,28.6573814,77.1585447,NO2,19.0,140.0,95.0,2025-11-29 21:23:24.610846
India,Delhi,Delhi,"North Campus, DU, Delhi - IMD",30-11-2025 02:00:00,28.6573814,77.1585447,CO,1.0,113.0,84.0,2025-11-29 21:23:24.610846
India,Delhi,Delhi,"Mandir Marg, Delhi - DPCC",30-11-2025 02:00:00,28.636429,77.201067,NO2,54.0,127.0,94.0,2025-11-29 21:23:24.610846
India,Delhi,Delhi,"Mandir Marg, Delhi - DPCC",30-11-2025 02:00:00,28.636429,77.201067,CO,60.0,112.0,98.0,2025-11-29 21:23:24.610846
India,Delhi,Delhi,"Najafgarh, Delhi - DPCC",30-11-2025 02:00:00,28.570173,76.933762,NO2,35.0,85.0,72.0,2025-11-29 21:23:24.610846
India,Delhi,Delhi,"Najafgarh, Delhi - DPCC",30-11-2025 02:00:00,28.570173,76.933762,CO,27.0,66.0,45.0,2025-11-29 21:23:24.610846
India,Delhi,Delhi,"ITO, Delhi - CPCB",30-11-2025 02:00:00,28.628624,77.24106,PM2.5,22.0,378.0,279.0,2025-11-29 21:23:24.610846
India,Delhi,Delhi,"ITO, Delhi - CPCB",30-11-2025 02:00:00,28.628624,77.24106,PM10,30.0,271.0,192.0,2025-11-29 21:23:24.610846
India,Delhi,Delhi,"Major Dhyan Chand National Stadium, Delhi - DPCC",30-11-2025 02:00:00,28.611281,77.237738,PM10,121.0,315.0,219.0,2025-11-29 21:23:24.610846
India,Delhi,Delhi,"Major Dhyan Chand National Stadium, Delhi - DPCC",30-11-2025 02:00:00,28.611281,77.237738,CO,4.0,122.0,110.0,2025-11-29 21:23:24.610846
India,Delhi,Delhi,"Jahangirpuri, Delhi - DPCC",30-11-2025 02:00:00,28.73282,77.170633,SO2,15.0,49.0,30.0,2025-11-29 21:23:24.610846
India,Delhi,Delhi,"ITO, Delhi - CPCB",30-11-2025 02:00:00,28.628624,77.24106,SO2,15.0,34.0,22.0,2025-11-29 21:23:24.610846
India,Delhi,Delhi,"Okhla Phase-2, Delhi - DPCC",30-11-2025 02:00:00,28.530785,77.271255,NH3,10.0,15.0,12.0,2025-11-29 21:23:24.610846
India,Delhi,Delhi,"Patparganj, Delhi - DPCC",30-11-2025 02:00:00,28.623763,77.287209,PM10,150.0,336.0,222.0,2025-11-29 21:23:24.610846
India,Delhi,Delhi,"Patparganj, Delhi - DPCC",30-11-2025 02:00:00,28.623763,77.287209,NH3,12.0,15.0,14.0,2025-11-29 21:23:24.610846
India,Delhi,Delhi,"Patparganj, Delhi - DPCC",30-11-2025 02:00:00,28.623763,77.287209,SO2,4.0,10.0,7.0,2025-11-29 21:23:24.610846
India,Delhi,Delhi,"Punjabi Bagh, Delhi - DPCC",30-11-2025 02:00:00,28.674045,77.131023,SO2,1.0,22.0,8.0,2025-11-29 21:23:24.610846
India,Delhi,Delhi,"Punjabi Bagh, Delhi - DPCC",30-11-2025 02:00:00,28.674045,77.131023,CO,22.0,100.0,74.0,2025-11-29 21:23:24.610846
India,Delhi,Delhi,"Rohini, Delhi - DPCC",30-11-2025 02:00:00,28.732528,77.11992,OZONE,4.0,190.0,30.0,2025-11-29 21:23:24.610846
India,Delhi,Delhi,"Shadipur, Delhi - CPCB",30-11-2025 02:00:00,28.6514781,77.1473105,PM2.5,319.0,387.0,342.0,2025-11-29 21:23:24.610846
India,Delhi,Delhi,"Shadipur, Delhi - CPCB",30-11-2025 02:00:00,28.6514781,77.1473105,NO2,48.0,109.0,70.0,2025-11-29 21:23:24.610846
India,Delhi,Delhi,"Sirifort, Delhi - CPCB",30-11-2025 02:00:00,28.5504249,77.2159377,PM10,127.0,443.0,254.0,2025-11-29 21:23:24.610846
India,Delhi,Delhi,"Pusa, Delhi - DPCC",30-11-2025 02:00:00,28.639652,77.146275,OZONE,10.0,17.0,13.0,2025-11-29 21:23:24.610846
India,Delhi,Delhi,"R K Puram, Delhi - DPCC",30-11-2025 02:00:00,28.563262,77.186937,PM2.5,98.0,401.0,309.0,2025-11-29 21:23:24.610846
India,Delhi,Delhi,"R K Puram, Delhi - DPCC",30-11-2025 02:00:00,28.563262,77.186937,NO2,32.0,129.0,83.0,2025-11-29 21:23:24.610846
India,Delhi,Delhi,"R K Puram, Delhi - DPCC",30-11-2025 02:00:00,28.563262,77.186937,SO2,1.0,20.0,9.0,2025-11-29 21:23:24.610846
India,Delhi,Delhi,"R K Puram, Delhi - DPCC",30-11-2025 02:00:00,28.563262,77.186937,OZONE,2.0,127.0,7.0,2025-11-29 21:23:24.610846
India,Gujarat,Ahmedabad,"Chandkheda, Ahmedabad - IITM",30-11-2025 02:00:00,23.107969,72.574648,PM10,107.0,149.0,126.0,2025-11-29 21:23:24.610846
India,Delhi,Delhi,"Sri Aurobindo Marg, Delhi - DPCC",30-11-2025 02:00:00,28.531346,77.190156,SO2,1.0,14.0,8.0,2025-11-29 21:23:24.610846
India,Delhi,Delhi,"Vivek Vihar, Delhi - DPCC",30-11-2025 02:00:00,28.672342,77.31526,SO2,7.0,55.0,19.0,2025-11-29 21:23:24.610846
India,Delhi,Delhi,"Rohini, Delhi - DPCC",30-11-2025 02:00:00,28.732528,77.11992,PM2.5,103.0,386.0,296.0,2025-11-29 21:23:24.610846
India,Delhi,Delhi,"Wazirpur, Delhi - DPCC",30-11-2025 02:00:00,28.699793,77.165453,NH3,8.0,14.0,10.0,2025-11-29 21:23:24.610846
India,Delhi,Delhi,"Wazirpur, Delhi - DPCC",30-11-2025 02:00:00,28.699793,77.165453,SO2,6.0,19.0,11.0,2025-11-29 21:23:24.610846
India,Gujarat,Ahmedabad,"SAC ISRO Bopal, Ahmedabad - IITM",30-11-2025 02:00:00,23.041137,72.456691,OZONE,2.0,74.0,9.0,2025-11-29 21:23:24.610846
India,Gujarat,Ahmedabad,"SAC ISRO Satellite, Ahmedabad - IITM",30-11-2025 02:00:00,23.023389,72.515201,NH3,9.0,25.0,15.0,2025-11-29 21:23:24.610846
India,Gujarat,Ahmedabad,"SAC ISRO Satellite, Ahmedabad - IITM",30-11-2025 02:00:00,23.023389,72.515201,OZONE,3.0,46.0,11.0,2025-11-29 21:23:24.610846
India,Gujarat,Ahmedabad,"SVPI Airport Hansol, Ahmedabad - IITM",30-11-2025 02:00:00,23.076793,72.627874,PM2.5,88.0,264.0,150.0,2025-11-29 21:23:24.610846
India,Gujarat,Ahmedabad,"SVPI Airport Hansol, Ahmedabad - IITM",30-11-2025 02:00:00,23.076793,72.627874,CO,14.0,65.0,35.0,2025-11-29 21:23:24.610846
India,Gujarat,Ahmedabad,"SVPI Airport Hansol, Ahmedabad - IITM",30-11-2025 02:00:00,23.076793,72.627874,OZONE,4.0,89.0,7.0,2025-11-29 21:23:24.610846
India,Gujarat,Ankleshwar,"GIDC, Ankleshwar - GPCB",30-11-2025 02:00:00,21.613267,73.010555,PM10,65.0,133.0,103.0,2025-11-29 21:23:24.610846
India,Gujarat,Ankleshwar,"GIDC, Ankleshwar - GPCB",30-11-2025 02:00:00,21.613267,73.010555,CO,39.0,83.0,65.0,2025-11-29 21:23:24.610846
India,Gujarat,Gandhinagar,"IIPHG Lekawada, Gandhinagar - IITM",30-11-2025 02:00:00,23.243639,72.68994,PM10,91.0,154.0,121.0,2025-11-29 21:23:24.610846
India,Gujarat,Gandhinagar,"IIPHG Lekawada, Gandhinagar - IITM",30-11-2025 02:00:00,23.243639,72.68994,NH3,2.0,3.0,3.0,2025-11-29 21:23:24.610846
India,Gujarat,Gandhinagar,"Sector-10, Gandhinagar - GPCB",30-11-2025 02:00:00,23.221714,72.654328,NH3,2.0,2.0,2.0,2025-11-29 21:23:24.610846
India,Gujarat,Nandesari,"GIDC, Nandesari - Nandesari Ind. Association",30-11-2025 02:00:00,22.410802,73.097923,SO2,,,,2025-11-29 21:23:24.610846
India,Gujarat,Ahmedabad,"Maninagar, Ahmedabad - GPCB",30-11-2025 02:00:00,23.002657,72.591912,PM10,77.0,202.0,122.0,2025-11-29 21:23:24.610846
India,Gujarat,Ahmedabad,"Raikhad, Ahmedabad - IITM",30-11-2025 02:00:00,23.020509,72.579261,NO2,23.0,106.0,53.0,2025-11-29 21:23:24.610846
India,Haryana,Ambala,"Patti Mehar, Ambala - HSPCB",30-11-2025 02:00:00,30.379589,76.778328,PM2.5,99.0,134.0,106.0,2025-11-29 21:23:24.610846
India,Haryana,Ambala,"Patti Mehar, Ambala - HSPCB",30-11-2025 02:00:00,30.379589,76.778328,NH3,9.0,11.0,10.0,2025-11-29 21:23:24.610846
India,Gujarat,Ahmedabad,"Gyaspur, Ahmedabad - IITM",30-11-2025 02:00:00,22.977134,72.553024,NO2,29.0,114.0,75.0,2025-11-29 21:23:24.610846
India,Gujarat,Ahmedabad,"Gyaspur, Ahmedabad - IITM",30-11-2025 02:00:00,22.977134,72.553024,SO2,2.0,58.0,33.0,2025-11-29 21:23:24.610846
India,Haryana,Bahadurgarh,"Arya Nagar, Bahadurgarh - HSPCB",30-11-2025 02:00:00,28.6701,76.9254,OZONE,15.0,20.0,17.0,2025-11-29 21:23:24.610846
India,Gujarat,Ahmedabad,"Rakhial, Ahmedabad - IITM",30-11-2025 02:00:00,23.016834,72.625775,PM10,109.0,197.0,142.0,2025-11-29 21:23:24.610846
India,Haryana,Ambala,"Patti Mehar, Ambala - HSPCB",30-11-2025 02:00:00,30.379589,76.778328,CO,98.0,101.0,100.0,2025-11-29 21:23:24.610846
India,Haryana,Fatehabad,"Huda Sector, Fatehabad - HSPCB",30-11-2025 02:00:00,29.503664,75.467934,CO,25.0,32.0,28.0,2025-11-29 21:23:24.610846
India,Haryana,Gurugram,"NISE Gwal Pahari, Gurugram - IMD",30-11-2025 02:00:00,28.422681,77.148944,PM2.5,79.0,346.0,252.0,2025-11-29 21:23:24.610846
India,Haryana,Gurugram,"Sector-51, Gurugram - HSPCB",30-11-2025 02:00:00,28.4227,77.0667,PM2.5,52.0,354.0,224.0,2025-11-29 21:23:24.610846
India,Haryana,Gurugram,"Sector-51, Gurugram - HSPCB",30-11-2025 02:00:00,28.4227,77.0667,NO2,2.0,18.0,10.0,2025-11-29 21:23:24.610846
India,Haryana,Bhiwani,"H.B. Colony, Bhiwani - HSPCB",30-11-2025 02:00:00,28.806223,76.141105,CO,10.0,14.0,12.0,2025-11-29 21:23:24.610846
India,Haryana,Charkhi Dadri,"Mini Secretariat, Charkhi Dadri - HSPCB",30-11-2025 02:00:00,28.593883,76.270653,PM10,106.0,243.0,161.0,2025-11-29 21:23:24.610846
India,Haryana,Charkhi Dadri,"Mini Secretariat, Charkhi Dadri - HSPCB",30-11-2025 02:00:00,28.593883,76.270653,NO2,9.0,24.0,15.0,2025-11-29 21:23:24.610846
India,Haryana,Gurugram,"Teri Gram, Gurugram - HSPCB",30-11-2025 02:00:00,28.4275,77.1465,SO2,3.0,22.0,13.0,2025-11-29 21:23:24.610846
India,Haryana,Gurugram,"Teri Gram, Gurugram - HSPCB",30-11-2025 02:00:00,28.4275,77.1465,OZONE,10.0,43.0,19.0,2025-11-29 21:23:24.610846
India,Haryana,Gurugram,"Vikas Sadan, Gurugram - HSPCB",30-11-2025 02:00:00,28.4501238,77.0263051,OZONE,6.0,44.0,17.0,2025-11-29 21:23:24.610846
India,Haryana,Fatehabad,"Huda Sector, Fatehabad - HSPCB",30-11-2025 02:00:00,29.503664,75.467934,PM10,,,,2025-11-29 21:23:24.610846
India,Haryana,Fatehabad,"Huda Sector, Fatehabad - HSPCB",30-11-2025 02:00:00,29.503664,75.467934,NO2,18.0,20.0,19.0,2025-11-29 21:23:24.610846
India,Haryana,Fatehabad,"Huda Sector, Fatehabad - HSPCB",30-11-2025 02:00:00,29.503664,75.467934,NH3,13.0,15.0,14.0,2025-11-29 21:23:24.610846
India,Haryana,Faridabad,"New Industrial Town, Faridabad - HSPCB",30-11-2025 02:00:00,28.39072,77.30059,PM10,,,,2025-11-29 21:23:24.610846
India,Haryana,Faridabad,"New Industrial Town, Faridabad - HSPCB",30-11-2025 02:00:00,28.39072,77.30059,SO2,,,,2025-11-29 21:23:24.610846
India,Haryana,Dharuhera,"Municipal Corporation Office, Dharuhera -  HSPCB",30-11-2025 02:00:00,28.2068,76.7997,CO,4.0,6.0,5.0,2025-11-29 21:23:24.610846
India,Haryana,Bhiwani,"H.B. Colony, Bhiwani - HSPCB",30-11-2025 02:00:00,28.806223,76.141105,PM2.5,219.0,290.0,245.0,2025-11-29 21:23:24.610846
India,Haryana,Gurugram,"Teri Gram, Gurugram - HSPCB",30-11-2025 02:00:00,28.4275,77.1465,PM2.5,92.0,333.0,222.0,2025-11-29 21:23:24.610846
India,Haryana,Bhiwani,"H.B. Colony, Bhiwani - HSPCB",30-11-2025 02:00:00,28.806223,76.141105,NO2,1.0,35.0,31.0,2025-11-29 21:23:24.610846
India,Haryana,Mandikhera,"General Hospital, Mandikhera(Nuh) - HSPCB",30-11-2025 02:00:00,27.9002,76.9938,PM10,75.0,120.0,101.0,2025-11-29 21:23:24.610846
India,Haryana,Mandikhera,"General Hospital, Mandikhera(Nuh) - HSPCB",30-11-2025 02:00:00,27.9002,76.9938,OZONE,25.0,32.0,27.0,2025-11-29 21:23:24.610846
India,Haryana,Manesar,"Sector-2 IMT, Manesar - HSPCB",30-11-2025 02:00:00,28.360699,76.93609,NO2,53.0,68.0,60.0,2025-11-29 21:23:24.610846
India,Haryana,Manesar,"Sector-2 IMT, Manesar - HSPCB",30-11-2025 02:00:00,28.360699,76.93609,CO,20.0,56.0,42.0,2025-11-29 21:23:24.610846
India,Haryana,Narnaul,"Shastri Nagar, Narnaul - HSPCB",30-11-2025 02:00:00,28.060249,76.113115,PM10,112.0,163.0,140.0,2025-11-29 21:23:24.610846
India,Haryana,Narnaul,"Shastri Nagar, Narnaul - HSPCB",30-11-2025 02:00:00,28.060249,76.113115,OZONE,4.0,8.0,5.0,2025-11-29 21:23:24.610846
India,Haryana,Hisar,"Urban Estate-II, Hisar - HSPCB",30-11-2025 02:00:00,29.14056,75.744941,OZONE,47.0,100.0,63.0,2025-11-29 21:23:24.610846
India,Haryana,Karnal,"Sector-12, Karnal - HSPCB",30-11-2025 02:00:00,29.6953,77.0027,NO2,6.0,7.0,6.0,2025-11-29 21:23:24.610846
India,Haryana,Karnal,"Sector-12, Karnal - HSPCB",30-11-2025 02:00:00,29.6953,77.0027,SO2,20.0,112.0,47.0,2025-11-29 21:23:24.610846
India,Haryana,Rohtak,"MD University, Rohtak - HSPCB",30-11-2025 02:00:00,28.52123,76.37138,SO2,,,,2025-11-29 21:23:24.610846
India,Haryana,Rohtak,"MD University, Rohtak - HSPCB",30-11-2025 02:00:00,28.52123,76.37138,CO,20.0,68.0,61.0,2025-11-29 21:23:24.610846
India,Haryana,Sirsa,"F-Block, Sirsa - HSPCB",30-11-2025 02:00:00,29.5364,75.0158,NH3,10.0,16.0,13.0,2025-11-29 21:23:24.610846
India,Haryana,Sirsa,"F-Block, Sirsa - HSPCB",30-11-2025 02:00:00,29.5364,75.0158,CO,26.0,59.0,45.0,2025-11-29 21:23:24.610846
India,Haryana,Panchgaon,"Amity University, Panchgaon - IITM",30-11-2025 02:00:00,28.3153,76.9143,NO2,1.0,4.0,2.0,2025-11-29 21:23:24.610846
India,Haryana,Panchgaon,"Amity University, Panchgaon - IITM",30-11-2025 02:00:00,28.3153,76.9143,NH3,4.0,9.0,6.0,2025-11-29 21:23:24.610846
India,Haryana,Panchkula,"Sector-6, Panchkula - HSPCB ",30-11-2025 02:00:00,30.7057778,76.8531805555555,CO,17.0,23.0,21.0,2025-11-29 21:23:24.610846
India,Haryana,Panchgaon,"Amity University, Panchgaon - IITM",30-11-2025 02:00:00,28.3153,76.9143,PM10,58.0,117.0,81.0,2025-11-29 21:23:24.610846
India,Haryana,Rohtak,"MD University, Rohtak - HSPCB",30-11-2025 02:00:00,28.52123,76.37138,PM10,,,,2025-11-29 21:23:24.610846
India,Haryana,Sirsa,"F-Block, Sirsa - HSPCB",30-11-2025 02:00:00,29.5364,75.0158,PM10,62.0,182.0,105.0,2025-11-29 21:23:24.610846
India,Karnataka,Belgaum,"Ramteerth Nagar, Belgaum - KSPCB",30-11-2025 02:00:00,15.888653,74.541751,NH3,,,,2025-11-29 21:23:24.610846
India,Karnataka,Belgaum,"Ramteerth Nagar, Belgaum - KSPCB",30-11-2025 02:00:00,15.888653,74.541751,SO2,,,,2025-11-29 21:23:24.610846
India,Karnataka,Bengaluru,"BTM Layout, Bengaluru - CPCB",30-11-2025 02:00:00,12.9135218,77.5950804,PM10,97.0,98.0,97.0,2025-11-29 21:23:24.610846
India,Karnataka,Bengaluru,"BWSSB Kadabesanahalli, Bengaluru - CPCB",30-11-2025 02:00:00,12.9352049,77.6814488,NO2,,,,2025-11-29 21:23:24.610846
India,Karnataka,Bengaluru,"BWSSB Kadabesanahalli, Bengaluru - CPCB",30-11-2025 02:00:00,12.9352049,77.6814488,NH3,,,,2025-11-29 21:23:24.610846
India,Haryana,Sonipat,"Murthal, Sonipat - HSPCB",30-11-2025 02:00:00,29.0272,77.0621,OZONE,25.0,26.0,26.0,2025-11-29 21:23:24.610846
India,Haryana,Yamuna Nagar,"Gobind Pura, Yamuna Nagar - HSPCB",30-11-2025 02:00:00,30.1480566,77.2893471,PM10,,,,2025-11-29 21:23:24.610846
India,Himachal Pradesh,Baddi,"HIMUDA Complex Phase-1, Baddi - HPPCB",30-11-2025 02:00:00,30.943887,76.801991,CO,42.0,80.0,68.0,2025-11-29 21:23:24.610846
India,Jharkhand,Jorapokhar,"Tata Stadium, Jorapokhar - JSPCB",30-11-2025 02:00:00,23.707909,86.41467,SO2,,,,2025-11-29 21:23:24.610846
India,Karnataka,Bagalkot,"Vidayagiri, Bagalkot - KSPCB",30-11-2025 02:00:00,16.172806,75.659694,NH3,1.0,2.0,1.0,2025-11-29 21:23:24.610846
India,Karnataka,Belgaum,"Ramteerth Nagar, Belgaum - KSPCB",30-11-2025 02:00:00,15.888653,74.541751,PM2.5,,,,2025-11-29 21:23:24.610846
India,Karnataka,Bengaluru,"Hombegowda Nagar, Bengaluru - KSPCB",30-11-2025 02:00:00,12.938539,77.5901,NH3,2.0,3.0,2.0,2025-11-29 21:23:24.610846
India,Karnataka,Bengaluru,"Hombegowda Nagar, Bengaluru - KSPCB",30-11-2025 02:00:00,12.938539,77.5901,CO,14.0,32.0,24.0,2025-11-29 21:23:24.610846
India,Karnataka,Bengaluru,"Jayanagar 5th Block, Bengaluru - KSPCB",30-11-2025 02:00:00,12.920984,77.584908,PM2.5,66.0,207.0,113.0,2025-11-29 21:23:24.610846
India,Karnataka,Bengaluru,"Jayanagar 5th Block, Bengaluru - KSPCB",30-11-2025 02:00:00,12.920984,77.584908,NH3,1.0,2.0,1.0,2025-11-29 21:23:24.610846
India,Jammu_and_Kashmir,Srinagar,"Rajbagh, Srinagar - JKSPCB",30-11-2025 02:00:00,34.066206,74.81982,PM10,122.0,199.0,146.0,2025-11-29 21:23:24.610846
India,Jammu_and_Kashmir,Srinagar,"Rajbagh, Srinagar - JKSPCB",30-11-2025 02:00:00,34.066206,74.81982,SO2,3.0,4.0,3.0,2025-11-29 21:23:24.610846
India,Jammu_and_Kashmir,Srinagar,"Rajbagh, Srinagar - JKSPCB",30-11-2025 02:00:00,34.066206,74.81982,CO,6.0,10.0,8.0,2025-11-29 21:23:24.610846
India,Karnataka,Bengaluru,"Sanegurava Halli, Bengaluru - KSPCB",30-11-2025 02:00:00,12.990328,77.5431385,SO2,,,,2025-11-29 21:23:24.610846
India,Karnataka,Bengaluru,"Peenya, Bengaluru - CPCB",30-11-2025 02:00:00,13.0270199,77.494094,PM2.5,18.0,59.0,33.0,2025-11-29 21:23:24.610846
India,Karnataka,Bengaluru,"Hebbal, Bengaluru - KSPCB",30-11-2025 02:00:00,13.029152,77.585901,NH3,,,,2025-11-29 21:23:24.610846
India,Karnataka,Bengaluru,"Jigani, Bengaluru - KSPCB",30-11-2025 02:00:00,12.7816279,77.6299145,NH3,5.0,5.0,5.0,2025-11-29 21:23:24.610846
India,Karnataka,Bengaluru,"Silk Board, Bengaluru - KSPCB",30-11-2025 02:00:00,12.917348,77.622813,NO2,11.0,18.0,13.0,2025-11-29 21:23:24.610846
India,Karnataka,Bengaluru,"Silk Board, Bengaluru - KSPCB",30-11-2025 02:00:00,12.917348,77.622813,NH3,1.0,2.0,2.0,2025-11-29 21:23:24.610846
India,Karnataka,Bengaluru,"Silk Board, Bengaluru - KSPCB",30-11-2025 02:00:00,12.917348,77.622813,OZONE,20.0,21.0,21.0,2025-11-29 21:23:24.610846
India,Karnataka,Chamarajanagar,"Urban, Chamarajanagar - KSPCB",30-11-2025 02:00:00,11.55358,76.55521,NH3,1.0,3.0,2.0,2025-11-29 21:23:24.610846
India,Karnataka,Dharwad,"Kalabhavan, Dharwad - KSPCB",30-11-2025 02:00:00,15.459706,75.008381,NH3,5.0,6.0,6.0,2025-11-29 21:23:24.610846
India,Karnataka,Haveri,"Ashwini Nagar, Haveri - KSPCB",30-11-2025 02:00:00,14.7918,75.3896,NH3,7.0,8.0,7.0,2025-11-29 21:23:24.610846
India,Karnataka,Kalaburagi,"Mahatma Basaveswar Colony, Kalaburgi - KSPCB",30-11-2025 02:00:00,17.336318,76.847397,PM2.5,25.0,58.0,39.0,2025-11-29 21:23:24.610846
India,Karnataka,Kalaburagi,"Mahatma Basaveswar Colony, Kalaburgi - KSPCB",30-11-2025 02:00:00,17.336318,76.847397,NO2,13.0,18.0,15.0,2025-11-29 21:23:24.610846
India,Karnataka,Bengaluru,"Shivapura_Peenya, Bengaluru - KSPCB",30-11-2025 02:00:00,13.0246342,77.5080115,NH3,4.0,5.0,5.0,2025-11-29 21:23:24.610846
India,Karnataka,Bengaluru,"Shivapura_Peenya, Bengaluru - KSPCB",30-11-2025 02:00:00,13.0246342,77.5080115,SO2,10.0,18.0,14.0,2025-11-29 21:23:24.610846
India,Karnataka,Chikkamagaluru,"Kalyana Nagara, Chikkamagaluru - KSPCB",30-11-2025 02:00:00,13.328028,75.797056,NO2,21.0,28.0,24.0,2025-11-29 21:23:24.610846
India,Karnataka,Davanagere,"Devaraj Urs Badavane, Davanagere - KSPCB",30-11-2025 02:00:00,14.4758,75.9052,OZONE,18.0,20.0,20.0,2025-11-29 21:23:24.610846
India,Karnataka,Chikkamagaluru,"Kalyana Nagara, Chikkamagaluru - KSPCB",30-11-2025 02:00:00,13.328028,75.797056,NH3,2.0,4.0,3.0,2025-11-29 21:23:24.610846
India,Karnataka,Bengaluru,"Sanegurava Halli, Bengaluru - KSPCB",30-11-2025 02:00:00,12.990328,77.5431385,CO,13.0,40.0,27.0,2025-11-29 21:23:24.610846
India,Karnataka,Chamarajanagar,"Urban, Chamarajanagar - KSPCB",30-11-2025 02:00:00,11.55358,76.55521,OZONE,15.0,50.0,25.0,2025-11-29 21:23:24.610846
India,Karnataka,Shivamogga,"Vinoba Nagara, Shivamogga - KSPCB",30-11-2025 02:00:00,13.94,75.555917,CO,8.0,34.0,12.0,2025-11-29 21:23:24.610846
India,Karnataka,Yadgir,"Collector Office, Yadgir - KSPCB",30-11-2025 02:00:00,16.7602,77.1428,PM2.5,92.0,230.0,137.0,2025-11-29 21:23:24.610846
India,Karnataka,Yadgir,"Collector Office, Yadgir - KSPCB",30-11-2025 02:00:00,16.7602,77.1428,NO2,8.0,22.0,12.0,2025-11-29 21:23:24.610846
India,Karnataka,Yadgir,"Collector Office, Yadgir - KSPCB",30-11-2025 02:00:00,16.7602,77.1428,CO,17.0,36.0,25.0,2025-11-29 21:23:24.610846
India,Kerala,Kollam,"Polayathode, Kollam - Kerala PCB",30-11-2025 02:00:00,8.8787,76.6073,NO2,9.0,10.0,9.0,2025-11-29 21:23:24.610846
India,Kerala,Kollam,"Polayathode, Kollam - Kerala PCB",30-11-2025 02:00:00,8.8787,76.6073,OZONE,27.0,30.0,28.0,2025-11-29 21:23:24.610846
India,Kerala,Thiruvananthapuram,"Kariavattom, Thiruvananthapuram - Kerala PCB",30-11-2025 02:00:00,8.5637,76.8865,NO2,,,,2025-11-29 21:23:24.610846
India,Kerala,Thiruvananthapuram,"Kariavattom, Thiruvananthapuram - Kerala PCB",30-11-2025 02:00:00,8.5637,76.8865,SO2,,,,2025-11-29 21:23:24.610846
India,Karnataka,Madikeri,"Stuart Hill, Madikeri - KSPCB",30-11-2025 02:00:00,12.415911,75.73505,SO2,7.0,7.0,7.0,2025-11-29 21:23:24.610846
India,Karnataka,Madikeri,"Stuart Hill, Madikeri - KSPCB",30-11-2025 02:00:00,12.415911,75.73505,OZONE,3.0,6.0,4.0,2025-11-29 21:23:24.610846
India,Karnataka,Mangalore,"Kadri, Mangalore - KSPCB",30-11-2025 02:00:00,12.88925,74.853,NO2,12.0,17.0,15.0,2025-11-29 21:23:24.610846
India,Kerala,Thrissur,"Corporation Ground, Thrissur - Kerala PCB",30-11-2025 02:00:00,10.5324,76.2159,PM2.5,45.0,54.0,50.0,2025-11-29 21:23:24.610846
India,Kerala,Thrissur,"Corporation Ground, Thrissur - Kerala PCB",30-11-2025 02:00:00,10.5324,76.2159,SO2,,,,2025-11-29 21:23:24.610846
India,Kerala,Kannur,"Thavakkara, Kannur - Kerala PCB",30-11-2025 02:00:00,11.875,75.3732,PM2.5,42.0,52.0,48.0,2025-11-29 21:23:24.610846
India,Kerala,Kannur,"Thavakkara, Kannur - Kerala PCB",30-11-2025 02:00:00,11.875,75.3732,NO2,15.0,17.0,16.0,2025-11-29 21:23:24.610846
India,Kerala,Thiruvananthapuram,"Plammoodu, Thiruvananthapuram - Kerala PCB",30-11-2025 02:00:00,8.5149093,76.9435879,OZONE,14.0,38.0,18.0,2025-11-29 21:23:24.610846
India,Kerala,Thiruvananthapuram,"Plammoodu, Thiruvananthapuram - Kerala PCB",30-11-2025 02:00:00,8.5149093,76.9435879,CO,8.0,38.0,31.0,2025-11-29 21:23:24.610846
India,Madhya Pradesh,Bhopal,"Paryavaran Parisar, Bhopal - MPPCB",30-11-2025 02:00:00,23.210494,77.425409,PM2.5,77.0,330.0,158.0,2025-11-29 21:23:24.610846
India,Madhya Pradesh,Bhopal,"Paryavaran Parisar, Bhopal - MPPCB",30-11-2025 02:00:00,23.210494,77.425409,CO,8.0,98.0,59.0,2025-11-29 21:23:24.610846
India,Madhya Pradesh,Damoh,"Shrivastav Colony, Damoh - MPPCB",30-11-2025 02:00:00,23.81748678,79.446246,SO2,4.0,25.0,9.0,2025-11-29 21:23:24.610846
India,Madhya Pradesh,Dewas,"Bhopal Chauraha, Dewas - MPPCB",30-11-2025 02:00:00,22.9682591,76.064118,PM2.5,62.0,213.0,132.0,2025-11-29 21:23:24.610846
India,Madhya Pradesh,Dewas,"Bhopal Chauraha, Dewas - MPPCB",30-11-2025 02:00:00,22.9682591,76.064118,PM10,107.0,241.0,141.0,2025-11-29 21:23:24.610846
India,Madhya Pradesh,Dewas,"Bhopal Chauraha, Dewas - MPPCB",30-11-2025 02:00:00,22.9682591,76.064118,NO2,7.0,8.0,7.0,2025-11-29 21:23:24.610846
India,Madhya Pradesh,Dewas,"Bhopal Chauraha, Dewas - MPPCB",30-11-2025 02:00:00,22.9682591,76.064118,NH3,2.0,3.0,2.0,2025-11-29 21:23:24.610846
India,Madhya Pradesh,Indore,"Residency Area, Indore - IMC",30-11-2025 02:00:00,22.7084,75.8815,PM10,47.0,98.0,64.0,2025-11-29 21:23:24.610846
India,Madhya Pradesh,Indore,"Residency Area, Indore - IMC",30-11-2025 02:00:00,22.7084,75.8815,SO2,25.0,28.0,27.0,2025-11-29 21:23:24.610846
India,Madhya Pradesh,Jabalpur,"Gupteshwar, Jabalpur - JMC",30-11-2025 02:00:00,23.142888,79.916147,PM2.5,58.0,325.0,155.0,2025-11-29 21:23:24.610846
India,Madhya Pradesh,Indore,"Chhoti Gwaltoli, Indore - MPPCB",30-11-2025 02:00:00,22.431,75.5213,SO2,7.0,16.0,10.0,2025-11-29 21:23:24.610846
India,Madhya Pradesh,Indore,"Chhoti Gwaltoli, Indore - MPPCB",30-11-2025 02:00:00,22.431,75.5213,CO,44.0,103.0,94.0,2025-11-29 21:23:24.610846
India,Madhya Pradesh,Indore,"Maguda Nagar, Indore - IMC",30-11-2025 02:00:00,22.7524,75.8872,NH3,,,,2025-11-29 21:23:24.610846
India,Madhya Pradesh,Gwalior,"Maharaj Bada, Gwalior - MPPCB",30-11-2025 02:00:00,26.200388,78.147714,PM2.5,97.0,328.0,236.0,2025-11-29 21:23:24.610846
India,Madhya Pradesh,Gwalior,"Maharaj Bada, Gwalior - MPPCB",30-11-2025 02:00:00,26.200388,78.147714,NO2,30.0,131.0,67.0,2025-11-29 21:23:24.610846
India,Madhya Pradesh,Gwalior,"City Center, Gwalior - MPPCB",30-11-2025 02:00:00,26.203442,78.193251,SO2,3.0,20.0,14.0,2025-11-29 21:23:24.610846
India,Madhya Pradesh,Indore,"Airport Area, Indore - IMC",30-11-2025 02:00:00,22.7289,75.8076,PM10,64.0,241.0,109.0,2025-11-29 21:23:24.610846
India,Madhya Pradesh,Indore,"Maguda Nagar, Indore - IMC",30-11-2025 02:00:00,22.7524,75.8872,OZONE,9.0,15.0,10.0,2025-11-29 21:23:24.610846
India,Madhya Pradesh,Indore,"Airport Area, Indore - IMC",30-11-2025 02:00:00,22.7289,75.8076,OZONE,6.0,11.0,7.0,2025-11-29 21:23:24.610846
India,Madhya Pradesh,Sagar,"Deen Dayal Nagar, Sagar - MPPCB",30-11-2025 02:00:00,23.8640158,78.80289321,SO2,5.0,11.0,8.0,2025-11-29 21:23:24.610846
India,Madhya Pradesh,Singrauli,"Suryakiran Bhawan NCL, Singrauli - MPPCB",30-11-2025 02:00:00,24.10897,82.64558,PM10,131.0,435.0,201.0,2025-11-29 21:23:24.610846
India,Madhya Pradesh,Singrauli,"Suryakiran Bhawan NCL, Singrauli - MPPCB",30-11-2025 02:00:00,24.10897,82.64558,NO2,66.0,118.0,100.0,2025-11-29 21:23:24.610846
India,Madhya Pradesh,Singrauli,"Suryakiran Bhawan NCL, Singrauli - MPPCB",30-11-2025 02:00:00,24.10897,82.64558,CO,100.0,116.0,103.0,2025-11-29 21:23:24.610846
India,Maharashtra,Ahmednagar,"Tarakpur, Ahmednagar - MPCB",30-11-2025 02:00:00,19.10122,74.73339,PM10,55.0,184.0,104.0,2025-11-29 21:23:24.610846
India,Maharashtra,Akola,"Ramdaspeth, Akola - MPCB",30-11-2025 02:00:00,20.719516,77.000253,PM10,55.0,125.0,81.0,2025-11-29 21:23:24.610846
India,Madhya Pradesh,Jabalpur,"Gupteshwar, Jabalpur - JMC",30-11-2025 02:00:00,23.142888,79.916147,NO2,21.0,101.0,48.0,2025-11-29 21:23:24.610846
India,Madhya Pradesh,Jabalpur,"Gupteshwar, Jabalpur - JMC",30-11-2025 02:00:00,23.142888,79.916147,SO2,7.0,10.0,8.0,2025-11-29 21:23:24.610846
India,Madhya Pradesh,Jabalpur,"Gupteshwar, Jabalpur - JMC",30-11-2025 02:00:00,23.142888,79.916147,CO,46.0,128.0,107.0,2025-11-29 21:23:24.610846
India,Madhya Pradesh,Jabalpur,"Marhatal, Jabalpur - MPPCB",30-11-2025 02:00:00,23.168606,79.932247,CO,20.0,116.0,96.0,2025-11-29 21:23:24.610846
India,Madhya Pradesh,Sagar,"Civil Lines, Sagar - MPPCB",30-11-2025 02:00:00,23.838586,78.759431,NH3,1.0,4.0,1.0,2025-11-29 21:23:24.610846
India,Madhya Pradesh,Sagar,"Civil Lines, Sagar - MPPCB",30-11-2025 02:00:00,23.838586,78.759431,OZONE,49.0,91.0,58.0,2025-11-29 21:23:24.610846
India,Madhya Pradesh,Sagar,"Deen Dayal Nagar, Sagar - MPPCB",30-11-2025 02:00:00,23.8640158,78.80289321,PM10,73.0,186.0,115.0,2025-11-29 21:23:24.610846
India,Madhya Pradesh,Jabalpur,"Suhagi, Jabalpur - JMC",30-11-2025 02:00:00,23.218135,79.95777,CO,,,,2025-11-29 21:23:24.610846
India,Madhya Pradesh,Katni,"Gole Bazar, Katni - MPPCB",30-11-2025 02:00:00,23.50016,80.23284,NO2,19.0,81.0,47.0,2025-11-29 21:23:24.610846
India,Madhya Pradesh,Katni,"Gole Bazar, Katni - MPPCB",30-11-2025 02:00:00,23.50016,80.23284,SO2,17.0,54.0,31.0,2025-11-29 21:23:24.610846
India,Madhya Pradesh,Mandideep,"Sector-D Industrial Area, Mandideep - MPPCB",30-11-2025 02:00:00,23.10844,77.511428,SO2,36.0,128.0,95.0,2025-11-29 21:23:24.610846
India,Madhya Pradesh,Mandideep,"Sector-D Industrial Area, Mandideep - MPPCB",30-11-2025 02:00:00,23.10844,77.511428,OZONE,6.0,103.0,28.0,2025-11-29 21:23:24.610846
India,Maharashtra,Amravati,"Shri Shivaji Science College, Amravati - MPCB",30-11-2025 02:00:00,20.939198,77.765701,SO2,4.0,51.0,12.0,2025-11-29 21:23:24.610846
India,Maharashtra,Aurangabad,"More Chowk Waluj, Aurangabad - MPCB",30-11-2025 02:00:00,19.8389439,75.244448,CO,6.0,113.0,68.0,2025-11-29 21:23:24.610846
India,Maharashtra,Amravati,"Shivneri Colony, Amravati - MPCB",30-11-2025 02:00:00,20.9402359,77.7895248,OZONE,2.0,75.0,24.0,2025-11-29 21:23:24.610846
India,Maharashtra,Amravati,"Shivneri Colony, Amravati - MPCB",30-11-2025 02:00:00,20.9402359,77.7895248,NO2,13.0,59.0,25.0,2025-11-29 21:23:24.610846
India,Maharashtra,Kolhapur,"Shivaji University, Kolhapur - MPCB",30-11-2025 02:00:00,16.6870449,74.2505872,SO2,4.0,7.0,6.0,2025-11-29 21:23:24.610846
India,Maharashtra,Kolhapur,"Shivaji University, Kolhapur - MPCB",30-11-2025 02:00:00,16.6870449,74.2505872,OZONE,8.0,101.0,36.0,2025-11-29 21:23:24.610846
India,Maharashtra,Latur,"Sawe Wadi, Latur - MPCB",30-11-2025 02:00:00,18.39963,76.57452,NO2,16.0,42.0,27.0,2025-11-29 21:23:24.610846
India,Maharashtra,Latur,"Sawe Wadi, Latur - MPCB",30-11-2025 02:00:00,18.39963,76.57452,OZONE,75.0,164.0,101.0,2025-11-29 21:23:24.610846
India,Maharashtra,Dhule,"Deopur, Dhule - MPCB",30-11-2025 02:00:00,20.918946,74.776388,OZONE,16.0,46.0,40.0,2025-11-29 21:23:24.610846
India,Maharashtra,Jalgaon,"Prabhat Colony, Jalgaon - MPCB",30-11-2025 02:00:00,21.001264,75.565602,NH3,2.0,3.0,2.0,2025-11-29 21:23:24.610846
India,Maharashtra,Jalna,"Old MIDC, Jalna - MPCB",30-11-2025 02:00:00,19.854616,75.905894,SO2,,,,2025-11-29 21:23:24.610846
India,Maharashtra,Kalyan,"Khadakpada, Kalyan - MPCB",30-11-2025 02:00:00,19.25292,73.142019,PM2.5,36.0,293.0,85.0,2025-11-29 21:23:24.610846
India,Maharashtra,Kalyan,"Khadakpada, Kalyan - MPCB",30-11-2025 02:00:00,19.25292,73.142019,CO,68.0,104.0,100.0,2025-11-29 21:23:24.610846
India,Maharashtra,Kalyan,"Pimpleshwar Mandir, Kalyan - MPCB",30-11-2025 02:00:00,19.192056,72.9585188,NO2,,,,2025-11-29 21:23:24.610846
India,Maharashtra,Malegaon,"Mahesh Nagar, Malegaon - MPCB",30-11-2025 02:00:00,20.555712,74.529236,CO,26.0,111.0,76.0,2025-11-29 21:23:24.610846
India,Maharashtra,Mira-Bhayandar,"Bhayandar West, Mira-Bhayandar - MPCB",30-11-2025 02:00:00,19.296481,72.840923,NH3,,,,2025-11-29 21:23:24.610846
India,Maharashtra,Belapur,"CBD Belapur, Belapur - MPCB",30-11-2025 02:00:00,19.0243902,73.0406721,NO2,2.0,91.0,22.0,2025-11-29 21:23:24.610846
India,Maharashtra,Bhiwandi,"Gokul Nagar, Bhiwandi - MPCB",30-11-2025 02:00:00,19.309073,73.057223,NO2,20.0,42.0,28.0,2025-11-29 21:23:24.610846
India,Maharashtra,Boisar,"Khaira, Boisar - MPCB",30-11-2025 02:00:00,19.786089,72.757971,OZONE,55.0,56.0,56.0,2025-11-29 21:23:24.610846
India,Maharashtra,Chandrapur,"Chauhan Colony, Chandrapur - MPCB",30-11-2025 02:00:00,19.9629,79.298714,SO2,30.0,31.0,30.0,2025-11-29 21:23:24.610846
India,Maharashtra,Boisar,"Khaira, Boisar - MPCB",30-11-2025 02:00:00,19.786089,72.757971,PM2.5,17.0,131.0,64.0,2025-11-29 21:23:24.610846
India,Maharashtra,Boisar,"Khaira, Boisar - MPCB",30-11-2025 02:00:00,19.786089,72.757971,CO,12.0,90.0,42.0,2025-11-29 21:23:24.610846
India,Maharashtra,Mahad,"Kamble Tarf Birwadi, Mahad - MPCB",30-11-2025 02:00:00,18.1023399,73.4783687,SO2,13.0,121.0,35.0,2025-11-29 21:23:24.610846
India,Maharashtra,Badlapur,"Katrap, Badlapur - MPCB",30-11-2025 02:00:00,19.16485,73.23409,PM2.5,37.0,103.0,75.0,2025-11-29 21:23:24.610846
India,Maharashtra,Mumbai,"Chakala-Andheri East, Mumbai - IITM",30-11-2025 02:00:00,19.11074,72.86084,NH3,9.0,28.0,14.0,2025-11-29 21:23:24.610846
India,Maharashtra,Mumbai,"Chakala-Andheri East, Mumbai - IITM",30-11-2025 02:00:00,19.11074,72.86084,CO,10.0,78.0,45.0,2025-11-29 21:23:24.610846
India,Maharashtra,Mumbai,"Chakala-Andheri East, Mumbai - IITM",30-11-2025 02:00:00,19.11074,72.86084,OZONE,4.0,63.0,19.0,2025-11-29 21:23:24.610846
India,Maharashtra,Mumbai,"Chembur, Mumbai - MPCB",30-11-2025 02:00:00,19.0364585,72.8954371,PM10,66.0,154.0,119.0,2025-11-29 21:23:24.610846
India,Maharashtra,Mumbai,"Chembur, Mumbai - MPCB",30-11-2025 02:00:00,19.0364585,72.8954371,NO2,19.0,112.0,57.0,2025-11-29 21:23:24.610846
India,Maharashtra,Mumbai,"Colaba, Mumbai - MPCB",30-11-2025 02:00:00,18.91,72.82,OZONE,11.0,11.0,11.0,2025-11-29 21:23:24.610846
India,Maharashtra,Mumbai,"Deonar, Mumbai - IITM",30-11-2025 02:00:00,19.04946,72.923,NO2,13.0,98.0,40.0,2025-11-29 21:23:24.610846
India,Maharashtra,Mumbai,"Ghatkopar, Mumbai - BMC",30-11-2025 02:00:00,19.083694,72.920967,NH3,1.0,7.0,4.0,2025-11-29 21:23:24.610846
India,Maharashtra,Mumbai,"Chembur, Mumbai - MPCB",30-11-2025 02:00:00,19.0364585,72.8954371,OZONE,4.0,96.0,16.0,2025-11-29 21:23:24.610846
India,Maharashtra,Mumbai,"Chhatrapati Shivaji Intl. Airport (T2), Mumbai - MPCB",30-11-2025 02:00:00,19.10078,72.87462,NH3,1.0,1.0,1.0,2025-11-29 21:23:24.610846
India,Maharashtra,Mumbai,"Chhatrapati Shivaji Intl. Airport (T2), Mumbai - MPCB",30-11-2025 02:00:00,19.10078,72.87462,SO2,20.0,21.0,21.0,2025-11-29 21:23:24.610846
India,Maharashtra,Mumbai,"Colaba, Mumbai - MPCB",30-11-2025 02:00:00,18.91,72.82,NO2,27.0,30.0,29.0,2025-11-29 21:23:24.610846
India,Maharashtra,Mumbai,"Borivali East, Mumbai - IITM",30-11-2025 02:00:00,19.23241,72.86895,CO,42.0,98.0,68.0,2025-11-29 21:23:24.610846
India,Maharashtra,Mumbai,"Borivali East, Mumbai - MPCB",30-11-2025 02:00:00,19.2243333,72.8658113,PM2.5,35.0,101.0,64.0,2025-11-29 21:23:24.610846
India,Maharashtra,Mumbai,"Borivali East, Mumbai - MPCB",30-11-2025 02:00:00,19.2243333,72.8658113,PM10,53.0,134.0,91.0,2025-11-29 21:23:24.610846
India,Maharashtra,Mumbai,"Borivali East, Mumbai - MPCB",30-11-2025 02:00:00,19.2243333,72.8658113,NO2,3.0,21.0,8.0,2025-11-29 21:23:24.610846
India,Maharashtra,Mumbai,"Borivali East, Mumbai - MPCB",30-11-2025 02:00:00,19.2243333,72.8658113,SO2,14.0,16.0,15.0,2025-11-29 21:23:24.610846
India,Maharashtra,Mumbai,"Borivali East, Mumbai - MPCB",30-11-2025 02:00:00,19.2243333,72.8658113,CO,8.0,10.0,9.0,2025-11-29 21:23:24.610846
India,Maharashtra,Mumbai,"Bandra Kurla Complex, Mumbai - MPCB",30-11-2025 02:00:00,19.065931,72.862131,NH3,2.0,33.0,10.0,2025-11-29 21:23:24.610846
India,Maharashtra,Mumbai,"Bandra Kurla Complex, Mumbai - MPCB",30-11-2025 02:00:00,19.065931,72.862131,CO,1.0,42.0,16.0,2025-11-29 21:23:24.610846
India,Maharashtra,Mira-Bhayandar,"Bhayandar West, Mira-Bhayandar - MPCB",30-11-2025 02:00:00,19.296481,72.840923,OZONE,,,,2025-11-29 21:23:24.610846
India,Maharashtra,Mumbai,"Khindipada-Bhandup West, Mumbai - IITM",30-11-2025 02:00:00,19.1653323,72.922099,SO2,6.0,23.0,12.0,2025-11-29 21:23:24.610846
India,Maharashtra,Mumbai,"Khindipada-Bhandup West, Mumbai - IITM",30-11-2025 02:00:00,19.1653323,72.922099,CO,24.0,36.0,29.0,2025-11-29 21:23:24.610846
India,Maharashtra,Mumbai,"Kurla, Mumbai - MPCB",30-11-2025 02:00:00,19.0863,72.8888,CO,16.0,27.0,23.0,2025-11-29 21:23:24.610846
India,Maharashtra,Mumbai,"Malad West, Mumbai - IITM",30-11-2025 02:00:00,19.19709,72.82204,PM2.5,37.0,203.0,91.0,2025-11-29 21:23:24.610846
India,Maharashtra,Mumbai,"Mazgaon, Mumbai - IITM",30-11-2025 02:00:00,18.96702,72.84214,PM2.5,50.0,190.0,112.0,2025-11-29 21:23:24.610846
India,Maharashtra,Mumbai,"Mazgaon, Mumbai - IITM",30-11-2025 02:00:00,18.96702,72.84214,NO2,33.0,113.0,84.0,2025-11-29 21:23:24.610846
India,Maharashtra,Mumbai,"Powai, Mumbai - MPCB",30-11-2025 02:00:00,19.1375,72.915056,PM2.5,22.0,81.0,46.0,2025-11-29 21:23:24.610846
India,Maharashtra,Mumbai,"Powai, Mumbai - MPCB",30-11-2025 02:00:00,19.1375,72.915056,PM10,29.0,105.0,61.0,2025-11-29 21:23:24.610846
India,Maharashtra,Mumbai,"Powai, Mumbai - MPCB",30-11-2025 02:00:00,19.1375,72.915056,NH3,1.0,2.0,2.0,2025-11-29 21:23:24.610846
India,Maharashtra,Mumbai,"Powai, Mumbai - MPCB",30-11-2025 02:00:00,19.1375,72.915056,SO2,28.0,29.0,28.0,2025-11-29 21:23:24.610846
India,Maharashtra,Mumbai,"Mindspace-Malad West, Mumbai - MPCB",30-11-2025 02:00:00,19.1878657,72.8304069,PM10,27.0,139.0,70.0,2025-11-29 21:23:24.610846
India,Maharashtra,Mumbai,"Mindspace-Malad West, Mumbai - MPCB",30-11-2025 02:00:00,19.1878657,72.8304069,NH3,6.0,27.0,12.0,2025-11-29 21:23:24.610846
India,Maharashtra,Mumbai,"Mindspace-Malad West, Mumbai - MPCB",30-11-2025 02:00:00,19.1878657,72.8304069,OZONE,1.0,50.0,20.0,2025-11-29 21:23:24.610846
India,Maharashtra,Mumbai,"Shivaji Nagar, Mumbai - BMC",30-11-2025 02:00:00,19.060498,72.923356,SO2,8.0,15.0,13.0,2025-11-29 21:23:24.610846
India,Maharashtra,Mumbai,"Siddharth Nagar-Worli, Mumbai - IITM",30-11-2025 02:00:00,19.000083,72.813993,PM2.5,27.0,170.0,100.0,2025-11-29 21:23:24.610846
India,Maharashtra,Mumbai,"Siddharth Nagar-Worli, Mumbai - IITM",30-11-2025 02:00:00,19.000083,72.813993,NH3,3.0,5.0,4.0,2025-11-29 21:23:24.610846
India,Maharashtra,Mumbai,"Sion, Mumbai - MPCB",30-11-2025 02:00:00,19.047,72.8746,NO2,45.0,60.0,51.0,2025-11-29 21:23:24.610846
India,Maharashtra,Mumbai,"Kherwadi_Bandra East, Mumbai - MPCB",30-11-2025 02:00:00,19.0632143,72.8456324,PM10,110.0,168.0,139.0,2025-11-29 21:23:24.610846
India,Maharashtra,Mumbai,"Kherwadi_Bandra East, Mumbai - MPCB",30-11-2025 02:00:00,19.0632143,72.8456324,OZONE,1.0,62.0,8.0,2025-11-29 21:23:24.610846
India,Maharashtra,Mumbai,"Kandivali East, Mumbai - MPCB",30-11-2025 02:00:00,19.2058,72.8682,NH3,1.0,1.0,1.0,2025-11-29 21:23:24.610846
India,Maharashtra,Mumbai,"Kandivali East, Mumbai - MPCB",30-11-2025 02:00:00,19.2058,72.8682,SO2,,,,2025-11-29 21:23:24.610846
India,Maharashtra,Mumbai,"Navy Nagar-Colaba, Mumbai - IITM",30-11-2025 02:00:00,18.897756,72.81332,PM2.5,46.0,236.0,134.0,2025-11-29 21:23:24.610846
India,Maharashtra,Mumbai,"Mazgaon, Mumbai - IITM",30-11-2025 02:00:00,18.96702,72.84214,CO,39.0,84.0,60.0,2025-11-29 21:23:24.610846
India,Maharashtra,Mumbai,"Worli, Mumbai - MPCB",30-11-2025 02:00:00,18.9936162,72.8128113,PM10,77.0,123.0,102.0,2025-11-29 21:23:24.610846
India,Maharashtra,Mumbai,"Worli, Mumbai - MPCB",30-11-2025 02:00:00,18.9936162,72.8128113,CO,4.0,20.0,11.0,2025-11-29 21:23:24.610846
India,Maharashtra,Nagpur,"Ambazari, Nagpur - MPCB",30-11-2025 02:00:00,21.121801,79.04952,CO,20.0,66.0,45.0,2025-11-29 21:23:24.610846
India,Maharashtra,Nagpur,"Opp GPO Civil Lines, Nagpur - MPCB",30-11-2025 02:00:00,21.152875,79.0517531,PM2.5,63.0,222.0,116.0,2025-11-29 21:23:24.610846
India,Maharashtra,Nagpur,"Opp GPO Civil Lines, Nagpur - MPCB",30-11-2025 02:00:00,21.152875,79.0517531,NO2,17.0,104.0,44.0,2025-11-29 21:23:24.610846
India,Maharashtra,Nagpur,"Opp GPO Civil Lines, Nagpur - MPCB",30-11-2025 02:00:00,21.152875,79.0517531,NH3,1.0,9.0,3.0,2025-11-29 21:23:24.610846
India,Maharashtra,Mumbai,"Vile Parle West, Mumbai - MPCB",30-11-2025 02:00:00,19.10861,72.83622,NO2,22.0,30.0,29.0,2025-11-29 21:23:24.610846
India,Maharashtra,Mumbai,"Vile Parle West, Mumbai - MPCB",30-11-2025 02:00:00,19.10861,72.83622,NH3,4.0,5.0,5.0,2025-11-29 21:23:24.610846
India,Maharashtra,Mumbai,"Vile Parle West, Mumbai - MPCB",30-11-2025 02:00:00,19.10861,72.83622,OZONE,19.0,27.0,26.0,2025-11-29 21:23:24.610846
India,Maharashtra,Nagpur,"Ram Nagar, Nagpur - MPCB",30-11-2025 02:00:00,21.143383,79.048912,PM2.5,85.0,224.0,126.0,2025-11-29 21:23:24.610846
India,Maharashtra,Nashik,"Gangapur Road, Nashik - MPCB",30-11-2025 02:00:00,20.0073285,73.7762427,CO,24.0,24.0,24.0,2025-11-29 21:23:24.610846
India,Maharashtra,Nagpur,"Ram Nagar, Nagpur - MPCB",30-11-2025 02:00:00,21.143383,79.048912,SO2,2.0,82.0,19.0,2025-11-29 21:23:24.610846
India,Maharashtra,Nagpur,"Ram Nagar, Nagpur - MPCB",30-11-2025 02:00:00,21.143383,79.048912,NH3,3.0,19.0,6.0,2025-11-29 21:23:24.610846
India,Maharashtra,Nashik,"Hirawadi, Nashik - MPCB",30-11-2025 02:00:00,20.021503,73.813844,NO2,5.0,31.0,15.0,2025-11-29 21:23:24.610846
India,Maharashtra,Nashik,"Hirawadi, Nashik - MPCB",30-11-2025 02:00:00,20.021503,73.813844,SO2,1.0,8.0,3.0,2025-11-29 21:23:24.610846
India,Maharashtra,Nashik,"MIDC Ambad, Nashik - MPCB",30-11-2025 02:00:00,19.95022,73.73148,PM10,78.0,137.0,96.0,2025-11-29 21:23:24.610846
India,Maharashtra,Nashik,"Pandav Nagari, Nashik - MPCB",30-11-2025 02:00:00,19.9591346,73.7788008,SO2,3.0,69.0,14.0,2025-11-29 21:23:24.610846
India,Maharashtra,Navi Mumbai,"Mahape, Navi Mumbai - MPCB",30-11-2025 02:00:00,19.1135051,73.008978,CO,14.0,15.0,14.0,2025-11-29 21:23:24.610846
India,Maharashtra,Navi Mumbai,"Mahape, Navi Mumbai - MPCB",30-11-2025 02:00:00,19.1135051,73.008978,OZONE,8.0,14.0,10.0,2025-11-29 21:23:24.610846
