country,state,city,station,last_update,latitude,longitude,pollutant_id,pollutant_min,pollutant_max,pollutant_avg,fetched_at
India,Andhra_Pradesh,Tirumala,"Toll Gate, Tirumala - APPCB",29-11-2025 16:00:00,13.67,79.35,OZONE,3.0,80.0,23.0,2025-11-29 11:20:52.500124
India,Andhra_Pradesh,Tirupati,"Vaikuntapuram, Tirupati - APPCB",29-11-2025 16:00:00,13.615387,79.40923,NO2,,,,2025-11-29 11:20:52.500124
India,Andhra_Pradesh,Tirupati,"Vaikuntapuram, Tirupati - APPCB",29-11-2025 16:00:00,13.615387,79.40923,CO,19.0,32.0,24.0,2025-11-29 11:20:52.500124
India,Andhra_Pradesh,Vijayawada,"HB Colony, Vijayawada - APPCB",29-11-2025 16:00:00,16.536107,80.594233,NO2,22.0,22.0,22.0,2025-11-29 11:20:52.500124
India,Andhra_Pradesh,Vijayawada,"HB Colony, Vijayawada - APPCB",29-11-2025 16:00:00,16.536107,80.594233,CO,40.0,41.0,40.0,2025-11-29 11:20:52.500124
India,Andhra_Pradesh,Vijayawada,"Rajiv Gandhi Park, Vijayawada - APPCB",29-11-2025 16:00:00,16.509717,80.612222,PM10,43.0,64.0,51.0,2025-11-29 11:20:52.500124
India,Andhra_Pradesh,Rajamahendravaram,"Anand Kala Kshetram, Rajamahendravaram - APPCB",29-11-2025 16:00:00,16.9872867,81.7363176,SO2,5.0,15.0,9.0,2025-11-29 11:20:52.500124
India,Andhra_Pradesh,Rajamahendravaram,"Anand Kala Kshetram, Rajamahendravaram - APPCB",29-11-2025 16:00:00,16.9872867,81.7363176,OZONE,12.0,27.0,18.0,2025-11-29 11:20:52.500124
India,Andhra_Pradesh,Tirumala,"Toll Gate, Tirumala - APPCB",29-11-2025 16:00:00,13.67,79.35,PM2.5,37.0,240.0,139.0,2025-11-29 11:20:52.500124
India,Assam,Guwahati,"IITG, Guwahati - PCBA",29-11-2025 16:00:00,26.2028636,91.70046436,PM10,56.0,220.0,102.0,2025-11-29 11:20:52.500124
India,Assam,Guwahati,"IITG, Guwahati - PCBA",29-11-2025 16:00:00,26.2028636,91.70046436,NH3,5.0,5.0,5.0,2025-11-29 11:20:52.500124
India,Assam,Guwahati,"IITG, Guwahati - PCBA",29-11-2025 16:00:00,26.2028636,91.70046436,CO,8.0,28.0,11.0,2025-11-29 11:20:52.500124
India,Assam,Guwahati,"IITG, Guwahati - PCBA",29-11-2025 16:00:00,26.2028636,91.70046436,OZONE,1.0,36.0,24.0,2025-11-29 11:20:52.500124
India,Andhra_Pradesh,Chittoor,"Gangineni Cheruvu, Chittoor - APPCB",29-11-2025 16:00:00,13.20488,79.097889,PM2.5,85.0,201.0,150.0,2025-11-29 11:20:52.500124
India,Andhra_Pradesh,Kadapa,"Yerramukkapalli, Kadapa - APPCB",29-11-2025 16:00:00,14.465052,78.824187,NH3,,,,2025-11-29 11:20:52.500124
India,Arunachal_Pradesh,Naharlagun,"Naharlagun, Naharlagun - APSPCB",29-11-2025 16:00:00,27.103358,93.679645,NO2,6.0,6.0,6.0,2025-11-29 11:20:52.500124
India,Assam,Byrnihat,"Central Academy for SFS, Byrnihat - PCBA",29-11-2025 16:00:00,26.071318,91.87488,NH3,4.0,4.0,4.0,2025-11-29 11:20:52.500124
India,Andhra_Pradesh,Anantapur,"Gulzarpet, Anantapur - APPCB",29-11-2025 16:00:00,14.675886,77.593027,NH3,4.0,5.0,5.0,2025-11-29 11:20:52.500124
India,Andhra_Pradesh,Anantapur,"Gulzarpet, Anantapur - APPCB",29-11-2025 16:00:00,14.675886,77.593027,CO,22.0,44.0,32.0,2025-11-29 11:20:52.500124
India,Assam,Sivasagar,"Girls College, Sivasagar - PCBA",29-11-2025 16:00:00,26.987634,94.636574,NH3,4.0,16.0,8.0,2025-11-29 11:20:52.500124
India,Assam,Sivasagar,"Girls College, Sivasagar - PCBA",29-11-2025 16:00:00,26.987634,94.636574,SO2,8.0,12.0,10.0,2025-11-29 11:20:52.500124
India,Andaman and Nicobar,Sri Vijaya Puram,"Police Line, Sri Vijaya Puram - ANPCC",29-11-2025 16:00:00,11.654054,92.734055,CO,16.0,46.0,21.0,2025-11-29 11:20:52.500124
India,Assam,Sivasagar,"Girls College, Sivasagar - PCBA",29-11-2025 16:00:00,26.987634,94.636574,PM10,36.0,98.0,54.0,2025-11-29 11:20:52.500124
India,Assam,Nalbari,"Bata Chowk, Nalbari - PCBA",29-11-2025 16:00:00,26.446912,91.439057,CO,20.0,22.0,21.0,2025-11-29 11:20:52.500124
India,Bihar,Bhagalpur,"Mayaganj, Bhagalpur - BSPCB",29-11-2025 16:00:00,25.265194,87.012947,OZONE,24.0,97.0,75.0,2025-11-29 11:20:52.500124
India,Bihar,Bihar Sharif,"D M Colony, Bihar Sharif - BSPCB",29-11-2025 16:00:00,25.204762,85.51496,SO2,10.0,10.0,10.0,2025-11-29 11:20:52.500124
India,Bihar,Buxar,"Charitra Van, Buxar - BSPCB",29-11-2025 16:00:00,25.56752,83.966379,SO2,1.0,11.0,5.0,2025-11-29 11:20:52.500124
India,Bihar,Bhagalpur,"DM Office_Kachari Chowk, Bhagalpur - BSPCB",29-11-2025 16:00:00,25.251013,86.989001,PM2.5,15.0,55.0,36.0,2025-11-29 11:20:52.500124
India,Bihar,Bhagalpur,"DM Office_Kachari Chowk, Bhagalpur - BSPCB",29-11-2025 16:00:00,25.251013,86.989001,SO2,37.0,59.0,48.0,2025-11-29 11:20:52.500124
India,Bihar,Bhagalpur,"Mayaganj, Bhagalpur - BSPCB",29-11-2025 16:00:00,25.265194,87.012947,PM2.5,28.0,88.0,64.0,2025-11-29 11:20:52.500124
India,Bihar,Gaya,"Collectorate, Gaya - BSPCB",29-11-2025 16:00:00,24.7955,84.9994,SO2,,,,2025-11-29 11:20:52.500124
India,Bihar,Gaya,"Kareemganj, Gaya - BSPCB",29-11-2025 16:00:00,24.792403,84.992416,PM10,108.0,239.0,164.0,2025-11-29 11:20:52.500124
India,Bihar,Gaya,"Kareemganj, Gaya - BSPCB",29-11-2025 16:00:00,24.792403,84.992416,NO2,3.0,7.0,5.0,2025-11-29 11:20:52.500124
India,Bihar,Gaya,"Kareemganj, Gaya - BSPCB",29-11-2025 16:00:00,24.792403,84.992416,SO2,14.0,16.0,15.0,2025-11-29 11:20:52.500124
India,Bihar,Gaya,"Kareemganj, Gaya - BSPCB",29-11-2025 16:00:00,24.792403,84.992416,CO,36.0,40.0,37.0,2025-11-29 11:20:52.500124
India,Bihar,Begusarai,"Lohiyanagar, Begusarai - BSPCB",29-11-2025 16:00:00,25.42742023,86.13886079,PM2.5,54.0,314.0,85.0,2025-11-29 11:20:52.500124
India,Bihar,Aurangabad,"Gurdeo Nagar, Aurangabad - BSPCB",29-11-2025 16:00:00,24.75746,84.366208,NH3,1.0,2.0,1.0,2025-11-29 11:20:52.500124
India,Bihar,Bettiah,"Kamalnath Nagar, Bettiah - BSPCB",29-11-2025 16:00:00,26.80365,84.51954,NO2,5.0,11.0,8.0,2025-11-29 11:20:52.500124
India,Bihar,Bhagalpur,"Mayaganj, Bhagalpur - BSPCB",29-11-2025 16:00:00,25.265194,87.012947,NH3,7.0,19.0,12.0,2025-11-29 11:20:52.500124
India,Bihar,Gaya,"SFTI Kusdihra, Gaya - BSPCB",29-11-2025 16:00:00,24.762518,84.982348,NH3,3.0,3.0,3.0,2025-11-29 11:20:52.500124
India,Bihar,Patna,"Govt. High School Shikarpur, Patna - BSPCB",29-11-2025 16:00:00,25.592539,85.227158,NH3,4.0,6.0,5.0,2025-11-29 11:20:52.500124
India,Bihar,Patna,"Govt. High School Shikarpur, Patna - BSPCB",29-11-2025 16:00:00,25.592539,85.227158,OZONE,8.0,11.0,9.0,2025-11-29 11:20:52.500124
India,Bihar,Patna,"IGSC Planetarium Complex, Patna - BSPCB",29-11-2025 16:00:00,25.610369,85.132568,OZONE,25.0,55.0,34.0,2025-11-29 11:20:52.500124
India,Bihar,Patna,"Rajbansi Nagar, Patna - BSPCB",29-11-2025 16:00:00,25.599486,85.113666,PM2.5,37.0,103.0,74.0,2025-11-29 11:20:52.500124
India,Bihar,Patna,"Rajbansi Nagar, Patna - BSPCB",29-11-2025 16:00:00,25.599486,85.113666,PM10,75.0,114.0,103.0,2025-11-29 11:20:52.500124
India,Bihar,Patna,"Rajbansi Nagar, Patna - BSPCB",29-11-2025 16:00:00,25.599486,85.113666,NO2,2.0,99.0,44.0,2025-11-29 11:20:52.500124
India,Bihar,Muzaffarpur,"Buddha Colony, Muzaffarpur - BSPCB",29-11-2025 16:00:00,26.11442,85.39813,CO,32.0,80.0,52.0,2025-11-29 11:20:52.500124
India,Bihar,Muzaffarpur,"MIT-Daudpur Kothi, Muzaffarpur - BSPCB",29-11-2025 16:00:00,26.1403345,85.3650192,NH3,1.0,1.0,1.0,2025-11-29 11:20:52.500124
India,Bihar,Muzaffarpur,"MIT-Daudpur Kothi, Muzaffarpur - BSPCB",29-11-2025 16:00:00,26.1403345,85.3650192,SO2,9.0,12.0,11.0,2025-11-29 11:20:52.500124
India,Bihar,Patna,"DRM Office Danapur, Patna - BSPCB",29-11-2025 16:00:00,25.586562,85.043586,PM2.5,80.0,194.0,128.0,2025-11-29 11:20:52.500124
India,Bihar,Patna,"Samanpura, Patna - BSPCB",29-11-2025 16:00:00,25.596727,85.085624,PM10,95.0,165.0,134.0,2025-11-29 11:20:52.500124
India,Bihar,Patna,"Samanpura, Patna - BSPCB",29-11-2025 16:00:00,25.596727,85.085624,NO2,19.0,21.0,20.0,2025-11-29 11:20:52.500124
India,Bihar,Patna,"Samanpura, Patna - BSPCB",29-11-2025 16:00:00,25.596727,85.085624,NH3,5.0,5.0,5.0,2025-11-29 11:20:52.500124
India,Bihar,Katihar,"Mirchaibari, Katihar - BSPCB",29-11-2025 16:00:00,25.560083,87.553265,NH3,1.0,1.0,1.0,2025-11-29 11:20:52.500124
India,Bihar,Katihar,"Mirchaibari, Katihar - BSPCB",29-11-2025 16:00:00,25.560083,87.553265,SO2,8.0,21.0,15.0,2025-11-29 11:20:52.500124
India,Bihar,Kishanganj,"SDM Office_Khagra, Kishanganj - BSPCB",29-11-2025 16:00:00,26.0881305,87.93840336,OZONE,16.0,19.0,17.0,2025-11-29 11:20:52.500124
India,Bihar,Manguraha,"Forest Rest House, Manguraha - BSPCB",29-11-2025 16:00:00,27.308328,84.531742,NH3,1.0,2.0,1.0,2025-11-29 11:20:52.500124
India,Bihar,Purnia,"Mariam Nagar, Purnia - BSPCB",29-11-2025 16:00:00,25.366336,87.117468,PM10,19.0,86.0,59.0,2025-11-29 11:20:52.500124
India,Bihar,Munger,"Town Hall, Munger - BSPCB",29-11-2025 16:00:00,25.376776,86.471523,SO2,,,,2025-11-29 11:20:52.500124
India,Bihar,Patna,"Samanpura, Patna - BSPCB",29-11-2025 16:00:00,25.596727,85.085624,SO2,1.0,3.0,2.0,2025-11-29 11:20:52.500124
India,Chhattisgarh,Bhilai,"32Bungalows, Bhilai - CECB",29-11-2025 16:00:00,21.194815,81.31477,NH3,1.0,4.0,3.0,2025-11-29 11:20:52.500124
India,Chhattisgarh,Bhilai,"32Bungalows, Bhilai - CECB",29-11-2025 16:00:00,21.194815,81.31477,SO2,5.0,70.0,22.0,2025-11-29 11:20:52.500124
India,Chhattisgarh,Bhilai,"32Bungalows, Bhilai - CECB",29-11-2025 16:00:00,21.194815,81.31477,OZONE,1.0,84.0,57.0,2025-11-29 11:20:52.500124
India,Chhattisgarh,Bhilai,"Civic Center, Bhilai - Bhilai Steel Plant",29-11-2025 16:00:00,21.185571,81.343175,SO2,7.0,11.0,8.0,2025-11-29 11:20:52.500124
India,Chhattisgarh,Bilaspur,"Mangala, Bilaspur - NTPC",29-11-2025 16:00:00,22.08815,82.13737,CO,16.0,82.0,26.0,2025-11-29 11:20:52.500124
India,Chhattisgarh,Milupara,"Govt. Higher Secondary School, Milupara - CECB",29-11-2025 16:00:00,22.1910172,83.5197009,PM2.5,43.0,97.0,70.0,2025-11-29 11:20:52.500124
India,Chhattisgarh,Milupara,"Govt. Higher Secondary School, Milupara - CECB",29-11-2025 16:00:00,22.1910172,83.5197009,CO,22.0,68.0,31.0,2025-11-29 11:20:52.500124
India,Chhattisgarh,Raipur,"AIIMS, Raipur - CECB",29-11-2025 16:00:00,21.258815,81.578979,PM2.5,46.0,214.0,139.0,2025-11-29 11:20:52.500124
India,Chhattisgarh,Raipur,"AIIMS, Raipur - CECB",29-11-2025 16:00:00,21.258815,81.578979,NO2,62.0,81.0,70.0,2025-11-29 11:20:52.500124
India,Bihar,Siwan,"Chitragupta Nagar, Siwan - BSPCB",29-11-2025 16:00:00,26.2271665,84.3570427,NH3,1.0,1.0,1.0,2025-11-29 11:20:52.500124
India,Chandigarh,Chandigarh,"Sector 22, Chandigarh - CPCC",29-11-2025 16:00:00,30.735567,76.775714,NH3,8.0,18.0,15.0,2025-11-29 11:20:52.500124
India,Bihar,Samastipur,"DM Office_Kasipur, Samastipur - BSPCB",29-11-2025 16:00:00,25.859655,85.77944,NO2,6.0,9.0,8.0,2025-11-29 11:20:52.500124
India,Bihar,Samastipur,"DM Office_Kasipur, Samastipur - BSPCB",29-11-2025 16:00:00,25.859655,85.77944,CO,42.0,94.0,54.0,2025-11-29 11:20:52.500124
India,Bihar,Sasaram,"Dada Peer, Sasaram - BSPCB",29-11-2025 16:00:00,24.952822,84.002396,SO2,1.0,6.0,3.0,2025-11-29 11:20:52.500124
India,Bihar,Sasaram,"Dada Peer, Sasaram - BSPCB",29-11-2025 16:00:00,24.952822,84.002396,OZONE,3.0,25.0,15.0,2025-11-29 11:20:52.500124
India,Bihar,Rajgir,"Dangi Tola, Rajgir - BSPCB",29-11-2025 16:00:00,25.0328,85.41948,PM10,,,,2025-11-29 11:20:52.500124
India,Bihar,Rajgir,"Dangi Tola, Rajgir - BSPCB",29-11-2025 16:00:00,25.0328,85.41948,SO2,19.0,23.0,21.0,2025-11-29 11:20:52.500124
India,Chhattisgarh,Kunjemura,"OP Jindal School, Kunjemura - CECB",29-11-2025 16:00:00,22.12665,83.483212,CO,18.0,38.0,30.0,2025-11-29 11:20:52.500124
India,Bihar,Samastipur,"DM Office_Kasipur, Samastipur - BSPCB",29-11-2025 16:00:00,25.859655,85.77944,PM2.5,20.0,57.0,37.0,2025-11-29 11:20:52.500124
India,Bihar,Saharsa,"Police Line, Saharsa - BSPCB",29-11-2025 16:00:00,25.892357,86.590325,PM10,38.0,140.0,91.0,2025-11-29 11:20:52.500124
India,Delhi,Delhi,"Ashok Vihar, Delhi - DPCC",29-11-2025 16:00:00,28.695381,77.181665,NH3,6.0,7.0,6.0,2025-11-29 11:20:52.500124
India,Delhi,Delhi,"Aya Nagar, Delhi - IMD",29-11-2025 16:00:00,28.4706914,77.1099364,PM2.5,83.0,343.0,274.0,2025-11-29 11:20:52.500124
India,Delhi,Delhi,"Burari Crossing, Delhi - IMD",29-11-2025 16:00:00,28.7256504,77.2011573,OZONE,8.0,130.0,65.0,2025-11-29 11:20:52.500124
India,Delhi,Delhi,"CRRI Mathura Road, Delhi - IMD",29-11-2025 16:00:00,28.5512005,77.2735737,PM10,130.0,353.0,231.0,2025-11-29 11:20:52.500124
India,Chhattisgarh,Tumidih,"OP Jindal Industrial Park, Tumidih - CECB",29-11-2025 16:00:00,22.06631475,83.33820077,NH3,1.0,2.0,2.0,2025-11-29 11:20:52.500124
India,Chhattisgarh,Tumidih,"OP Jindal Industrial Park, Tumidih - CECB",29-11-2025 16:00:00,22.06631475,83.33820077,CO,16.0,63.0,30.0,2025-11-29 11:20:52.500124
India,Chhattisgarh,Raipur,"Siltara Phase-II, Raipur - CECB",29-11-2025 16:00:00,21.371751,81.664929,NH3,3.0,3.0,3.0,2025-11-29 11:20:52.500124
India,Chhattisgarh,Raipur,"Siltara Phase-II, Raipur - CECB",29-11-2025 16:00:00,21.371751,81.664929,CO,34.0,36.0,35.0,2025-11-29 11:20:52.500124
India,Delhi,Delhi,"Alipur, Delhi - DPCC",29-11-2025 16:00:00,28.815329,77.15301,PM2.5,92.0,393.0,285.0,2025-11-29 11:20:52.500124
India,Delhi,Delhi,"Alipur, Delhi - DPCC",29-11-2025 16:00:00,28.815329,77.15301,NO2,38.0,126.0,77.0,2025-11-29 11:20:52.500124
India,Delhi,Delhi,"Dr. Karni Singh Shooting Range, Delhi - DPCC",29-11-2025 16:00:00,28.498571,77.26484,NO2,83.0,153.0,121.0,2025-11-29 11:20:52.500124
India,Chhattisgarh,Raipur,"Bhatagaon New ISBT, Raipur - CECB",29-11-2025 16:00:00,21.219665,81.630094,SO2,6.0,12.0,8.0,2025-11-29 11:20:52.500124
India,Delhi,Delhi,"Chandni Chowk, Delhi - IITM",29-11-2025 16:00:00,28.656756,77.227234,CO,78.0,118.0,102.0,2025-11-29 11:20:52.500124
India,Delhi,Delhi,"DTU, Delhi - CPCB",29-11-2025 16:00:00,28.7500499,77.1112615,NH3,8.0,10.0,9.0,2025-11-29 11:20:52.500124
India,Delhi,Delhi,"Lodhi Road, Delhi - IMD",29-11-2025 16:00:00,28.5918245,77.2273074,NO2,15.0,51.0,28.0,2025-11-29 11:20:52.500124
India,Delhi,Delhi,"Major Dhyan Chand National Stadium, Delhi - DPCC",29-11-2025 16:00:00,28.611281,77.237738,PM2.5,73.0,367.0,278.0,2025-11-29 11:20:52.500124
India,Delhi,Delhi,"Major Dhyan Chand National Stadium, Delhi - DPCC",29-11-2025 16:00:00,28.611281,77.237738,OZONE,6.0,89.0,33.0,2025-11-29 11:20:52.500124
India,Delhi,Delhi,"Mandir Marg, Delhi - DPCC",29-11-2025 16:00:00,28.636429,77.201067,NO2,54.0,125.0,93.0,2025-11-29 11:20:52.500124
India,Delhi,Delhi,"Mandir Marg, Delhi - DPCC",29-11-2025 16:00:00,28.636429,77.201067,SO2,34.0,69.0,57.0,2025-11-29 11:20:52.500124
India,Delhi,Delhi,"Mundka, Delhi - DPCC",29-11-2025 16:00:00,28.684678,77.076574,NH3,8.0,17.0,14.0,2025-11-29 11:20:52.500124
India,Delhi,Delhi,"NSIT Dwarka, Delhi - CPCB",29-11-2025 16:00:00,28.60909,77.0325413,SO2,7.0,46.0,33.0,2025-11-29 11:20:52.500124
India,Delhi,Delhi,"Najafgarh, Delhi - DPCC",29-11-2025 16:00:00,28.570173,76.933762,PM2.5,83.0,345.0,279.0,2025-11-29 11:20:52.500124
India,Delhi,Delhi,"Jahangirpuri, Delhi - DPCC",29-11-2025 16:00:00,28.73282,77.170633,NH3,9.0,11.0,10.0,2025-11-29 11:20:52.500124
India,Delhi,Delhi,"Jawaharlal Nehru Stadium, Delhi - DPCC",29-11-2025 16:00:00,28.58028,77.233829,PM2.5,95.0,376.0,300.0,2025-11-29 11:20:52.500124
India,Delhi,Delhi,"Jawaharlal Nehru Stadium, Delhi - DPCC",29-11-2025 16:00:00,28.58028,77.233829,SO2,1.0,23.0,10.0,2025-11-29 11:20:52.500124
India,Delhi,Delhi,"Jawaharlal Nehru Stadium, Delhi - DPCC",29-11-2025 16:00:00,28.58028,77.233829,OZONE,7.0,7.0,7.0,2025-11-29 11:20:52.500124
India,Delhi,Delhi,"ITO, Delhi - CPCB",29-11-2025 16:00:00,28.628624,77.24106,SO2,16.0,36.0,27.0,2025-11-29 11:20:52.500124
India,Delhi,Delhi,"Jahangirpuri, Delhi - DPCC",29-11-2025 16:00:00,28.73282,77.170633,PM10,177.0,431.0,304.0,2025-11-29 11:20:52.500124
India,Delhi,Delhi,"IGI Airport (T3), Delhi - IMD",29-11-2025 16:00:00,28.5627763,77.1180053,PM2.5,83.0,326.0,252.0,2025-11-29 11:20:52.500124
India,Delhi,Delhi,"IGI Airport (T3), Delhi - IMD",29-11-2025 16:00:00,28.5627763,77.1180053,OZONE,4.0,57.0,35.0,2025-11-29 11:20:52.500124
India,Delhi,Delhi,"Najafgarh, Delhi - DPCC",29-11-2025 16:00:00,28.570173,76.933762,NO2,35.0,92.0,79.0,2025-11-29 11:20:52.500124
India,Delhi,Delhi,"Najafgarh, Delhi - DPCC",29-11-2025 16:00:00,28.570173,76.933762,NH3,9.0,10.0,9.0,2025-11-29 11:20:52.500124
India,Delhi,Delhi,"Dwarka-Sector 8, Delhi - DPCC ",29-11-2025 16:00:00,28.5710274,77.0719006,PM10,121.0,409.0,265.0,2025-11-29 11:20:52.500124
India,Delhi,Delhi,"Dwarka-Sector 8, Delhi - DPCC ",29-11-2025 16:00:00,28.5710274,77.0719006,OZONE,1.0,117.0,65.0,2025-11-29 11:20:52.500124
India,Delhi,Delhi,"Narela, Delhi - DPCC",29-11-2025 16:00:00,28.822836,77.101981,NH3,5.0,9.0,7.0,2025-11-29 11:20:52.500124
India,Delhi,Delhi,"Patparganj, Delhi - DPCC",29-11-2025 16:00:00,28.623763,77.287209,SO2,4.0,11.0,7.0,2025-11-29 11:20:52.500124
India,Delhi,Delhi,"Punjabi Bagh, Delhi - DPCC",29-11-2025 16:00:00,28.674045,77.131023,PM2.5,80.0,433.0,308.0,2025-11-29 11:20:52.500124
India,Delhi,Delhi,"Rohini, Delhi - DPCC",29-11-2025 16:00:00,28.732528,77.11992,CO,31.0,127.0,46.0,2025-11-29 11:20:52.500124
India,Delhi,Delhi,"Rohini, Delhi - DPCC",29-11-2025 16:00:00,28.732528,77.11992,OZONE,4.0,190.0,187.0,2025-11-29 11:20:52.500124
India,Delhi,Delhi,"North Campus, DU, Delhi - IMD",29-11-2025 16:00:00,28.6573814,77.1585447,PM2.5,98.0,374.0,290.0,2025-11-29 11:20:52.500124
India,Delhi,Delhi,"Okhla Phase-2, Delhi - DPCC",29-11-2025 16:00:00,28.530785,77.271255,NO2,89.0,207.0,145.0,2025-11-29 11:20:52.500124
India,Delhi,Delhi,"R K Puram, Delhi - DPCC",29-11-2025 16:00:00,28.563262,77.186937,NO2,32.0,138.0,89.0,2025-11-29 11:20:52.500124
India,Delhi,Delhi,"Pusa, Delhi - DPCC",29-11-2025 16:00:00,28.639652,77.146275,PM2.5,123.0,358.0,316.0,2025-11-29 11:20:52.500124
India,Delhi,Delhi,"R K Puram, Delhi - DPCC",29-11-2025 16:00:00,28.563262,77.186937,NH3,6.0,8.0,7.0,2025-11-29 11:20:52.500124
India,Delhi,Delhi,"Rohini, Delhi - DPCC",29-11-2025 16:00:00,28.732528,77.11992,NH3,12.0,27.0,17.0,2025-11-29 11:20:52.500124
India,Delhi,Delhi,"Pusa, Delhi - DPCC",29-11-2025 16:00:00,28.639652,77.146275,SO2,3.0,10.0,7.0,2025-11-29 11:20:52.500124
India,Gujarat,Ahmedabad,"Gyaspur, Ahmedabad - IITM",29-11-2025 16:00:00,22.977134,72.553024,SO2,2.0,62.0,35.0,2025-11-29 11:20:52.500124
India,Gujarat,Ahmedabad,"Gyaspur, Ahmedabad - IITM",29-11-2025 16:00:00,22.977134,72.553024,CO,16.0,77.0,25.0,2025-11-29 11:20:52.500124
India,Gujarat,Ahmedabad,"Maninagar, Ahmedabad - GPCB",29-11-2025 16:00:00,23.002657,72.591912,SO2,33.0,57.0,48.0,2025-11-29 11:20:52.500124
India,Gujarat,Ahmedabad,"Maninagar, Ahmedabad - GPCB",29-11-2025 16:00:00,23.002657,72.591912,OZONE,19.0,94.0,68.0,2025-11-29 11:20:52.500124
India,Gujarat,Ahmedabad,"Raikhad, Ahmedabad - IITM",29-11-2025 16:00:00,23.020509,72.579261,NH3,4.0,8.0,6.0,2025-11-29 11:20:52.500124
India,Gujarat,Ahmedabad,"Chandkheda, Ahmedabad - IITM",29-11-2025 16:00:00,23.107969,72.574648,PM2.5,79.0,253.0,152.0,2025-11-29 11:20:52.500124
India,Gujarat,Ahmedabad,"Chandkheda, Ahmedabad - IITM",29-11-2025 16:00:00,23.107969,72.574648,PM10,110.0,221.0,147.0,2025-11-29 11:20:52.500124
India,Gujarat,Ahmedabad,"Chandkheda, Ahmedabad - IITM",29-11-2025 16:00:00,23.107969,72.574648,CO,8.0,109.0,22.0,2025-11-29 11:20:52.500124
India,Gujarat,Ahmedabad,"Chandkheda, Ahmedabad - IITM",29-11-2025 16:00:00,23.107969,72.574648,OZONE,32.0,95.0,62.0,2025-11-29 11:20:52.500124
India,Gujarat,Ahmedabad,"Gyaspur, Ahmedabad - IITM",29-11-2025 16:00:00,22.977134,72.553024,NH3,2.0,17.0,8.0,2025-11-29 11:20:52.500124
India,Delhi,Delhi,"Vivek Vihar, Delhi - DPCC",29-11-2025 16:00:00,28.672342,77.31526,PM10,156.0,428.0,256.0,2025-11-29 11:20:52.500124
India,Delhi,Delhi,"Vivek Vihar, Delhi - DPCC",29-11-2025 16:00:00,28.672342,77.31526,SO2,9.0,55.0,20.0,2025-11-29 11:20:52.500124
India,Delhi,Delhi,"Vivek Vihar, Delhi - DPCC",29-11-2025 16:00:00,28.672342,77.31526,CO,6.0,138.0,10.0,2025-11-29 11:20:52.500124
India,Delhi,Delhi,"Wazirpur, Delhi - DPCC",29-11-2025 16:00:00,28.699793,77.165453,NH3,9.0,14.0,11.0,2025-11-29 11:20:52.500124
India,Gujarat,Ahmedabad,"Raikhad, Ahmedabad - IITM",29-11-2025 16:00:00,23.020509,72.579261,SO2,10.0,22.0,15.0,2025-11-29 11:20:52.500124
India,Gujarat,Ahmedabad,"Raikhad, Ahmedabad - IITM",29-11-2025 16:00:00,23.020509,72.579261,CO,14.0,100.0,20.0,2025-11-29 11:20:52.500124
India,Delhi,Delhi,"Sri Aurobindo Marg, Delhi - DPCC",29-11-2025 16:00:00,28.531346,77.190156,PM10,123.0,228.0,176.0,2025-11-29 11:20:52.500124
India,Delhi,Delhi,"Shadipur, Delhi - CPCB",29-11-2025 16:00:00,28.6514781,77.1473105,CO,17.0,122.0,32.0,2025-11-29 11:20:52.500124
India,Delhi,Delhi,"Sirifort, Delhi - CPCB",29-11-2025 16:00:00,28.5504249,77.2159377,CO,23.0,123.0,46.0,2025-11-29 11:20:52.500124
India,Delhi,Delhi,"Shadipur, Delhi - CPCB",29-11-2025 16:00:00,28.6514781,77.1473105,SO2,18.0,35.0,27.0,2025-11-29 11:20:52.500124
India,Delhi,Delhi,"Sonia Vihar, Delhi - DPCC",29-11-2025 16:00:00,28.710508,77.249485,NH3,5.0,8.0,6.0,2025-11-29 11:20:52.500124
India,Gujarat,Ahmedabad,"SVPI Airport Hansol, Ahmedabad - IITM",29-11-2025 16:00:00,23.076793,72.627874,PM10,128.0,275.0,181.0,2025-11-29 11:20:52.500124
India,Gujarat,Ankleshwar,"GIDC, Ankleshwar - GPCB",29-11-2025 16:00:00,21.613267,73.010555,NO2,27.0,28.0,28.0,2025-11-29 11:20:52.500124
India,Gujarat,Ankleshwar,"GIDC, Ankleshwar - GPCB",29-11-2025 16:00:00,21.613267,73.010555,NH3,8.0,9.0,8.0,2025-11-29 11:20:52.500124
India,Gujarat,Gandhinagar,"IIPHG Lekawada, Gandhinagar - IITM",29-11-2025 16:00:00,23.243639,72.68994,OZONE,4.0,43.0,29.0,2025-11-29 11:20:52.500124
India,Gujarat,Gandhinagar,"Sector-10, Gandhinagar - GPCB",29-11-2025 16:00:00,23.221714,72.654328,PM10,66.0,110.0,88.0,2025-11-29 11:20:52.500124
India,Gujarat,Vapi,"Phase-1 GIDC, Vapi - GPCB",29-11-2025 16:00:00,20.362421,72.918013,NO2,18.0,33.0,25.0,2025-11-29 11:20:52.500124
India,Gujarat,Vapi,"Phase-1 GIDC, Vapi - GPCB",29-11-2025 16:00:00,20.362421,72.918013,NH3,2.0,4.0,3.0,2025-11-29 11:20:52.500124
India,Gujarat,Vapi,"Phase-1 GIDC, Vapi - GPCB",29-11-2025 16:00:00,20.362421,72.918013,SO2,13.0,40.0,17.0,2025-11-29 11:20:52.500124
India,Gujarat,Ahmedabad,"SAC ISRO Satellite, Ahmedabad - IITM",29-11-2025 16:00:00,23.023389,72.515201,NH3,10.0,26.0,16.0,2025-11-29 11:20:52.500124
India,Gujarat,Ahmedabad,"SAC ISRO Satellite, Ahmedabad - IITM",29-11-2025 16:00:00,23.023389,72.515201,SO2,6.0,12.0,8.0,2025-11-29 11:20:52.500124
India,Gujarat,Gandhinagar,"Sector-10, Gandhinagar - GPCB",29-11-2025 16:00:00,23.221714,72.654328,SO2,4.0,11.0,8.0,2025-11-29 11:20:52.500124
India,Gujarat,Gandhinagar,"Sector-10, Gandhinagar - GPCB",29-11-2025 16:00:00,23.221714,72.654328,OZONE,10.0,70.0,47.0,2025-11-29 11:20:52.500124
India,Gujarat,Vatva,"Phase-4 GIDC, Vatva - GPCB",29-11-2025 16:00:00,22.969611,72.6435,PM2.5,91.0,174.0,129.0,2025-11-29 11:20:52.500124
India,Gujarat,Vatva,"Phase-4 GIDC, Vatva - GPCB",29-11-2025 16:00:00,22.969611,72.6435,PM10,95.0,122.0,109.0,2025-11-29 11:20:52.500124
India,Gujarat,Nandesari,"GIDC, Nandesari - Nandesari Ind. Association",29-11-2025 16:00:00,22.410802,73.097923,PM10,111.0,173.0,136.0,2025-11-29 11:20:52.500124
India,Gujarat,Ahmedabad,"SAC ISRO Satellite, Ahmedabad - IITM",29-11-2025 16:00:00,23.023389,72.515201,NO2,11.0,84.0,33.0,2025-11-29 11:20:52.500124
India,Gujarat,Ahmedabad,"SAC ISRO Bopal, Ahmedabad - IITM",29-11-2025 16:00:00,23.041137,72.456691,OZONE,2.0,74.0,43.0,2025-11-29 11:20:52.500124
India,Haryana,Faridabad,"New Industrial Town, Faridabad - HSPCB",29-11-2025 16:00:00,28.39072,77.30059,CO,8.0,12.0,11.0,2025-11-29 11:20:52.500124
India,Haryana,Faridabad,"New Industrial Town, Faridabad - HSPCB",29-11-2025 16:00:00,28.39072,77.30059,OZONE,26.0,33.0,31.0,2025-11-29 11:20:52.500124
India,Haryana,Faridabad,"Sector 11, Faridabad - HSPCB",29-11-2025 16:00:00,28.376058,77.315741,NO2,30.0,33.0,31.0,2025-11-29 11:20:52.500124
India,Haryana,Faridabad,"Sector 11, Faridabad - HSPCB",29-11-2025 16:00:00,28.376058,77.315741,OZONE,15.0,16.0,15.0,2025-11-29 11:20:52.500124
India,Haryana,Faridabad,"Sector 30, Faridabad - HSPCB",29-11-2025 16:00:00,28.4417,77.3217,PM10,144.0,151.0,146.0,2025-11-29 11:20:52.500124
India,Haryana,Faridabad,"Sector 30, Faridabad - HSPCB",29-11-2025 16:00:00,28.4417,77.3217,NH3,10.0,12.0,11.0,2025-11-29 11:20:52.500124
India,Haryana,Fatehabad,"Huda Sector, Fatehabad - HSPCB",29-11-2025 16:00:00,29.503664,75.467934,OZONE,10.0,12.0,11.0,2025-11-29 11:20:52.500124
India,Haryana,Gurugram,"Sector-51, Gurugram - HSPCB",29-11-2025 16:00:00,28.4227,77.0667,PM2.5,52.0,343.0,259.0,2025-11-29 11:20:52.500124
India,Haryana,Gurugram,"Sector-51, Gurugram - HSPCB",29-11-2025 16:00:00,28.4227,77.0667,SO2,2.0,60.0,41.0,2025-11-29 11:20:52.500124
India,Haryana,Gurugram,"Teri Gram, Gurugram - HSPCB",29-11-2025 16:00:00,28.4275,77.1465,PM10,,,,2025-11-29 11:20:52.500124
India,Haryana,Ballabgarh,"Nathu Colony, Ballabgarh - HSPCB",29-11-2025 16:00:00,28.3419248,77.319699,OZONE,15.0,15.0,15.0,2025-11-29 11:20:52.500124
India,Haryana,Bhiwani,"H.B. Colony, Bhiwani - HSPCB",29-11-2025 16:00:00,28.806223,76.141105,PM10,124.0,140.0,130.0,2025-11-29 11:20:52.500124
India,Haryana,Bhiwani,"H.B. Colony, Bhiwani - HSPCB",29-11-2025 16:00:00,28.806223,76.141105,NH3,1.0,9.0,8.0,2025-11-29 11:20:52.500124
India,Haryana,Bhiwani,"H.B. Colony, Bhiwani - HSPCB",29-11-2025 16:00:00,28.806223,76.141105,CO,10.0,14.0,12.0,2025-11-29 11:20:52.500124
India,Haryana,Bhiwani,"H.B. Colony, Bhiwani - HSPCB",29-11-2025 16:00:00,28.806223,76.141105,OZONE,8.0,19.0,13.0,2025-11-29 11:20:52.500124
India,Gujarat,Vatva,"Phase-4 GIDC, Vatva - GPCB",29-11-2025 16:00:00,22.969611,72.6435,SO2,34.0,41.0,37.0,2025-11-29 11:20:52.500124
India,Gujarat,Vatva,"Phase-4 GIDC, Vatva - GPCB",29-11-2025 16:00:00,22.969611,72.6435,CO,10.0,16.0,12.0,2025-11-29 11:20:52.500124
India,Haryana,Bahadurgarh,"Arya Nagar, Bahadurgarh - HSPCB",29-11-2025 16:00:00,28.6701,76.9254,PM2.5,116.0,406.0,322.0,2025-11-29 11:20:52.500124
India,Haryana,Ambala,"Patti Mehar, Ambala - HSPCB",29-11-2025 16:00:00,30.379589,76.778328,PM2.5,99.0,178.0,120.0,2025-11-29 11:20:52.500124
India,Haryana,Ballabgarh,"Nathu Colony, Ballabgarh - HSPCB",29-11-2025 16:00:00,28.3419248,77.319699,NH3,3.0,3.0,3.0,2025-11-29 11:20:52.500124
India,Haryana,Ambala,"Patti Mehar, Ambala - HSPCB",29-11-2025 16:00:00,30.379589,76.778328,CO,98.0,100.0,99.0,2025-11-29 11:20:52.500124
India,Haryana,Gurugram,"Vikas Sadan, Gurugram - HSPCB",29-11-2025 16:00:00,28.4501238,77.0263051,CO,101.0,141.0,113.0,2025-11-29 11:20:52.500124
India,Haryana,Hisar,"Urban Estate-II, Hisar - HSPCB",29-11-2025 16:00:00,29.14056,75.744941,OZONE,45.0,102.0,84.0,2025-11-29 11:20:52.500124
India,Haryana,Jind,"Police Lines, Jind - HSPCB",29-11-2025 16:00:00,29.307814,76.337619,PM10,90.0,139.0,111.0,2025-11-29 11:20:52.500124
India,Haryana,Kaithal,"Rishi Nagar, Kaithal - HSPCB",29-11-2025 16:00:00,29.8006,76.4155,PM2.5,55.0,88.0,74.0,2025-11-29 11:20:52.500124
India,Haryana,Kaithal,"Rishi Nagar, Kaithal - HSPCB",29-11-2025 16:00:00,29.8006,76.4155,PM10,67.0,105.0,91.0,2025-11-29 11:20:52.500124
India,Haryana,Kaithal,"Rishi Nagar, Kaithal - HSPCB",29-11-2025 16:00:00,29.8006,76.4155,SO2,29.0,33.0,31.0,2025-11-29 11:20:52.500124
India,Haryana,Mandikhera,"General Hospital, Mandikhera(Nuh) - HSPCB",29-11-2025 16:00:00,27.9002,76.9938,NH3,13.0,14.0,14.0,2025-11-29 11:20:52.500124
India,Haryana,Mandikhera,"General Hospital, Mandikhera(Nuh) - HSPCB",29-11-2025 16:00:00,27.9002,76.9938,OZONE,25.0,32.0,28.0,2025-11-29 11:20:52.500124
India,Haryana,Narnaul,"Shastri Nagar, Narnaul - HSPCB",29-11-2025 16:00:00,28.060249,76.113115,OZONE,4.0,8.0,6.0,2025-11-29 11:20:52.500124
India,Haryana,Palwal,"Shyam Nagar, Palwal - HSPCB",29-11-2025 16:00:00,28.1485564,77.3320667,CO,18.0,50.0,32.0,2025-11-29 11:20:52.500124
India,Haryana,Palwal,"Shyam Nagar, Palwal - HSPCB",29-11-2025 16:00:00,28.1485564,77.3320667,OZONE,23.0,25.0,24.0,2025-11-29 11:20:52.500124
India,Andhra_Pradesh,Vijayawada,"Rajiv Nagar, Vijayawada - APPCB",29-11-2025 16:00:00,16.554731,80.64911,SO2,12.0,24.0,20.0,2025-11-29 11:20:52.500124
India,Andhra_Pradesh,Vijayawada,"Rajiv Nagar, Vijayawada - APPCB",29-11-2025 16:00:00,16.554731,80.64911,CO,29.0,67.0,40.0,2025-11-29 11:20:52.500124
India,Andhra_Pradesh,Visakhapatnam,"GVM Corporation, Visakhapatnam - APPCB",29-11-2025 16:00:00,17.72,83.3,PM2.5,48.0,138.0,86.0,2025-11-29 11:20:52.500124
India,Arunachal_Pradesh,Naharlagun,"Naharlagun, Naharlagun - APSPCB",29-11-2025 16:00:00,27.103358,93.679645,PM2.5,23.0,380.0,148.0,2025-11-29 11:20:52.500124
India,Arunachal_Pradesh,Naharlagun,"Naharlagun, Naharlagun - APSPCB",29-11-2025 16:00:00,27.103358,93.679645,CO,8.0,56.0,11.0,2025-11-29 11:20:52.500124
India,Arunachal_Pradesh,Naharlagun,"Naharlagun, Naharlagun - APSPCB",29-11-2025 16:00:00,27.103358,93.679645,OZONE,5.0,5.0,5.0,2025-11-29 11:20:52.500124
India,Assam,Byrnihat,"Central Academy for SFS, Byrnihat - PCBA",29-11-2025 16:00:00,26.071318,91.87488,PM10,72.0,100.0,85.0,2025-11-29 11:20:52.500124
India,Assam,Byrnihat,"Central Academy for SFS, Byrnihat - PCBA",29-11-2025 16:00:00,26.071318,91.87488,NO2,5.0,9.0,7.0,2025-11-29 11:20:52.500124
India,Assam,Byrnihat,"Central Academy for SFS, Byrnihat - PCBA",29-11-2025 16:00:00,26.071318,91.87488,OZONE,16.0,22.0,19.0,2025-11-29 11:20:52.500124
India,Assam,Guwahati,"LGBI Airport, Guwahati - PCBA",29-11-2025 16:00:00,26.10887,91.589544,OZONE,10.0,14.0,12.0,2025-11-29 11:20:52.500124
India,Assam,Guwahati,"Pan Bazaar, Guwahati - PCBA",29-11-2025 16:00:00,26.1875,91.744194,SO2,28.0,53.0,39.0,2025-11-29 11:20:52.500124
India,Assam,Guwahati,"Pan Bazaar, Guwahati - PCBA",29-11-2025 16:00:00,26.1875,91.744194,OZONE,17.0,18.0,17.0,2025-11-29 11:20:52.500124
India,Assam,Guwahati,"Railway Colony, Guwahati - PCBA",29-11-2025 16:00:00,26.181742,91.78063,NO2,3.0,3.0,3.0,2025-11-29 11:20:52.500124
India,Assam,Guwahati,"Railway Colony, Guwahati - PCBA",29-11-2025 16:00:00,26.181742,91.78063,CO,31.0,87.0,38.0,2025-11-29 11:20:52.500124
India,Andhra_Pradesh,Rajamahendravaram,"Anand Kala Kshetram, Rajamahendravaram - APPCB",29-11-2025 16:00:00,16.9872867,81.7363176,PM10,56.0,174.0,97.0,2025-11-29 11:20:52.500124
India,Andhra_Pradesh,Rajamahendravaram,"Anand Kala Kshetram, Rajamahendravaram - APPCB",29-11-2025 16:00:00,16.9872867,81.7363176,NH3,1.0,4.0,2.0,2025-11-29 11:20:52.500124
India,Andhra_Pradesh,Rajamahendravaram,"Anand Kala Kshetram, Rajamahendravaram - APPCB",29-11-2025 16:00:00,16.9872867,81.7363176,CO,19.0,65.0,25.0,2025-11-29 11:20:52.500124
India,Andhra_Pradesh,Tirumala,"Toll Gate, Tirumala - APPCB",29-11-2025 16:00:00,13.67,79.35,PM10,25.0,110.0,79.0,2025-11-29 11:20:52.500124
India,Andhra_Pradesh,Tirumala,"Toll Gate, Tirumala - APPCB",29-11-2025 16:00:00,13.67,79.35,SO2,6.0,7.0,6.0,2025-11-29 11:20:52.500124
India,Andhra_Pradesh,Chittoor,"Gangineni Cheruvu, Chittoor - APPCB",29-11-2025 16:00:00,13.20488,79.097889,SO2,6.0,33.0,15.0,2025-11-29 11:20:52.500124
India,Andhra_Pradesh,Kadapa,"Yerramukkapalli, Kadapa - APPCB",29-11-2025 16:00:00,14.465052,78.824187,SO2,,,,2025-11-29 11:20:52.500124
India,Andhra_Pradesh,Kadapa,"Yerramukkapalli, Kadapa - APPCB",29-11-2025 16:00:00,14.465052,78.824187,CO,30.0,40.0,36.0,2025-11-29 11:20:52.500124
India,Andhra_Pradesh,Tirupati,"Vaikuntapuram, Tirupati - APPCB",29-11-2025 16:00:00,13.615387,79.40923,PM10,,,,2025-11-29 11:20:52.500124
India,Andhra_Pradesh,Tirupati,"Vaikuntapuram, Tirupati - APPCB",29-11-2025 16:00:00,13.615387,79.40923,NH3,,,,2025-11-29 11:20:52.500124
India,Andhra_Pradesh,Vijayawada,"HB Colony, Vijayawada - APPCB",29-11-2025 16:00:00,16.536107,80.594233,NH3,4.0,4.0,4.0,2025-11-29 11:20:52.500124
India,Andaman and Nicobar,Sri Vijaya Puram,"Police Line, Sri Vijaya Puram - ANPCC",29-11-2025 16:00:00,11.654054,92.734055,PM2.5,,,,2025-11-29 11:20:52.500124
India,Andaman and Nicobar,Sri Vijaya Puram,"Police Line, Sri Vijaya Puram - ANPCC",29-11-2025 16:00:00,11.654054,92.734055,NO2,,,,2025-11-29 11:20:52.500124
India,Andaman and Nicobar,Sri Vijaya Puram,"Police Line, Sri Vijaya Puram - ANPCC",29-11-2025 16:00:00,11.654054,92.734055,NH3,,,,2025-11-29 11:20:52.500124
India,Assam,Silchar,"Tarapur, Silchar - PCBA",29-11-2025 16:00:00,24.82827,92.79525,NH3,1.0,2.0,1.0,2025-11-29 11:20:52.500124
India,Assam,Silchar,"Tarapur, Silchar - PCBA",29-11-2025 16:00:00,24.82827,92.79525,OZONE,1.0,9.0,4.0,2025-11-29 11:20:52.500124
India,Andhra_Pradesh,Amaravati,"Secretariat, Amaravati - APPCB",29-11-2025 16:00:00,16.5150833,80.5181667,NO2,18.0,139.0,44.0,2025-11-29 11:20:52.500124
India,Andhra_Pradesh,Anantapur,"Gulzarpet, Anantapur - APPCB",29-11-2025 16:00:00,14.675886,77.593027,NO2,20.0,26.0,25.0,2025-11-29 11:20:52.500124
India,Bihar,Araria,"Kharahiya Basti, Araria - BSPCB",29-11-2025 16:00:00,26.146529,87.454184,SO2,23.0,27.0,26.0,2025-11-29 11:20:52.500124
India,Bihar,Arrah,"New DM Office, Arrah - BSPCB",29-11-2025 16:00:00,25.5626095,84.663264,OZONE,7.0,8.0,8.0,2025-11-29 11:20:52.500124
India,Bihar,Aurangabad,"Gurdeo Nagar, Aurangabad - BSPCB",29-11-2025 16:00:00,24.75746,84.366208,NO2,7.0,8.0,8.0,2025-11-29 11:20:52.500124
India,Bihar,Aurangabad,"Gurdeo Nagar, Aurangabad - BSPCB",29-11-2025 16:00:00,24.75746,84.366208,SO2,11.0,14.0,13.0,2025-11-29 11:20:52.500124
India,Bihar,Begusarai,"Lohiyanagar, Begusarai - BSPCB",29-11-2025 16:00:00,25.42742023,86.13886079,NO2,16.0,24.0,20.0,2025-11-29 11:20:52.500124
India,Bihar,Bettiah,"Kamalnath Nagar, Bettiah - BSPCB",29-11-2025 16:00:00,26.80365,84.51954,CO,50.0,112.0,73.0,2025-11-29 11:20:52.500124
India,Bihar,Bettiah,"Kamalnath Nagar, Bettiah - BSPCB",29-11-2025 16:00:00,26.80365,84.51954,OZONE,22.0,23.0,22.0,2025-11-29 11:20:52.500124
India,Bihar,Bhagalpur,"DM Office_Kachari Chowk, Bhagalpur - BSPCB",29-11-2025 16:00:00,25.251013,86.989001,PM10,63.0,135.0,105.0,2025-11-29 11:20:52.500124
India,Bihar,Gaya,"SFTI Kusdihra, Gaya - BSPCB",29-11-2025 16:00:00,24.762518,84.982348,PM10,39.0,71.0,53.0,2025-11-29 11:20:52.500124
India,Bihar,Gaya,"SFTI Kusdihra, Gaya - BSPCB",29-11-2025 16:00:00,24.762518,84.982348,SO2,7.0,9.0,8.0,2025-11-29 11:20:52.500124
India,Bihar,Gaya,"SFTI Kusdihra, Gaya - BSPCB",29-11-2025 16:00:00,24.762518,84.982348,CO,24.0,42.0,29.0,2025-11-29 11:20:52.500124
India,Bihar,Bihar Sharif,"D M Colony, Bihar Sharif - BSPCB",29-11-2025 16:00:00,25.204762,85.51496,CO,34.0,63.0,40.0,2025-11-29 11:20:52.500124
India,Bihar,Buxar,"Charitra Van, Buxar - BSPCB",29-11-2025 16:00:00,25.56752,83.966379,PM10,,,,2025-11-29 11:20:52.500124
India,Bihar,Bhagalpur,"DM Office_Kachari Chowk, Bhagalpur - BSPCB",29-11-2025 16:00:00,25.251013,86.989001,NH3,1.0,1.0,1.0,2025-11-29 11:20:52.500124
India,Bihar,Bhagalpur,"DM Office_Kachari Chowk, Bhagalpur - BSPCB",29-11-2025 16:00:00,25.251013,86.989001,CO,13.0,18.0,15.0,2025-11-29 11:20:52.500124
India,Bihar,Begusarai,"Lohiyanagar, Begusarai - BSPCB",29-11-2025 16:00:00,25.42742023,86.13886079,NH3,2.0,2.0,2.0,2025-11-29 11:20:52.500124
India,Bihar,Begusarai,"Lohiyanagar, Begusarai - BSPCB",29-11-2025 16:00:00,25.42742023,86.13886079,SO2,4.0,19.0,6.0,2025-11-29 11:20:52.500124
India,Bihar,Gaya,"Collectorate, Gaya - BSPCB",29-11-2025 16:00:00,24.7955,84.9994,CO,27.0,101.0,43.0,2025-11-29 11:20:52.500124
India,Bihar,Gaya,"Collectorate, Gaya - BSPCB",29-11-2025 16:00:00,24.7955,84.9994,OZONE,19.0,20.0,20.0,2025-11-29 11:20:52.500124
India,Bihar,Arrah,"New DM Office, Arrah - BSPCB",29-11-2025 16:00:00,25.5626095,84.663264,PM2.5,,,,2025-11-29 11:20:52.500124
India,Bihar,Arrah,"New DM Office, Arrah - BSPCB",29-11-2025 16:00:00,25.5626095,84.663264,PM10,,,,2025-11-29 11:20:52.500124
India,Bihar,Gaya,"Collectorate, Gaya - BSPCB",29-11-2025 16:00:00,24.7955,84.9994,NO2,,,,2025-11-29 11:20:52.500124
India,Bihar,Motihari,"Gandak Colony, Motihari - BSPCB",29-11-2025 16:00:00,26.63086,84.90051,SO2,2.0,3.0,3.0,2025-11-29 11:20:52.500124
India,Bihar,Motihari,"Gandak Colony, Motihari - BSPCB",29-11-2025 16:00:00,26.63086,84.90051,CO,42.0,60.0,52.0,2025-11-29 11:20:52.500124
India,Bihar,Munger,"Town Hall, Munger - BSPCB",29-11-2025 16:00:00,25.376776,86.471523,PM2.5,65.0,305.0,130.0,2025-11-29 11:20:52.500124
India,Bihar,Munger,"Town Hall, Munger - BSPCB",29-11-2025 16:00:00,25.376776,86.471523,PM10,65.0,175.0,108.0,2025-11-29 11:20:52.500124
India,Bihar,Muzaffarpur,"MIT-Daudpur Kothi, Muzaffarpur - BSPCB",29-11-2025 16:00:00,26.1403345,85.3650192,PM2.5,73.0,87.0,82.0,2025-11-29 11:20:52.500124
India,Bihar,Muzaffarpur,"Muzaffarpur Collectorate, Muzaffarpur - BSPCB",29-11-2025 16:00:00,26.1209,85.3647,NO2,9.0,18.0,12.0,2025-11-29 11:20:52.500124
India,Bihar,Muzaffarpur,"Muzaffarpur Collectorate, Muzaffarpur - BSPCB",29-11-2025 16:00:00,26.1209,85.3647,CO,8.0,31.0,15.0,2025-11-29 11:20:52.500124
India,Bihar,Muzaffarpur,"Muzaffarpur Collectorate, Muzaffarpur - BSPCB",29-11-2025 16:00:00,26.1209,85.3647,OZONE,12.0,50.0,29.0,2025-11-29 11:20:52.500124
India,Bihar,Patna,"Govt. High School Shikarpur, Patna - BSPCB",29-11-2025 16:00:00,25.592539,85.227158,NO2,17.0,40.0,25.0,2025-11-29 11:20:52.500124
India,Bihar,Patna,"Govt. High School Shikarpur, Patna - BSPCB",29-11-2025 16:00:00,25.592539,85.227158,SO2,9.0,12.0,10.0,2025-11-29 11:20:52.500124
India,Bihar,Patna,"IGSC Planetarium Complex, Patna - BSPCB",29-11-2025 16:00:00,25.610369,85.132568,SO2,,,,2025-11-29 11:20:52.500124
India,Bihar,Patna,"Muradpur, Patna - BSPCB",29-11-2025 16:00:00,25.619651,85.147382,NO2,10.0,12.0,11.0,2025-11-29 11:20:52.500124
India,Bihar,Manguraha,"Forest Rest House, Manguraha - BSPCB",29-11-2025 16:00:00,27.308328,84.531742,OZONE,8.0,18.0,14.0,2025-11-29 11:20:52.500124
India,Bihar,Motihari,"Gandak Colony, Motihari - BSPCB",29-11-2025 16:00:00,26.63086,84.90051,PM2.5,27.0,120.0,76.0,2025-11-29 11:20:52.500124
India,Bihar,Muzaffarpur,"Buddha Colony, Muzaffarpur - BSPCB",29-11-2025 16:00:00,26.11442,85.39813,NH3,6.0,10.0,8.0,2025-11-29 11:20:52.500124
India,Bihar,Muzaffarpur,"Buddha Colony, Muzaffarpur - BSPCB",29-11-2025 16:00:00,26.11442,85.39813,OZONE,23.0,145.0,98.0,2025-11-29 11:20:52.500124
India,Bihar,Patna,"DRM Office Danapur, Patna - BSPCB",29-11-2025 16:00:00,25.586562,85.043586,NO2,36.0,82.0,51.0,2025-11-29 11:20:52.500124
India,Bihar,Patna,"DRM Office Danapur, Patna - BSPCB",29-11-2025 16:00:00,25.586562,85.043586,SO2,7.0,11.0,9.0,2025-11-29 11:20:52.500124
India,Bihar,Kishanganj,"SDM Office_Khagra, Kishanganj - BSPCB",29-11-2025 16:00:00,26.0881305,87.93840336,SO2,5.0,9.0,8.0,2025-11-29 11:20:52.500124
India,Bihar,Hajipur,"Industrial Area, Hajipur - BSPCB",29-11-2025 16:00:00,25.697189,85.2459,OZONE,15.0,105.0,82.0,2025-11-29 11:20:52.500124
India,Bihar,Patna,"Samanpura, Patna - BSPCB",29-11-2025 16:00:00,25.596727,85.085624,CO,42.0,102.0,57.0,2025-11-29 11:20:52.500124
India,Chhattisgarh,Chhal,"Nawapara SECL Colony, Chhal - CECB",29-11-2025 16:00:00,22.118125,83.140608,PM10,31.0,195.0,79.0,2025-11-29 11:20:52.500124
India,Chhattisgarh,Korba,"Rampur, Korba - CECB",29-11-2025 16:00:00,22.368195,82.746431,NO2,14.0,19.0,16.0,2025-11-29 11:20:52.500124
India,Chhattisgarh,Korba,"Rampur, Korba - CECB",29-11-2025 16:00:00,22.368195,82.746431,SO2,7.0,14.0,10.0,2025-11-29 11:20:52.500124
India,Chhattisgarh,Korba,"Urja Nagar, Korba - CECB",29-11-2025 16:00:00,22.348441,82.549611,PM2.5,70.0,86.0,71.0,2025-11-29 11:20:52.500124
India,Chhattisgarh,Korba,"Urja Nagar, Korba - CECB",29-11-2025 16:00:00,22.348441,82.549611,NH3,1.0,2.0,2.0,2025-11-29 11:20:52.500124
India,Chhattisgarh,Kunjemura,"OP Jindal School, Kunjemura - CECB",29-11-2025 16:00:00,22.12665,83.483212,PM2.5,26.0,45.0,36.0,2025-11-29 11:20:52.500124
India,Chandigarh,Chandigarh,"Sector-25, Chandigarh - CPCC",29-11-2025 16:00:00,30.751462,76.762879,NO2,13.0,58.0,30.0,2025-11-29 11:20:52.500124
India,Chhattisgarh,Bhilai,"32Bungalows, Bhilai - CECB",29-11-2025 16:00:00,21.194815,81.31477,NO2,23.0,102.0,54.0,2025-11-29 11:20:52.500124
India,Chhattisgarh,Bhilai,"Civic Center, Bhilai - Bhilai Steel Plant",29-11-2025 16:00:00,21.185571,81.343175,CO,21.0,22.0,22.0,2025-11-29 11:20:52.500124
India,Chandigarh,Chandigarh,"Sector 22, Chandigarh - CPCC",29-11-2025 16:00:00,30.735567,76.775714,PM2.5,42.0,193.0,102.0,2025-11-29 11:20:52.500124
India,Chandigarh,Chandigarh,"Sector 22, Chandigarh - CPCC",29-11-2025 16:00:00,30.735567,76.775714,NO2,24.0,138.0,65.0,2025-11-29 11:20:52.500124
India,Chandigarh,Chandigarh,"Sector 22, Chandigarh - CPCC",29-11-2025 16:00:00,30.735567,76.775714,OZONE,3.0,91.0,54.0,2025-11-29 11:20:52.500124
India,Chandigarh,Chandigarh,"Sector-25, Chandigarh - CPCC",29-11-2025 16:00:00,30.751462,76.762879,PM2.5,60.0,111.0,83.0,2025-11-29 11:20:52.500124
India,Bihar,Rajgir,"Dangi Tola, Rajgir - BSPCB",29-11-2025 16:00:00,25.0328,85.41948,PM2.5,,,,2025-11-29 11:20:52.500124
India,Bihar,Rajgir,"Dangi Tola, Rajgir - BSPCB",29-11-2025 16:00:00,25.0328,85.41948,OZONE,29.0,34.0,33.0,2025-11-29 11:20:52.500124
India,Bihar,Saharsa,"Police Line, Saharsa - BSPCB",29-11-2025 16:00:00,25.892357,86.590325,PM2.5,22.0,186.0,92.0,2025-11-29 11:20:52.500124
India,Chhattisgarh,Kunjemura,"OP Jindal School, Kunjemura - CECB",29-11-2025 16:00:00,22.12665,83.483212,SO2,1.0,48.0,11.0,2025-11-29 11:20:52.500124
India,Bihar,Sasaram,"Dada Peer, Sasaram - BSPCB",29-11-2025 16:00:00,24.952822,84.002396,PM2.5,46.0,127.0,71.0,2025-11-29 11:20:52.500124
India,Bihar,Purnia,"Mariam Nagar, Purnia - BSPCB",29-11-2025 16:00:00,25.366336,87.117468,CO,56.0,106.0,64.0,2025-11-29 11:20:52.500124
India,Bihar,Saharsa,"Police Line, Saharsa - BSPCB",29-11-2025 16:00:00,25.892357,86.590325,SO2,13.0,17.0,15.0,2025-11-29 11:20:52.500124
India,Bihar,Saharsa,"Police Line, Saharsa - BSPCB",29-11-2025 16:00:00,25.892357,86.590325,CO,30.0,38.0,36.0,2025-11-29 11:20:52.500124
India,Delhi,Delhi,"Burari Crossing, Delhi - IMD",29-11-2025 16:00:00,28.7256504,77.2011573,CO,4.0,116.0,18.0,2025-11-29 11:20:52.500124
India,Delhi,Delhi,"CRRI Mathura Road, Delhi - IMD",29-11-2025 16:00:00,28.5512005,77.2735737,PM2.5,97.0,358.0,279.0,2025-11-29 11:20:52.500124
India,Delhi,Delhi,"CRRI Mathura Road, Delhi - IMD",29-11-2025 16:00:00,28.5512005,77.2735737,CO,29.0,117.0,55.0,2025-11-29 11:20:52.500124
India,Delhi,Delhi,"DTU, Delhi - CPCB",29-11-2025 16:00:00,28.7500499,77.1112615,PM2.5,88.0,500.0,325.0,2025-11-29 11:20:52.500124
India,Chhattisgarh,Milupara,"Govt. Higher Secondary School, Milupara - CECB",29-11-2025 16:00:00,22.1910172,83.5197009,NO2,15.0,62.0,30.0,2025-11-29 11:20:52.500124
India,Chhattisgarh,Raipur,"AIIMS, Raipur - CECB",29-11-2025 16:00:00,21.258815,81.578979,PM10,,,,2025-11-29 11:20:52.500124
India,Chhattisgarh,Raipur,"AIIMS, Raipur - CECB",29-11-2025 16:00:00,21.258815,81.578979,OZONE,,,,2025-11-29 11:20:52.500124
India,Delhi,Delhi,"Dr. Karni Singh Shooting Range, Delhi - DPCC",29-11-2025 16:00:00,28.498571,77.26484,PM2.5,120.0,392.0,315.0,2025-11-29 11:20:52.500124
India,Delhi,Delhi,"Dr. Karni Singh Shooting Range, Delhi - DPCC",29-11-2025 16:00:00,28.498571,77.26484,PM10,129.0,384.0,237.0,2025-11-29 11:20:52.500124
India,Delhi,Delhi,"Ashok Vihar, Delhi - DPCC",29-11-2025 16:00:00,28.695381,77.181665,PM10,144.0,421.0,253.0,2025-11-29 11:20:52.500124
India,Delhi,Delhi,"Bawana, Delhi - DPCC",29-11-2025 16:00:00,28.7762,77.051074,PM10,121.0,451.0,236.0,2025-11-29 11:20:52.500124
India,Chhattisgarh,Tumidih,"OP Jindal Industrial Park, Tumidih - CECB",29-11-2025 16:00:00,22.06631475,83.33820077,NO2,30.0,95.0,52.0,2025-11-29 11:20:52.500124
India,Chhattisgarh,Raipur,"Krishak Nagar, Raipur - CECB",29-11-2025 16:00:00,21.237755,81.705301,NO2,17.0,24.0,20.0,2025-11-29 11:20:52.500124
India,Chhattisgarh,Raipur,"Krishak Nagar, Raipur - CECB",29-11-2025 16:00:00,21.237755,81.705301,OZONE,1.0,4.0,1.0,2025-11-29 11:20:52.500124
India,Delhi,Delhi,"Bawana, Delhi - DPCC",29-11-2025 16:00:00,28.7762,77.051074,CO,48.0,110.0,58.0,2025-11-29 11:20:52.500124
India,Delhi,Delhi,"Alipur, Delhi - DPCC",29-11-2025 16:00:00,28.815329,77.15301,NH3,18.0,23.0,19.0,2025-11-29 11:20:52.500124
India,Delhi,Delhi,"Najafgarh, Delhi - DPCC",29-11-2025 16:00:00,28.570173,76.933762,PM10,86.0,194.0,159.0,2025-11-29 11:20:52.500124
India,Delhi,Delhi,"Najafgarh, Delhi - DPCC",29-11-2025 16:00:00,28.570173,76.933762,CO,27.0,70.0,47.0,2025-11-29 11:20:52.500124
India,Delhi,Delhi,"ITO, Delhi - CPCB",29-11-2025 16:00:00,28.628624,77.24106,PM2.5,22.0,405.0,316.0,2025-11-29 11:20:52.500124
India,Delhi,Delhi,"ITO, Delhi - CPCB",29-11-2025 16:00:00,28.628624,77.24106,NO2,36.0,185.0,99.0,2025-11-29 11:20:52.500124
India,Delhi,Delhi,"Jawaharlal Nehru Stadium, Delhi - DPCC",29-11-2025 16:00:00,28.58028,77.233829,NH3,8.0,11.0,10.0,2025-11-29 11:20:52.500124
India,Delhi,Delhi,"North Campus, DU, Delhi - IMD",29-11-2025 16:00:00,28.6573814,77.1585447,PM10,124.0,297.0,203.0,2025-11-29 11:20:52.500124
India,Delhi,Delhi,"IGI Airport (T3), Delhi - IMD",29-11-2025 16:00:00,28.5627763,77.1180053,NO2,53.0,154.0,104.0,2025-11-29 11:20:52.500124
India,Delhi,Delhi,"Dwarka-Sector 8, Delhi - DPCC ",29-11-2025 16:00:00,28.5710274,77.0719006,SO2,15.0,62.0,27.0,2025-11-29 11:20:52.500124
India,Delhi,Delhi,"Nehru Nagar, Delhi - DPCC",29-11-2025 16:00:00,28.56789,77.250515,PM2.5,127.0,500.0,350.0,2025-11-29 11:20:52.500124
India,Delhi,Delhi,"Lodhi Road, Delhi - IMD",29-11-2025 16:00:00,28.5918245,77.2273074,PM10,122.0,250.0,188.0,2025-11-29 11:20:52.500124
India,Delhi,Delhi,"Mundka, Delhi - DPCC",29-11-2025 16:00:00,28.684678,77.076574,PM10,90.0,423.0,215.0,2025-11-29 11:20:52.500124
India,Delhi,Delhi,"North Campus, DU, Delhi - IMD",29-11-2025 16:00:00,28.6573814,77.1585447,OZONE,16.0,311.0,306.0,2025-11-29 11:20:52.500124
India,Delhi,Delhi,"Okhla Phase-2, Delhi - DPCC",29-11-2025 16:00:00,28.530785,77.271255,PM2.5,193.0,356.0,322.0,2025-11-29 11:20:52.500124
India,Delhi,Delhi,"Okhla Phase-2, Delhi - DPCC",29-11-2025 16:00:00,28.530785,77.271255,NH3,10.0,15.0,13.0,2025-11-29 11:20:52.500124
India,Delhi,Delhi,"R K Puram, Delhi - DPCC",29-11-2025 16:00:00,28.563262,77.186937,PM10,115.0,447.0,240.0,2025-11-29 11:20:52.500124
India,Delhi,Delhi,"R K Puram, Delhi - DPCC",29-11-2025 16:00:00,28.563262,77.186937,SO2,1.0,13.0,4.0,2025-11-29 11:20:52.500124
India,Delhi,Delhi,"R K Puram, Delhi - DPCC",29-11-2025 16:00:00,28.563262,77.186937,OZONE,4.0,127.0,67.0,2025-11-29 11:20:52.500124
India,Delhi,Delhi,"Punjabi Bagh, Delhi - DPCC",29-11-2025 16:00:00,28.674045,77.131023,OZONE,1.0,197.0,64.0,2025-11-29 11:20:52.500124
India,Delhi,Delhi,"Pusa, Delhi - DPCC",29-11-2025 16:00:00,28.639652,77.146275,NO2,47.0,189.0,100.0,2025-11-29 11:20:52.500124
India,Delhi,Delhi,"Patparganj, Delhi - DPCC",29-11-2025 16:00:00,28.623763,77.287209,NO2,36.0,196.0,114.0,2025-11-29 11:20:52.500124
India,Delhi,Delhi,"Patparganj, Delhi - DPCC",29-11-2025 16:00:00,28.623763,77.287209,NH3,13.0,17.0,14.0,2025-11-29 11:20:52.500124
India,Delhi,Delhi,"North Campus, DU, Delhi - IMD",29-11-2025 16:00:00,28.6573814,77.1585447,CO,1.0,159.0,28.0,2025-11-29 11:20:52.500124
India,Delhi,Delhi,"Patparganj, Delhi - DPCC",29-11-2025 16:00:00,28.623763,77.287209,PM2.5,163.0,402.0,312.0,2025-11-29 11:20:52.500124
India,Delhi,Delhi,"Punjabi Bagh, Delhi - DPCC",29-11-2025 16:00:00,28.674045,77.131023,NH3,4.0,6.0,5.0,2025-11-29 11:20:52.500124
India,Delhi,Delhi,"Pusa, Delhi - DPCC",29-11-2025 16:00:00,28.639652,77.146275,NH3,4.0,10.0,7.0,2025-11-29 11:20:52.500124
India,Delhi,Delhi,"Pusa, Delhi - IMD",29-11-2025 16:00:00,28.63611,77.173332,CO,2.0,144.0,36.0,2025-11-29 11:20:52.500124
India,Delhi,Delhi,"Wazirpur, Delhi - DPCC",29-11-2025 16:00:00,28.699793,77.165453,PM2.5,113.0,404.0,319.0,2025-11-29 11:20:52.500124
India,Delhi,Delhi,"Wazirpur, Delhi - DPCC",29-11-2025 16:00:00,28.699793,77.165453,SO2,6.0,19.0,11.0,2025-11-29 11:20:52.500124
India,Gujarat,Ahmedabad,"Chandkheda, Ahmedabad - IITM",29-11-2025 16:00:00,23.107969,72.574648,NO2,45.0,300.0,134.0,2025-11-29 11:20:52.500124
India,Delhi,Delhi,"Sri Aurobindo Marg, Delhi - DPCC",29-11-2025 16:00:00,28.531346,77.190156,CO,47.0,103.0,70.0,2025-11-29 11:20:52.500124
India,Delhi,Delhi,"Sri Aurobindo Marg, Delhi - DPCC",29-11-2025 16:00:00,28.531346,77.190156,OZONE,1.0,106.0,59.0,2025-11-29 11:20:52.500124
India,Delhi,Delhi,"Vivek Vihar, Delhi - DPCC",29-11-2025 16:00:00,28.672342,77.31526,PM2.5,179.0,430.0,333.0,2025-11-29 11:20:52.500124
India,Gujarat,Ahmedabad,"Gyaspur, Ahmedabad - IITM",29-11-2025 16:00:00,22.977134,72.553024,NO2,29.0,132.0,79.0,2025-11-29 11:20:52.500124
India,Gujarat,Ahmedabad,"Maninagar, Ahmedabad - GPCB",29-11-2025 16:00:00,23.002657,72.591912,CO,1.0,58.0,29.0,2025-11-29 11:20:52.500124
India,Delhi,Delhi,"Sri Aurobindo Marg, Delhi - DPCC",29-11-2025 16:00:00,28.531346,77.190156,PM2.5,103.0,349.0,276.0,2025-11-29 11:20:52.500124
India,Delhi,Delhi,"Sri Aurobindo Marg, Delhi - DPCC",29-11-2025 16:00:00,28.531346,77.190156,NH3,4.0,7.0,5.0,2025-11-29 11:20:52.500124
India,Delhi,Delhi,"Sonia Vihar, Delhi - DPCC",29-11-2025 16:00:00,28.710508,77.249485,PM10,133.0,405.0,218.0,2025-11-29 11:20:52.500124
India,Delhi,Delhi,"Sonia Vihar, Delhi - DPCC",29-11-2025 16:00:00,28.710508,77.249485,NO2,28.0,77.0,52.0,2025-11-29 11:20:52.500124
India,Gujarat,Ahmedabad,"SAC ISRO Bopal, Ahmedabad - IITM",29-11-2025 16:00:00,23.041137,72.456691,NH3,11.0,26.0,17.0,2025-11-29 11:20:52.500124
India,Gujarat,Ahmedabad,"Rakhial, Ahmedabad - IITM",29-11-2025 16:00:00,23.016834,72.625775,NO2,12.0,55.0,21.0,2025-11-29 11:20:52.500124
India,Delhi,Delhi,"Sonia Vihar, Delhi - DPCC",29-11-2025 16:00:00,28.710508,77.249485,OZONE,4.0,182.0,155.0,2025-11-29 11:20:52.500124
India,Delhi,Delhi,"Shadipur, Delhi - CPCB",29-11-2025 16:00:00,28.6514781,77.1473105,PM10,145.0,436.0,256.0,2025-11-29 11:20:52.500124
India,Haryana,Bhiwani,"H.B. Colony, Bhiwani - HSPCB",29-11-2025 16:00:00,28.806223,76.141105,PM2.5,217.0,274.0,238.0,2025-11-29 11:20:52.500124
India,Haryana,Bhiwani,"H.B. Colony, Bhiwani - HSPCB",29-11-2025 16:00:00,28.806223,76.141105,NO2,1.0,35.0,31.0,2025-11-29 11:20:52.500124
India,Gujarat,Nandesari,"GIDC, Nandesari - Nandesari Ind. Association",29-11-2025 16:00:00,22.410802,73.097923,PM2.5,118.0,303.0,202.0,2025-11-29 11:20:52.500124
India,Gujarat,Nandesari,"GIDC, Nandesari - Nandesari Ind. Association",29-11-2025 16:00:00,22.410802,73.097923,SO2,,,,2025-11-29 11:20:52.500124
India,Gujarat,Ahmedabad,"SAC ISRO Satellite, Ahmedabad - IITM",29-11-2025 16:00:00,23.023389,72.515201,CO,16.0,113.0,29.0,2025-11-29 11:20:52.500124
India,Haryana,Ballabgarh,"Nathu Colony, Ballabgarh - HSPCB",29-11-2025 16:00:00,28.3419248,77.319699,CO,15.0,107.0,33.0,2025-11-29 11:20:52.500124
India,Gujarat,Gandhinagar,"Sector-10, Gandhinagar - GPCB",29-11-2025 16:00:00,23.221714,72.654328,NO2,16.0,22.0,18.0,2025-11-29 11:20:52.500124
India,Haryana,Bahadurgarh,"Arya Nagar, Bahadurgarh - HSPCB",29-11-2025 16:00:00,28.6701,76.9254,NO2,13.0,14.0,13.0,2025-11-29 11:20:52.500124
India,Gujarat,Surat,"Science Center, Surat - SMC",29-11-2025 16:00:00,21.170046,72.795405,SO2,34.0,48.0,43.0,2025-11-29 11:20:52.500124
India,Haryana,Ambala,"Patti Mehar, Ambala - HSPCB",29-11-2025 16:00:00,30.379589,76.778328,NH3,9.0,11.0,10.0,2025-11-29 11:20:52.500124
India,Haryana,Charkhi Dadri,"Mini Secretariat, Charkhi Dadri - HSPCB",29-11-2025 16:00:00,28.593883,76.270653,NH3,5.0,8.0,6.0,2025-11-29 11:20:52.500124
India,Haryana,Charkhi Dadri,"Mini Secretariat, Charkhi Dadri - HSPCB",29-11-2025 16:00:00,28.593883,76.270653,SO2,9.0,12.0,11.0,2025-11-29 11:20:52.500124
India,Haryana,Charkhi Dadri,"Mini Secretariat, Charkhi Dadri - HSPCB",29-11-2025 16:00:00,28.593883,76.270653,CO,7.0,25.0,15.0,2025-11-29 11:20:52.500124
India,Haryana,Faridabad,"New Industrial Town, Faridabad - HSPCB",29-11-2025 16:00:00,28.39072,77.30059,PM10,163.0,169.0,167.0,2025-11-29 11:20:52.500124
India,Haryana,Faridabad,"New Industrial Town, Faridabad - HSPCB",29-11-2025 16:00:00,28.39072,77.30059,NO2,24.0,26.0,25.0,2025-11-29 11:20:52.500124
India,Haryana,Faridabad,"New Industrial Town, Faridabad - HSPCB",29-11-2025 16:00:00,28.39072,77.30059,NH3,11.0,12.0,11.0,2025-11-29 11:20:52.500124
India,Haryana,Faridabad,"Sector 11, Faridabad - HSPCB",29-11-2025 16:00:00,28.376058,77.315741,PM2.5,55.0,351.0,238.0,2025-11-29 11:20:52.500124
India,Haryana,Fatehabad,"Huda Sector, Fatehabad - HSPCB",29-11-2025 16:00:00,29.503664,75.467934,NO2,18.0,20.0,19.0,2025-11-29 11:20:52.500124
India,Haryana,Gurugram,"Sector-51, Gurugram - HSPCB",29-11-2025 16:00:00,28.4227,77.0667,NH3,4.0,6.0,5.0,2025-11-29 11:20:52.500124
India,Haryana,Gurugram,"Teri Gram, Gurugram - HSPCB",29-11-2025 16:00:00,28.4275,77.1465,NO2,,,,2025-11-29 11:20:52.500124
India,Haryana,Gurugram,"Vikas Sadan, Gurugram - HSPCB",29-11-2025 16:00:00,28.4501238,77.0263051,PM10,142.0,166.0,149.0,2025-11-29 11:20:52.500124
India,Haryana,Hisar,"Urban Estate-II, Hisar - HSPCB",29-11-2025 16:00:00,29.14056,75.744941,NO2,20.0,21.0,20.0,2025-11-29 11:20:52.500124
India,Haryana,Jind,"Police Lines, Jind - HSPCB",29-11-2025 16:00:00,29.307814,76.337619,NO2,36.0,51.0,44.0,2025-11-29 11:20:52.500124
India,Haryana,Jind,"Police Lines, Jind - HSPCB",29-11-2025 16:00:00,29.307814,76.337619,CO,2.0,126.0,17.0,2025-11-29 11:20:52.500124
India,Haryana,Karnal,"Sector-12, Karnal - HSPCB",29-11-2025 16:00:00,29.6953,77.0027,NH3,6.0,7.0,6.0,2025-11-29 11:20:52.500124
India,Haryana,Karnal,"Sector-12, Karnal - HSPCB",29-11-2025 16:00:00,29.6953,77.0027,CO,42.0,62.0,52.0,2025-11-29 11:20:52.500124
India,Haryana,Manesar,"Sector-2 IMT, Manesar - HSPCB",29-11-2025 16:00:00,28.360699,76.93609,CO,20.0,62.0,32.0,2025-11-29 11:20:52.500124
India,Haryana,Narnaul,"Shastri Nagar, Narnaul - HSPCB",29-11-2025 16:00:00,28.060249,76.113115,PM10,5.0,164.0,133.0,2025-11-29 11:20:52.500124
India,Haryana,Palwal,"Shyam Nagar, Palwal - HSPCB",29-11-2025 16:00:00,28.1485564,77.3320667,PM2.5,42.0,95.0,53.0,2025-11-29 11:20:52.500124
India,Haryana,Panchgaon,"Amity University, Panchgaon - IITM",29-11-2025 16:00:00,28.3153,76.9143,PM2.5,50.0,159.0,78.0,2025-11-29 11:20:52.500124
India,Haryana,Panchgaon,"Amity University, Panchgaon - IITM",29-11-2025 16:00:00,28.3153,76.9143,SO2,4.0,31.0,9.0,2025-11-29 11:20:52.500124
India,Andhra_Pradesh,Vijayawada,"Rajiv Gandhi Park, Vijayawada - APPCB",29-11-2025 16:00:00,16.509717,80.612222,SO2,11.0,15.0,13.0,2025-11-29 11:20:52.500124
India,Andhra_Pradesh,Vijayawada,"Rajiv Nagar, Vijayawada - APPCB",29-11-2025 16:00:00,16.554731,80.64911,OZONE,73.0,321.0,74.0,2025-11-29 11:20:52.500124
India,Andhra_Pradesh,Visakhapatnam,"GVM Corporation, Visakhapatnam - APPCB",29-11-2025 16:00:00,17.72,83.3,PM10,61.0,119.0,95.0,2025-11-29 11:20:52.500124
India,Andhra_Pradesh,Visakhapatnam,"GVM Corporation, Visakhapatnam - APPCB",29-11-2025 16:00:00,17.72,83.3,NH3,3.0,3.0,3.0,2025-11-29 11:20:52.500124
India,Arunachal_Pradesh,Naharlagun,"Naharlagun, Naharlagun - APSPCB",29-11-2025 16:00:00,27.103358,93.679645,PM10,27.0,403.0,126.0,2025-11-29 11:20:52.500124
India,Assam,Nalbari,"Bata Chowk, Nalbari - PCBA",29-11-2025 16:00:00,26.446912,91.439057,OZONE,17.0,22.0,19.0,2025-11-29 11:20:52.500124
India,Assam,Silchar,"Tarapur, Silchar - PCBA",29-11-2025 16:00:00,24.82827,92.79525,PM2.5,33.0,69.0,50.0,2025-11-29 11:20:52.500124
India,Assam,Silchar,"Tarapur, Silchar - PCBA",29-11-2025 16:00:00,24.82827,92.79525,PM10,42.0,64.0,54.0,2025-11-29 11:20:52.500124
India,Assam,Silchar,"Tarapur, Silchar - PCBA",29-11-2025 16:00:00,24.82827,92.79525,SO2,5.0,8.0,7.0,2025-11-29 11:20:52.500124
India,Assam,Sivasagar,"Girls College, Sivasagar - PCBA",29-11-2025 16:00:00,26.987634,94.636574,NO2,20.0,37.0,26.0,2025-11-29 11:20:52.500124
India,Assam,Guwahati,"LGBI Airport, Guwahati - PCBA",29-11-2025 16:00:00,26.10887,91.589544,PM2.5,37.0,78.0,56.0,2025-11-29 11:20:52.500124
India,Assam,Guwahati,"LGBI Airport, Guwahati - PCBA",29-11-2025 16:00:00,26.10887,91.589544,PM10,37.0,86.0,60.0,2025-11-29 11:20:52.500124
India,Assam,Guwahati,"LGBI Airport, Guwahati - PCBA",29-11-2025 16:00:00,26.10887,91.589544,SO2,8.0,36.0,18.0,2025-11-29 11:20:52.500124
India,Assam,Guwahati,"LGBI Airport, Guwahati - PCBA",29-11-2025 16:00:00,26.10887,91.589544,CO,16.0,131.0,47.0,2025-11-29 11:20:52.500124
India,Assam,Nagaon,"Christianpatty, Nagaon - PCBA",29-11-2025 16:00:00,26.349082,92.68449,PM2.5,62.0,62.0,62.0,2025-11-29 11:20:52.500124
India,Andhra_Pradesh,Rajamahendravaram,"Anand Kala Kshetram, Rajamahendravaram - APPCB",29-11-2025 16:00:00,16.9872867,81.7363176,NO2,16.0,61.0,30.0,2025-11-29 11:20:52.500124
India,Andhra_Pradesh,Tirumala,"Toll Gate, Tirumala - APPCB",29-11-2025 16:00:00,13.67,79.35,NO2,11.0,22.0,17.0,2025-11-29 11:20:52.500124
India,Andhra_Pradesh,Tirumala,"Toll Gate, Tirumala - APPCB",29-11-2025 16:00:00,13.67,79.35,NH3,1.0,1.0,1.0,2025-11-29 11:20:52.500124
India,Andhra_Pradesh,Tirupati,"Vaikuntapuram, Tirupati - APPCB",29-11-2025 16:00:00,13.615387,79.40923,PM2.5,,,,2025-11-29 11:20:52.500124
India,Andhra_Pradesh,Vijayawada,"Rajiv Gandhi Park, Vijayawada - APPCB",29-11-2025 16:00:00,16.509717,80.612222,NO2,43.0,139.0,77.0,2025-11-29 11:20:52.500124
India,Andhra_Pradesh,Vijayawada,"Rajiv Gandhi Park, Vijayawada - APPCB",29-11-2025 16:00:00,16.509717,80.612222,NH3,5.0,9.0,7.0,2025-11-29 11:20:52.500124
India,Andhra_Pradesh,Amaravati,"Secretariat, Amaravati - APPCB",29-11-2025 16:00:00,16.5150833,80.5181667,CO,16.0,50.0,22.0,2025-11-29 11:20:52.500124
India,Andhra_Pradesh,Amaravati,"Secretariat, Amaravati - APPCB",29-11-2025 16:00:00,16.5150833,80.5181667,OZONE,5.0,61.0,39.0,2025-11-29 11:20:52.500124
India,Andhra_Pradesh,Anantapur,"Gulzarpet, Anantapur - APPCB",29-11-2025 16:00:00,14.675886,77.593027,PM2.5,23.0,90.0,70.0,2025-11-29 11:20:52.500124
India,Andhra_Pradesh,Chittoor,"Gangineni Cheruvu, Chittoor - APPCB",29-11-2025 16:00:00,13.20488,79.097889,OZONE,52.0,58.0,55.0,2025-11-29 11:20:52.500124
India,Andhra_Pradesh,Kadapa,"Yerramukkapalli, Kadapa - APPCB",29-11-2025 16:00:00,14.465052,78.824187,PM2.5,,,,2025-11-29 11:20:52.500124
India,Andhra_Pradesh,Kadapa,"Yerramukkapalli, Kadapa - APPCB",29-11-2025 16:00:00,14.465052,78.824187,NO2,,,,2025-11-29 11:20:52.500124
India,Andhra_Pradesh,Amaravati,"Secretariat, Amaravati - APPCB",29-11-2025 16:00:00,16.5150833,80.5181667,PM10,51.0,219.0,121.0,2025-11-29 11:20:52.500124
India,Andhra_Pradesh,Amaravati,"Secretariat, Amaravati - APPCB",29-11-2025 16:00:00,16.5150833,80.5181667,NH3,2.0,5.0,4.0,2025-11-29 11:20:52.500124
India,Andhra_Pradesh,Amaravati,"Secretariat, Amaravati - APPCB",29-11-2025 16:00:00,16.5150833,80.5181667,PM2.5,35.0,216.0,110.0,2025-11-29 11:20:52.500124
India,Assam,Nagaon,"Christianpatty, Nagaon - PCBA",29-11-2025 16:00:00,26.349082,92.68449,NH3,4.0,4.0,4.0,2025-11-29 11:20:52.500124
India,Bihar,Bihar Sharif,"D M Colony, Bihar Sharif - BSPCB",29-11-2025 16:00:00,25.204762,85.51496,OZONE,1.0,48.0,16.0,2025-11-29 11:20:52.500124
India,Bihar,Buxar,"Charitra Van, Buxar - BSPCB",29-11-2025 16:00:00,25.56752,83.966379,PM2.5,,,,2025-11-29 11:20:52.500124
India,Bihar,Buxar,"Charitra Van, Buxar - BSPCB",29-11-2025 16:00:00,25.56752,83.966379,NH3,3.0,3.0,3.0,2025-11-29 11:20:52.500124
India,Bihar,Buxar,"Charitra Van, Buxar - BSPCB",29-11-2025 16:00:00,25.56752,83.966379,OZONE,10.0,126.0,65.0,2025-11-29 11:20:52.500124
India,Bihar,Chhapra,"Darshan Nagar, Chhapra - BSPCB",29-11-2025 16:00:00,25.7808257,84.7446768,PM2.5,25.0,58.0,41.0,2025-11-29 11:20:52.500124
India,Bihar,Chhapra,"Darshan Nagar, Chhapra - BSPCB",29-11-2025 16:00:00,25.7808257,84.7446768,NH3,4.0,7.0,5.0,2025-11-29 11:20:52.500124
India,Bihar,Katihar,"Mirchaibari, Katihar - BSPCB",29-11-2025 16:00:00,25.560083,87.553265,OZONE,4.0,10.0,7.0,2025-11-29 11:20:52.500124
India,Bihar,Kishanganj,"SDM Office_Khagra, Kishanganj - BSPCB",29-11-2025 16:00:00,26.0881305,87.93840336,PM2.5,37.0,50.0,44.0,2025-11-29 11:20:52.500124
India,Bihar,Kishanganj,"SDM Office_Khagra, Kishanganj - BSPCB",29-11-2025 16:00:00,26.0881305,87.93840336,NH3,2.0,3.0,3.0,2025-11-29 11:20:52.500124
India,Bihar,Kishanganj,"SDM Office_Khagra, Kishanganj - BSPCB",29-11-2025 16:00:00,26.0881305,87.93840336,CO,17.0,26.0,23.0,2025-11-29 11:20:52.500124
India,Bihar,Begusarai,"Lohiyanagar, Begusarai - BSPCB",29-11-2025 16:00:00,25.42742023,86.13886079,CO,28.0,32.0,30.0,2025-11-29 11:20:52.500124
India,Bihar,Bettiah,"Kamalnath Nagar, Bettiah - BSPCB",29-11-2025 16:00:00,26.80365,84.51954,SO2,1.0,11.0,5.0,2025-11-29 11:20:52.500124
India,Bihar,Gaya,"Kareemganj, Gaya - BSPCB",29-11-2025 16:00:00,24.792403,84.992416,OZONE,1.0,25.0,18.0,2025-11-29 11:20:52.500124
India,Bihar,Hajipur,"Industrial Area, Hajipur - BSPCB",29-11-2025 16:00:00,25.697189,85.2459,PM2.5,69.0,174.0,133.0,2025-11-29 11:20:52.500124
India,Bihar,Arrah,"New DM Office, Arrah - BSPCB",29-11-2025 16:00:00,25.5626095,84.663264,NH3,,,,2025-11-29 11:20:52.500124
India,Bihar,Arrah,"New DM Office, Arrah - BSPCB",29-11-2025 16:00:00,25.5626095,84.663264,CO,34.0,60.0,50.0,2025-11-29 11:20:52.500124
India,Bihar,Manguraha,"Forest Rest House, Manguraha - BSPCB",29-11-2025 16:00:00,27.308328,84.531742,PM2.5,7.0,173.0,48.0,2025-11-29 11:20:52.500124
India,Bihar,Aurangabad,"Gurdeo Nagar, Aurangabad - BSPCB",29-11-2025 16:00:00,24.75746,84.366208,CO,101.0,103.0,102.0,2025-11-29 11:20:52.500124
India,Bihar,Katihar,"Mirchaibari, Katihar - BSPCB",29-11-2025 16:00:00,25.560083,87.553265,PM2.5,28.0,107.0,74.0,2025-11-29 11:20:52.500124
India,Bihar,Bhagalpur,"Mayaganj, Bhagalpur - BSPCB",29-11-2025 16:00:00,25.265194,87.012947,NO2,5.0,10.0,7.0,2025-11-29 11:20:52.500124
India,Bihar,Patna,"Govt. High School Shikarpur, Patna - BSPCB",29-11-2025 16:00:00,25.592539,85.227158,PM10,70.0,86.0,77.0,2025-11-29 11:20:52.500124
India,Bihar,Patna,"IGSC Planetarium Complex, Patna - BSPCB",29-11-2025 16:00:00,25.610369,85.132568,NO2,,,,2025-11-29 11:20:52.500124
India,Bihar,Patna,"Muradpur, Patna - BSPCB",29-11-2025 16:00:00,25.619651,85.147382,NH3,4.0,5.0,5.0,2025-11-29 11:20:52.500124
India,Bihar,Patna,"Muradpur, Patna - BSPCB",29-11-2025 16:00:00,25.619651,85.147382,SO2,8.0,10.0,9.0,2025-11-29 11:20:52.500124
India,Bihar,Patna,"Muradpur, Patna - BSPCB",29-11-2025 16:00:00,25.619651,85.147382,CO,36.0,88.0,53.0,2025-11-29 11:20:52.500124
India,Bihar,Patna,"Rajbansi Nagar, Patna - BSPCB",29-11-2025 16:00:00,25.599486,85.113666,SO2,6.0,8.0,7.0,2025-11-29 11:20:52.500124
India,Bihar,Patna,"Rajbansi Nagar, Patna - BSPCB",29-11-2025 16:00:00,25.599486,85.113666,OZONE,22.0,31.0,25.0,2025-11-29 11:20:52.500124
India,Bihar,Manguraha,"Forest Rest House, Manguraha - BSPCB",29-11-2025 16:00:00,27.308328,84.531742,NO2,4.0,10.0,6.0,2025-11-29 11:20:52.500124
India,Bihar,Manguraha,"Forest Rest House, Manguraha - BSPCB",29-11-2025 16:00:00,27.308328,84.531742,CO,32.0,34.0,32.0,2025-11-29 11:20:52.500124
India,Bihar,Motihari,"Gandak Colony, Motihari - BSPCB",29-11-2025 16:00:00,26.63086,84.90051,PM10,33.0,121.0,86.0,2025-11-29 11:20:52.500124
India,Bihar,Muzaffarpur,"MIT-Daudpur Kothi, Muzaffarpur - BSPCB",29-11-2025 16:00:00,26.1403345,85.3650192,CO,46.0,66.0,53.0,2025-11-29 11:20:52.500124
India,Bihar,Muzaffarpur,"Muzaffarpur Collectorate, Muzaffarpur - BSPCB",29-11-2025 16:00:00,26.1209,85.3647,SO2,4.0,8.0,5.0,2025-11-29 11:20:52.500124
India,Bihar,Motihari,"Gandak Colony, Motihari - BSPCB",29-11-2025 16:00:00,26.63086,84.90051,OZONE,2.0,4.0,3.0,2025-11-29 11:20:52.500124
India,Bihar,Muzaffarpur,"Buddha Colony, Muzaffarpur - BSPCB",29-11-2025 16:00:00,26.11442,85.39813,NO2,27.0,71.0,48.0,2025-11-29 11:20:52.500124
India,Bihar,Samastipur,"DM Office_Kasipur, Samastipur - BSPCB",29-11-2025 16:00:00,25.859655,85.77944,PM10,20.0,56.0,37.0,2025-11-29 11:20:52.500124
India,Bihar,Samastipur,"DM Office_Kasipur, Samastipur - BSPCB",29-11-2025 16:00:00,25.859655,85.77944,SO2,17.0,28.0,25.0,2025-11-29 11:20:52.500124
India,Bihar,Patna,"DRM Office Danapur, Patna - BSPCB",29-11-2025 16:00:00,25.586562,85.043586,CO,36.0,113.0,49.0,2025-11-29 11:20:52.500124
India,Bihar,Patna,"Samanpura, Patna - BSPCB",29-11-2025 16:00:00,25.596727,85.085624,PM2.5,78.0,188.0,147.0,2025-11-29 11:20:52.500124
India,Bihar,Rajgir,"Dangi Tola, Rajgir - BSPCB",29-11-2025 16:00:00,25.0328,85.41948,NH3,6.0,7.0,7.0,2025-11-29 11:20:52.500124
India,Chandigarh,Chandigarh,"Sector-25, Chandigarh - CPCC",29-11-2025 16:00:00,30.751462,76.762879,NH3,3.0,5.0,4.0,2025-11-29 11:20:52.500124
India,Chandigarh,Chandigarh,"Sector-25, Chandigarh - CPCC",29-11-2025 16:00:00,30.751462,76.762879,OZONE,1.0,66.0,36.0,2025-11-29 11:20:52.500124
India,Chhattisgarh,Bhilai,"32Bungalows, Bhilai - CECB",29-11-2025 16:00:00,21.194815,81.31477,PM2.5,26.0,50.0,40.0,2025-11-29 11:20:52.500124
India,Chhattisgarh,Bhilai,"Civic Center, Bhilai - Bhilai Steel Plant",29-11-2025 16:00:00,21.185571,81.343175,PM2.5,32.0,171.0,67.0,2025-11-29 11:20:52.500124
India,Chhattisgarh,Bhilai,"Civic Center, Bhilai - Bhilai Steel Plant",29-11-2025 16:00:00,21.185571,81.343175,PM10,43.0,163.0,68.0,2025-11-29 11:20:52.500124
India,Chhattisgarh,Bhilai,"Civic Center, Bhilai - Bhilai Steel Plant",29-11-2025 16:00:00,21.185571,81.343175,OZONE,6.0,15.0,10.0,2025-11-29 11:20:52.500124
India,Chhattisgarh,Bilaspur,"Mangala, Bilaspur - NTPC",29-11-2025 16:00:00,22.08815,82.13737,SO2,12.0,30.0,17.0,2025-11-29 11:20:52.500124
India,Chhattisgarh,Chhal,"Nawapara SECL Colony, Chhal - CECB",29-11-2025 16:00:00,22.118125,83.140608,PM2.5,40.0,127.0,65.0,2025-11-29 11:20:52.500124
India,Chhattisgarh,Korba,"Rampur, Korba - CECB",29-11-2025 16:00:00,22.368195,82.746431,PM10,72.0,86.0,85.0,2025-11-29 11:20:52.500124
India,Chhattisgarh,Korba,"Urja Nagar, Korba - CECB",29-11-2025 16:00:00,22.348441,82.549611,PM10,92.0,93.0,92.0,2025-11-29 11:20:52.500124
India,Chhattisgarh,Korba,"Urja Nagar, Korba - CECB",29-11-2025 16:00:00,22.348441,82.549611,CO,22.0,46.0,26.0,2025-11-29 11:20:52.500124
India,Chhattisgarh,Korba,"Urja Nagar, Korba - CECB",29-11-2025 16:00:00,22.348441,82.549611,OZONE,35.0,36.0,35.0,2025-11-29 11:20:52.500124
India,Chhattisgarh,Kunjemura,"OP Jindal School, Kunjemura - CECB",29-11-2025 16:00:00,22.12665,83.483212,OZONE,1.0,63.0,38.0,2025-11-29 11:20:52.500124
India,Chhattisgarh,Milupara,"Govt. Higher Secondary School, Milupara - CECB",29-11-2025 16:00:00,22.1910172,83.5197009,SO2,12.0,18.0,14.0,2025-11-29 11:20:52.500124
India,Chhattisgarh,Milupara,"Govt. Higher Secondary School, Milupara - CECB",29-11-2025 16:00:00,22.1910172,83.5197009,OZONE,2.0,153.0,153.0,2025-11-29 11:20:52.500124
India,Bihar,Siwan,"Chitragupta Nagar, Siwan - BSPCB",29-11-2025 16:00:00,26.2271665,84.3570427,SO2,3.0,4.0,4.0,2025-11-29 11:20:52.500124
India,Chandigarh,Chandigarh,"Sector 22, Chandigarh - CPCC",29-11-2025 16:00:00,30.735567,76.775714,PM10,50.0,139.0,92.0,2025-11-29 11:20:52.500124
India,Chandigarh,Chandigarh,"Sector 22, Chandigarh - CPCC",29-11-2025 16:00:00,30.735567,76.775714,CO,58.0,118.0,62.0,2025-11-29 11:20:52.500124
India,Chhattisgarh,Kunjemura,"OP Jindal School, Kunjemura - CECB",29-11-2025 16:00:00,22.12665,83.483212,NO2,10.0,75.0,30.0,2025-11-29 11:20:52.500124
India,Chhattisgarh,Raipur,"Bhatagaon New ISBT, Raipur - CECB",29-11-2025 16:00:00,21.219665,81.630094,OZONE,3.0,9.0,5.0,2025-11-29 11:20:52.500124
India,Bihar,Siwan,"Chitragupta Nagar, Siwan - BSPCB",29-11-2025 16:00:00,26.2271665,84.3570427,PM2.5,20.0,93.0,57.0,2025-11-29 11:20:52.500124
India,Chhattisgarh,Raipur,"Krishak Nagar, Raipur - CECB",29-11-2025 16:00:00,21.237755,81.705301,CO,27.0,43.0,37.0,2025-11-29 11:20:52.500124
India,Chhattisgarh,Raipur,"Krishak Nagar, Raipur - CECB",29-11-2025 16:00:00,21.237755,81.705301,SO2,7.0,8.0,8.0,2025-11-29 11:20:52.500124
India,Delhi,Delhi,"Chandni Chowk, Delhi - IITM",29-11-2025 16:00:00,28.656756,77.227234,PM2.5,117.0,340.0,276.0,2025-11-29 11:20:52.500124
India,Delhi,Delhi,"Chandni Chowk, Delhi - IITM",29-11-2025 16:00:00,28.656756,77.227234,PM10,161.0,444.0,309.0,2025-11-29 11:20:52.500124
India,Delhi,Delhi,"Chandni Chowk, Delhi - IITM",29-11-2025 16:00:00,28.656756,77.227234,SO2,3.0,27.0,17.0,2025-11-29 11:20:52.500124
India,Delhi,Delhi,"Chandni Chowk, Delhi - IITM",29-11-2025 16:00:00,28.656756,77.227234,OZONE,5.0,71.0,45.0,2025-11-29 11:20:52.500124
India,Delhi,Delhi,"DTU, Delhi - CPCB",29-11-2025 16:00:00,28.7500499,77.1112615,NO2,56.0,68.0,63.0,2025-11-29 11:20:52.500124
India,Chhattisgarh,Raipur,"Siltara Phase-II, Raipur - CECB",29-11-2025 16:00:00,21.371751,81.664929,OZONE,3.0,8.0,4.0,2025-11-29 11:20:52.500124
India,Chhattisgarh,Tumidih,"OP Jindal Industrial Park, Tumidih - CECB",29-11-2025 16:00:00,22.06631475,83.33820077,PM10,46.0,431.0,114.0,2025-11-29 11:20:52.500124
India,Chhattisgarh,Raipur,"Siltara Phase-II, Raipur - CECB",29-11-2025 16:00:00,21.371751,81.664929,PM2.5,26.0,49.0,37.0,2025-11-29 11:20:52.500124
India,Chhattisgarh,Raipur,"Siltara Phase-II, Raipur - CECB",29-11-2025 16:00:00,21.371751,81.664929,NO2,9.0,50.0,18.0,2025-11-29 11:20:52.500124
India,Chhattisgarh,Tumidih,"OP Jindal Industrial Park, Tumidih - CECB",29-11-2025 16:00:00,22.06631475,83.33820077,OZONE,4.0,99.0,68.0,2025-11-29 11:20:52.500124
India,Chhattisgarh,Raipur,"Siltara Phase-II, Raipur - CECB",29-11-2025 16:00:00,21.371751,81.664929,SO2,3.0,9.0,5.0,2025-11-29 11:20:52.500124
India,Delhi,Delhi,"Burari Crossing, Delhi - IMD",29-11-2025 16:00:00,28.7256504,77.2011573,PM2.5,105.0,391.0,305.0,2025-11-29 11:20:52.500124
India,Delhi,Delhi,"Ashok Vihar, Delhi - DPCC",29-11-2025 16:00:00,28.695381,77.181665,OZONE,5.0,104.0,64.0,2025-11-29 11:20:52.500124
India,Delhi,Delhi,"Alipur, Delhi - DPCC",29-11-2025 16:00:00,28.815329,77.15301,OZONE,6.0,57.0,37.0,2025-11-29 11:20:52.500124
India,Delhi,Delhi,"Bawana, Delhi - DPCC",29-11-2025 16:00:00,28.7762,77.051074,NH3,6.0,10.0,8.0,2025-11-29 11:20:52.500124
India,Delhi,Delhi,"Mandir Marg, Delhi - DPCC",29-11-2025 16:00:00,28.636429,77.201067,PM2.5,18.0,387.0,198.0,2025-11-29 11:20:52.500124
India,Delhi,Delhi,"Mundka, Delhi - DPCC",29-11-2025 16:00:00,28.684678,77.076574,CO,24.0,115.0,41.0,2025-11-29 11:20:52.500124
India,Delhi,Delhi,"NSIT Dwarka, Delhi - CPCB",29-11-2025 16:00:00,28.60909,77.0325413,OZONE,8.0,177.0,71.0,2025-11-29 11:20:52.500124
India,Delhi,Delhi,"IGI Airport (T3), Delhi - IMD",29-11-2025 16:00:00,28.5627763,77.1180053,PM10,112.0,288.0,211.0,2025-11-29 11:20:52.500124
India,Delhi,Delhi,"IHBAS, Dilshad Garden, Delhi - CPCB",29-11-2025 16:00:00,28.6811736,77.3025234,PM10,149.0,264.0,201.0,2025-11-29 11:20:52.500124
India,Delhi,Delhi,"IHBAS, Dilshad Garden, Delhi - CPCB",29-11-2025 16:00:00,28.6811736,77.3025234,NO2,48.0,56.0,51.0,2025-11-29 11:20:52.500124
India,Delhi,Delhi,"Jahangirpuri, Delhi - DPCC",29-11-2025 16:00:00,28.73282,77.170633,PM2.5,230.0,414.0,351.0,2025-11-29 11:20:52.500124
India,Delhi,Delhi,"Jahangirpuri, Delhi - DPCC",29-11-2025 16:00:00,28.73282,77.170633,NO2,90.0,158.0,132.0,2025-11-29 11:20:52.500124
India,Delhi,Delhi,"Jawaharlal Nehru Stadium, Delhi - DPCC",29-11-2025 16:00:00,28.58028,77.233829,PM10,131.0,396.0,260.0,2025-11-29 11:20:52.500124
India,Delhi,Delhi,"ITO, Delhi - CPCB",29-11-2025 16:00:00,28.628624,77.24106,PM10,30.0,369.0,236.0,2025-11-29 11:20:52.500124
India,Delhi,Delhi,"ITO, Delhi - CPCB",29-11-2025 16:00:00,28.628624,77.24106,NH3,3.0,7.0,5.0,2025-11-29 11:20:52.500124
India,Delhi,Delhi,"DTU, Delhi - CPCB",29-11-2025 16:00:00,28.7500499,77.1112615,SO2,29.0,31.0,30.0,2025-11-29 11:20:52.500124
India,Delhi,Delhi,"DTU, Delhi - CPCB",29-11-2025 16:00:00,28.7500499,77.1112615,OZONE,19.0,36.0,25.0,2025-11-29 11:20:52.500124
India,Delhi,Delhi,"Dwarka-Sector 8, Delhi - DPCC ",29-11-2025 16:00:00,28.5710274,77.0719006,CO,32.0,157.0,60.0,2025-11-29 11:20:52.500124
India,Delhi,Delhi,"Lodhi Road, Delhi - IMD",29-11-2025 16:00:00,28.5918245,77.2273074,PM2.5,127.0,335.0,270.0,2025-11-29 11:20:52.500124
India,Delhi,Delhi,"Najafgarh, Delhi - DPCC",29-11-2025 16:00:00,28.570173,76.933762,OZONE,3.0,37.0,9.0,2025-11-29 11:20:52.500124
India,Delhi,Delhi,"Narela, Delhi - DPCC",29-11-2025 16:00:00,28.822836,77.101981,NO2,20.0,90.0,50.0,2025-11-29 11:20:52.500124
India,Delhi,Delhi,"Nehru Nagar, Delhi - DPCC",29-11-2025 16:00:00,28.56789,77.250515,PM10,123.0,465.0,271.0,2025-11-29 11:20:52.500124
India,Delhi,Delhi,"Nehru Nagar, Delhi - DPCC",29-11-2025 16:00:00,28.56789,77.250515,SO2,9.0,47.0,23.0,2025-11-29 11:20:52.500124
India,Delhi,Delhi,"Nehru Nagar, Delhi - DPCC",29-11-2025 16:00:00,28.56789,77.250515,CO,114.0,145.0,118.0,2025-11-29 11:20:52.500124
India,Delhi,Delhi,"Okhla Phase-2, Delhi - DPCC",29-11-2025 16:00:00,28.530785,77.271255,PM10,,,,2025-11-29 11:20:52.500124
India,Delhi,Delhi,"Okhla Phase-2, Delhi - DPCC",29-11-2025 16:00:00,28.530785,77.271255,SO2,13.0,21.0,16.0,2025-11-29 11:20:52.500124
India,Delhi,Delhi,"Okhla Phase-2, Delhi - DPCC",29-11-2025 16:00:00,28.530785,77.271255,OZONE,7.0,172.0,84.0,2025-11-29 11:20:52.500124
India,Delhi,Delhi,"Punjabi Bagh, Delhi - DPCC",29-11-2025 16:00:00,28.674045,77.131023,CO,22.0,118.0,34.0,2025-11-29 11:20:52.500124
India,Delhi,Delhi,"Pusa, Delhi - DPCC",29-11-2025 16:00:00,28.639652,77.146275,PM10,143.0,444.0,261.0,2025-11-29 11:20:52.500124
India,Delhi,Delhi,"Patparganj, Delhi - DPCC",29-11-2025 16:00:00,28.623763,77.287209,CO,23.0,163.0,40.0,2025-11-29 11:20:52.500124
India,Delhi,Delhi,"Patparganj, Delhi - DPCC",29-11-2025 16:00:00,28.623763,77.287209,OZONE,2.0,150.0,150.0,2025-11-29 11:20:52.500124
India,Delhi,Delhi,"Punjabi Bagh, Delhi - DPCC",29-11-2025 16:00:00,28.674045,77.131023,NO2,25.0,77.0,58.0,2025-11-29 11:20:52.500124
India,Delhi,Delhi,"Punjabi Bagh, Delhi - DPCC",29-11-2025 16:00:00,28.674045,77.131023,SO2,1.0,20.0,7.0,2025-11-29 11:20:52.500124
India,Delhi,Delhi,"Shadipur, Delhi - CPCB",29-11-2025 16:00:00,28.6514781,77.1473105,PM2.5,322.0,387.0,356.0,2025-11-29 11:20:52.500124
India,Delhi,Delhi,"Patparganj, Delhi - DPCC",29-11-2025 16:00:00,28.623763,77.287209,PM10,160.0,424.0,264.0,2025-11-29 11:20:52.500124
India,Delhi,Delhi,"Rohini, Delhi - DPCC",29-11-2025 16:00:00,28.732528,77.11992,PM2.5,103.0,443.0,326.0,2025-11-29 11:20:52.500124
India,Delhi,Delhi,"Pusa, Delhi - IMD",29-11-2025 16:00:00,28.63611,77.173332,NO2,14.0,121.0,62.0,2025-11-29 11:20:52.500124
India,Gujarat,Ahmedabad,"Maninagar, Ahmedabad - GPCB",29-11-2025 16:00:00,23.002657,72.591912,NO2,59.0,60.0,60.0,2025-11-29 11:20:52.500124
India,Gujarat,Ahmedabad,"Raikhad, Ahmedabad - IITM",29-11-2025 16:00:00,23.020509,72.579261,PM10,133.0,256.0,187.0,2025-11-29 11:20:52.500124
India,Gujarat,Ahmedabad,"Raikhad, Ahmedabad - IITM",29-11-2025 16:00:00,23.020509,72.579261,NO2,23.0,102.0,52.0,2025-11-29 11:20:52.500124
India,Gujarat,Ahmedabad,"SAC ISRO Satellite, Ahmedabad - IITM",29-11-2025 16:00:00,23.023389,72.515201,OZONE,1.0,46.0,32.0,2025-11-29 11:20:52.500124
India,Gujarat,Ahmedabad,"SVPI Airport Hansol, Ahmedabad - IITM",29-11-2025 16:00:00,23.076793,72.627874,PM2.5,90.0,306.0,194.0,2025-11-29 11:20:52.500124
India,Gujarat,Ahmedabad,"SAC ISRO Bopal, Ahmedabad - IITM",29-11-2025 16:00:00,23.041137,72.456691,CO,12.0,46.0,25.0,2025-11-29 11:20:52.500124
India,Gujarat,Ahmedabad,"SAC ISRO Satellite, Ahmedabad - IITM",29-11-2025 16:00:00,23.023389,72.515201,PM2.5,64.0,181.0,118.0,2025-11-29 11:20:52.500124
India,Gujarat,Ahmedabad,"Gyaspur, Ahmedabad - IITM",29-11-2025 16:00:00,22.977134,72.553024,OZONE,17.0,39.0,29.0,2025-11-29 11:20:52.500124
India,Gujarat,Ahmedabad,"Maninagar, Ahmedabad - GPCB",29-11-2025 16:00:00,23.002657,72.591912,PM2.5,75.0,250.0,134.0,2025-11-29 11:20:52.500124
India,Gujarat,Vatva,"Phase-4 GIDC, Vatva - GPCB",29-11-2025 16:00:00,22.969611,72.6435,NO2,43.0,64.0,59.0,2025-11-29 11:20:52.500124
India,Gujarat,Vatva,"Phase-4 GIDC, Vatva - GPCB",29-11-2025 16:00:00,22.969611,72.6435,NH3,5.0,8.0,8.0,2025-11-29 11:20:52.500124
India,Gujarat,Ahmedabad,"Rakhial, Ahmedabad - IITM",29-11-2025 16:00:00,23.016834,72.625775,PM2.5,10.0,302.0,92.0,2025-11-29 11:20:52.500124
India,Gujarat,Surat,"Science Center, Surat - SMC",29-11-2025 16:00:00,21.170046,72.795405,PM2.5,4.0,44.0,25.0,2025-11-29 11:20:52.500124
India,Gujarat,Ankleshwar,"GIDC, Ankleshwar - GPCB",29-11-2025 16:00:00,21.613267,73.010555,OZONE,42.0,48.0,43.0,2025-11-29 11:20:52.500124
India,Delhi,Delhi,"Vivek Vihar, Delhi - DPCC",29-11-2025 16:00:00,28.672342,77.31526,NO2,36.0,133.0,77.0,2025-11-29 11:20:52.500124
India,Haryana,Gurugram,"Sector-51, Gurugram - HSPCB",29-11-2025 16:00:00,28.4227,77.0667,OZONE,7.0,31.0,26.0,2025-11-29 11:20:52.500124
India,Haryana,Gurugram,"Teri Gram, Gurugram - HSPCB",29-11-2025 16:00:00,28.4275,77.1465,SO2,,,,2025-11-29 11:20:52.500124
India,Haryana,Gurugram,"Vikas Sadan, Gurugram - HSPCB",29-11-2025 16:00:00,28.4501238,77.0263051,PM2.5,171.0,303.0,237.0,2025-11-29 11:20:52.500124
India,Haryana,Hisar,"Urban Estate-II, Hisar - HSPCB",29-11-2025 16:00:00,29.14056,75.744941,NH3,8.0,8.0,8.0,2025-11-29 11:20:52.500124
India,Haryana,Hisar,"Urban Estate-II, Hisar - HSPCB",29-11-2025 16:00:00,29.14056,75.744941,SO2,7.0,15.0,11.0,2025-11-29 11:20:52.500124
India,Haryana,Faridabad,"Sector 30, Faridabad - HSPCB",29-11-2025 16:00:00,28.4417,77.3217,CO,59.0,65.0,62.0,2025-11-29 11:20:52.500124
India,Haryana,Faridabad,"Sector 30, Faridabad - HSPCB",29-11-2025 16:00:00,28.4417,77.3217,OZONE,17.0,19.0,18.0,2025-11-29 11:20:52.500124
India,Haryana,Gurugram,"NISE Gwal Pahari, Gurugram - IMD",29-11-2025 16:00:00,28.422681,77.148944,PM2.5,79.0,368.0,290.0,2025-11-29 11:20:52.500124
India,Haryana,Gurugram,"NISE Gwal Pahari, Gurugram - IMD",29-11-2025 16:00:00,28.422681,77.148944,NO2,30.0,87.0,57.0,2025-11-29 11:20:52.500124
India,Haryana,Dharuhera,"Municipal Corporation Office, Dharuhera -  HSPCB",29-11-2025 16:00:00,28.2068,76.7997,PM2.5,130.0,388.0,309.0,2025-11-29 11:20:52.500124
India,Haryana,Dharuhera,"Municipal Corporation Office, Dharuhera -  HSPCB",29-11-2025 16:00:00,28.2068,76.7997,PM10,106.0,328.0,220.0,2025-11-29 11:20:52.500124
India,Haryana,Dharuhera,"Municipal Corporation Office, Dharuhera -  HSPCB",29-11-2025 16:00:00,28.2068,76.7997,SO2,10.0,23.0,15.0,2025-11-29 11:20:52.500124
India,Haryana,Dharuhera,"Municipal Corporation Office, Dharuhera -  HSPCB",29-11-2025 16:00:00,28.2068,76.7997,OZONE,6.0,47.0,30.0,2025-11-29 11:20:52.500124
India,Haryana,Faridabad,"New Industrial Town, Faridabad - HSPCB",29-11-2025 16:00:00,28.39072,77.30059,SO2,8.0,8.0,8.0,2025-11-29 11:20:52.500124
India,Haryana,Faridabad,"Sector 11, Faridabad - HSPCB",29-11-2025 16:00:00,28.376058,77.315741,SO2,4.0,5.0,4.0,2025-11-29 11:20:52.500124
India,Haryana,Faridabad,"Sector 30, Faridabad - HSPCB",29-11-2025 16:00:00,28.4417,77.3217,NO2,35.0,39.0,38.0,2025-11-29 11:20:52.500124
India,Haryana,Ambala,"Patti Mehar, Ambala - HSPCB",29-11-2025 16:00:00,30.379589,76.778328,NO2,21.0,25.0,23.0,2025-11-29 11:20:52.500124
India,Haryana,Ambala,"Patti Mehar, Ambala - HSPCB",29-11-2025 16:00:00,30.379589,76.778328,SO2,31.0,32.0,31.0,2025-11-29 11:20:52.500124
India,Haryana,Ballabgarh,"Nathu Colony, Ballabgarh - HSPCB",29-11-2025 16:00:00,28.3419248,77.319699,PM10,159.0,210.0,175.0,2025-11-29 11:20:52.500124
India,Haryana,Ballabgarh,"Nathu Colony, Ballabgarh - HSPCB",29-11-2025 16:00:00,28.3419248,77.319699,SO2,3.0,8.0,6.0,2025-11-29 11:20:52.500124
India,Haryana,Ambala,"Patti Mehar, Ambala - HSPCB",29-11-2025 16:00:00,30.379589,76.778328,PM10,99.0,126.0,106.0,2025-11-29 11:20:52.500124
India,Haryana,Jind,"Police Lines, Jind - HSPCB",29-11-2025 16:00:00,29.307814,76.337619,SO2,1.0,5.0,2.0,2025-11-29 11:20:52.500124
India,Haryana,Kaithal,"Rishi Nagar, Kaithal - HSPCB",29-11-2025 16:00:00,29.8006,76.4155,OZONE,11.0,19.0,17.0,2025-11-29 11:20:52.500124
India,Haryana,Karnal,"Sector-12, Karnal - HSPCB",29-11-2025 16:00:00,29.6953,77.0027,SO2,17.0,112.0,43.0,2025-11-29 11:20:52.500124
India,Haryana,Karnal,"Sector-12, Karnal - HSPCB",29-11-2025 16:00:00,29.6953,77.0027,OZONE,41.0,41.0,41.0,2025-11-29 11:20:52.500124
India,Haryana,Kurukshetra,"Sector-7, Kurukshetra - HSPCB",29-11-2025 16:00:00,29.966942,76.875879,CO,13.0,60.0,20.0,2025-11-29 11:20:52.500124
India,Haryana,Mandikhera,"General Hospital, Mandikhera(Nuh) - HSPCB",29-11-2025 16:00:00,27.9002,76.9938,NO2,20.0,23.0,21.0,2025-11-29 11:20:52.500124
India,Haryana,Mandikhera,"General Hospital, Mandikhera(Nuh) - HSPCB",29-11-2025 16:00:00,27.9002,76.9938,SO2,32.0,38.0,34.0,2025-11-29 11:20:52.500124
India,Haryana,Mandikhera,"General Hospital, Mandikhera(Nuh) - HSPCB",29-11-2025 16:00:00,27.9002,76.9938,CO,66.0,93.0,79.0,2025-11-29 11:20:52.500124
India,Haryana,Narnaul,"Shastri Nagar, Narnaul - HSPCB",29-11-2025 16:00:00,28.060249,76.113115,SO2,6.0,7.0,6.0,2025-11-29 11:20:52.500124
India,Haryana,Palwal,"Shyam Nagar, Palwal - HSPCB",29-11-2025 16:00:00,28.1485564,77.3320667,NO2,23.0,24.0,24.0,2025-11-29 11:20:52.500124
India,Haryana,Palwal,"Shyam Nagar, Palwal - HSPCB",29-11-2025 16:00:00,28.1485564,77.3320667,NH3,8.0,9.0,9.0,2025-11-29 11:20:52.500124
India,Haryana,Palwal,"Shyam Nagar, Palwal - HSPCB",29-11-2025 16:00:00,28.1485564,77.3320667,SO2,12.0,13.0,12.0,2025-11-29 11:20:52.500124
India,Haryana,Panchgaon,"Amity University, Panchgaon - IITM",29-11-2025 16:00:00,28.3153,76.9143,PM10,59.0,137.0,88.0,2025-11-29 11:20:52.500124
India,Haryana,Panchgaon,"Amity University, Panchgaon - IITM",29-11-2025 16:00:00,28.3153,76.9143,NO2,1.0,4.0,2.0,2025-11-29 11:20:52.500124
India,Assam,Nagaon,"Christianpatty, Nagaon - PCBA",29-11-2025 16:00:00,26.349082,92.68449,NO2,1.0,1.0,1.0,2025-11-29 11:20:52.500124
India,Assam,Nagaon,"Christianpatty, Nagaon - PCBA",29-11-2025 16:00:00,26.349082,92.68449,SO2,12.0,13.0,12.0,2025-11-29 11:20:52.500124
India,Assam,Nagaon,"Christianpatty, Nagaon - PCBA",29-11-2025 16:00:00,26.349082,92.68449,OZONE,8.0,9.0,9.0,2025-11-29 11:20:52.500124
India,Assam,Nalbari,"Bata Chowk, Nalbari - PCBA",29-11-2025 16:00:00,26.446912,91.439057,PM10,,,,2025-11-29 11:20:52.500124
India,Assam,Nalbari,"Bata Chowk, Nalbari - PCBA",29-11-2025 16:00:00,26.446912,91.439057,NH3,6.0,6.0,6.0,2025-11-29 11:20:52.500124
India,Assam,Silchar,"Tarapur, Silchar - PCBA",29-11-2025 16:00:00,24.82827,92.79525,CO,23.0,96.0,41.0,2025-11-29 11:20:52.500124
India,Assam,Sivasagar,"Girls College, Sivasagar - PCBA",29-11-2025 16:00:00,26.987634,94.636574,PM2.5,21.0,64.0,37.0,2025-11-29 11:20:52.500124
India,Andhra_Pradesh,Visakhapatnam,"GVM Corporation, Visakhapatnam - APPCB",29-11-2025 16:00:00,17.72,83.3,CO,2.0,26.0,19.0,2025-11-29 11:20:52.500124
India,Arunachal_Pradesh,Naharlagun,"Naharlagun, Naharlagun - APSPCB",29-11-2025 16:00:00,27.103358,93.679645,SO2,8.0,9.0,8.0,2025-11-29 11:20:52.500124
India,Assam,Byrnihat,"Central Academy for SFS, Byrnihat - PCBA",29-11-2025 16:00:00,26.071318,91.87488,PM2.5,80.0,122.0,97.0,2025-11-29 11:20:52.500124
India,Assam,Guwahati,"IITG, Guwahati - PCBA",29-11-2025 16:00:00,26.2028636,91.70046436,NO2,1.0,8.0,5.0,2025-11-29 11:20:52.500124
India,Assam,Guwahati,"IITG, Guwahati - PCBA",29-11-2025 16:00:00,26.2028636,91.70046436,SO2,23.0,26.0,24.0,2025-11-29 11:20:52.500124
India,Assam,Guwahati,"LGBI Airport, Guwahati - PCBA",29-11-2025 16:00:00,26.10887,91.589544,NH3,5.0,6.0,5.0,2025-11-29 11:20:52.500124
India,Assam,Guwahati,"Pan Bazaar, Guwahati - PCBA",29-11-2025 16:00:00,26.1875,91.744194,PM10,20.0,110.0,66.0,2025-11-29 11:20:52.500124
India,Assam,Guwahati,"Pan Bazaar, Guwahati - PCBA",29-11-2025 16:00:00,26.1875,91.744194,CO,12.0,91.0,25.0,2025-11-29 11:20:52.500124
India,Assam,Guwahati,"Railway Colony, Guwahati - PCBA",29-11-2025 16:00:00,26.181742,91.78063,PM10,39.0,186.0,98.0,2025-11-29 11:20:52.500124
India,Assam,Guwahati,"Railway Colony, Guwahati - PCBA",29-11-2025 16:00:00,26.181742,91.78063,SO2,31.0,35.0,33.0,2025-11-29 11:20:52.500124
India,Andhra_Pradesh,Chittoor,"Gangineni Cheruvu, Chittoor - APPCB",29-11-2025 16:00:00,13.20488,79.097889,PM10,85.0,133.0,114.0,2025-11-29 11:20:52.500124
India,Andhra_Pradesh,Chittoor,"Gangineni Cheruvu, Chittoor - APPCB",29-11-2025 16:00:00,13.20488,79.097889,NO2,23.0,26.0,24.0,2025-11-29 11:20:52.500124
India,Andhra_Pradesh,Chittoor,"Gangineni Cheruvu, Chittoor - APPCB",29-11-2025 16:00:00,13.20488,79.097889,NH3,5.0,6.0,6.0,2025-11-29 11:20:52.500124
India,Andhra_Pradesh,Kadapa,"Yerramukkapalli, Kadapa - APPCB",29-11-2025 16:00:00,14.465052,78.824187,PM10,,,,2025-11-29 11:20:52.500124
India,Andhra_Pradesh,Kadapa,"Yerramukkapalli, Kadapa - APPCB",29-11-2025 16:00:00,14.465052,78.824187,OZONE,21.0,23.0,22.0,2025-11-29 11:20:52.500124
India,Andhra_Pradesh,Vijayawada,"HB Colony, Vijayawada - APPCB",29-11-2025 16:00:00,16.536107,80.594233,PM2.5,50.0,66.0,59.0,2025-11-29 11:20:52.500124
India,Andhra_Pradesh,Vijayawada,"Rajiv Gandhi Park, Vijayawada - APPCB",29-11-2025 16:00:00,16.509717,80.612222,OZONE,2.0,44.0,16.0,2025-11-29 11:20:52.500124
India,Andhra_Pradesh,Anantapur,"Gulzarpet, Anantapur - APPCB",29-11-2025 16:00:00,14.675886,77.593027,SO2,12.0,17.0,13.0,2025-11-29 11:20:52.500124
India,Andhra_Pradesh,Anantapur,"Gulzarpet, Anantapur - APPCB",29-11-2025 16:00:00,14.675886,77.593027,OZONE,25.0,72.0,54.0,2025-11-29 11:20:52.500124
India,Andaman and Nicobar,Sri Vijaya Puram,"Police Line, Sri Vijaya Puram - ANPCC",29-11-2025 16:00:00,11.654054,92.734055,SO2,,,,2025-11-29 11:20:52.500124
India,Andhra_Pradesh,Anantapur,"Gulzarpet, Anantapur - APPCB",29-11-2025 16:00:00,14.675886,77.593027,PM10,25.0,87.0,69.0,2025-11-29 11:20:52.500124
India,Assam,Sivasagar,"Girls College, Sivasagar - PCBA",29-11-2025 16:00:00,26.987634,94.636574,CO,14.0,82.0,20.0,2025-11-29 11:20:52.500124
India,Andhra_Pradesh,Tirumala,"Toll Gate, Tirumala - APPCB",29-11-2025 16:00:00,13.67,79.35,CO,18.0,62.0,34.0,2025-11-29 11:20:52.500124
India,Assam,Sivasagar,"Girls College, Sivasagar - PCBA",29-11-2025 16:00:00,26.987634,94.636574,OZONE,4.0,98.0,71.0,2025-11-29 11:20:52.500124
India,Bihar,Araria,"Kharahiya Basti, Araria - BSPCB",29-11-2025 16:00:00,26.146529,87.454184,PM2.5,37.0,243.0,126.0,2025-11-29 11:20:52.500124
India,Bihar,Araria,"Kharahiya Basti, Araria - BSPCB",29-11-2025 16:00:00,26.146529,87.454184,NO2,1.0,31.0,11.0,2025-11-29 11:20:52.500124
India,Bihar,Araria,"Kharahiya Basti, Araria - BSPCB",29-11-2025 16:00:00,26.146529,87.454184,NH3,8.0,9.0,8.0,2025-11-29 11:20:52.500124
India,Bihar,Araria,"Kharahiya Basti, Araria - BSPCB",29-11-2025 16:00:00,26.146529,87.454184,OZONE,9.0,11.0,10.0,2025-11-29 11:20:52.500124
India,Bihar,Gaya,"SFTI Kusdihra, Gaya - BSPCB",29-11-2025 16:00:00,24.762518,84.982348,PM2.5,31.0,51.0,38.0,2025-11-29 11:20:52.500124
India,Bihar,Gaya,"SFTI Kusdihra, Gaya - BSPCB",29-11-2025 16:00:00,24.762518,84.982348,NO2,23.0,25.0,25.0,2025-11-29 11:20:52.500124
India,Bihar,Gaya,"SFTI Kusdihra, Gaya - BSPCB",29-11-2025 16:00:00,24.762518,84.982348,OZONE,10.0,54.0,35.0,2025-11-29 11:20:52.500124
India,Bihar,Hajipur,"Industrial Area, Hajipur - BSPCB",29-11-2025 16:00:00,25.697189,85.2459,PM10,51.0,101.0,85.0,2025-11-29 11:20:52.500124
India,Bihar,Hajipur,"Industrial Area, Hajipur - BSPCB",29-11-2025 16:00:00,25.697189,85.2459,NO2,34.0,65.0,41.0,2025-11-29 11:20:52.500124
India,Bihar,Bhagalpur,"Mayaganj, Bhagalpur - BSPCB",29-11-2025 16:00:00,25.265194,87.012947,SO2,29.0,90.0,58.0,2025-11-29 11:20:52.500124
India,Bihar,Bihar Sharif,"D M Colony, Bihar Sharif - BSPCB",29-11-2025 16:00:00,25.204762,85.51496,PM10,21.0,83.0,51.0,2025-11-29 11:20:52.500124
India,Bihar,Chhapra,"Darshan Nagar, Chhapra - BSPCB",29-11-2025 16:00:00,25.7808257,84.7446768,PM10,31.0,73.0,51.0,2025-11-29 11:20:52.500124
India,Bihar,Bettiah,"Kamalnath Nagar, Bettiah - BSPCB",29-11-2025 16:00:00,26.80365,84.51954,PM2.5,35.0,230.0,98.0,2025-11-29 11:20:52.500124
India,Bihar,Bettiah,"Kamalnath Nagar, Bettiah - BSPCB",29-11-2025 16:00:00,26.80365,84.51954,NH3,1.0,1.0,1.0,2025-11-29 11:20:52.500124
India,Bihar,Bhagalpur,"DM Office_Kachari Chowk, Bhagalpur - BSPCB",29-11-2025 16:00:00,25.251013,86.989001,NO2,7.0,11.0,9.0,2025-11-29 11:20:52.500124
India,Bihar,Arrah,"New DM Office, Arrah - BSPCB",29-11-2025 16:00:00,25.5626095,84.663264,NO2,,,,2025-11-29 11:20:52.500124
India,Bihar,Arrah,"New DM Office, Arrah - BSPCB",29-11-2025 16:00:00,25.5626095,84.663264,SO2,,,,2025-11-29 11:20:52.500124
India,Bihar,Aurangabad,"Gurdeo Nagar, Aurangabad - BSPCB",29-11-2025 16:00:00,24.75746,84.366208,OZONE,6.0,16.0,14.0,2025-11-29 11:20:52.500124
India,Bihar,Hajipur,"Industrial Area, Hajipur - BSPCB",29-11-2025 16:00:00,25.697189,85.2459,NH3,5.0,10.0,8.0,2025-11-29 11:20:52.500124
India,Bihar,Katihar,"Mirchaibari, Katihar - BSPCB",29-11-2025 16:00:00,25.560083,87.553265,PM10,27.0,94.0,68.0,2025-11-29 11:20:52.500124
India,Bihar,Chhapra,"Darshan Nagar, Chhapra - BSPCB",29-11-2025 16:00:00,25.7808257,84.7446768,CO,8.0,17.0,10.0,2025-11-29 11:20:52.500124
India,Bihar,Chhapra,"Darshan Nagar, Chhapra - BSPCB",29-11-2025 16:00:00,25.7808257,84.7446768,OZONE,24.0,55.0,34.0,2025-11-29 11:20:52.500124
India,Bihar,Begusarai,"Lohiyanagar, Begusarai - BSPCB",29-11-2025 16:00:00,25.42742023,86.13886079,PM10,50.0,177.0,70.0,2025-11-29 11:20:52.500124
India,Bihar,Gaya,"Kareemganj, Gaya - BSPCB",29-11-2025 16:00:00,24.792403,84.992416,PM2.5,60.0,227.0,117.0,2025-11-29 11:20:52.500124
India,Bihar,Munger,"Town Hall, Munger - BSPCB",29-11-2025 16:00:00,25.376776,86.471523,OZONE,11.0,25.0,21.0,2025-11-29 11:20:52.500124
India,Bihar,Muzaffarpur,"Buddha Colony, Muzaffarpur - BSPCB",29-11-2025 16:00:00,26.11442,85.39813,PM2.5,52.0,202.0,141.0,2025-11-29 11:20:52.500124
India,Bihar,Muzaffarpur,"Buddha Colony, Muzaffarpur - BSPCB",29-11-2025 16:00:00,26.11442,85.39813,PM10,40.0,111.0,89.0,2025-11-29 11:20:52.500124
India,Bihar,Muzaffarpur,"Buddha Colony, Muzaffarpur - BSPCB",29-11-2025 16:00:00,26.11442,85.39813,SO2,6.0,9.0,8.0,2025-11-29 11:20:52.500124
India,Bihar,Patna,"Govt. High School Shikarpur, Patna - BSPCB",29-11-2025 16:00:00,25.592539,85.227158,CO,32.0,109.0,60.0,2025-11-29 11:20:52.500124
India,Bihar,Patna,"IGSC Planetarium Complex, Patna - BSPCB",29-11-2025 16:00:00,25.610369,85.132568,PM2.5,,,,2025-11-29 11:20:52.500124
India,Bihar,Patna,"Muradpur, Patna - BSPCB",29-11-2025 16:00:00,25.619651,85.147382,OZONE,4.0,40.0,28.0,2025-11-29 11:20:52.500124
India,Bihar,Patna,"Rajbansi Nagar, Patna - BSPCB",29-11-2025 16:00:00,25.599486,85.113666,CO,28.0,110.0,47.0,2025-11-29 11:20:52.500124
India,Bihar,Patna,"Samanpura, Patna - BSPCB",29-11-2025 16:00:00,25.596727,85.085624,OZONE,68.0,332.0,97.0,2025-11-29 11:20:52.500124
India,Bihar,Purnia,"Mariam Nagar, Purnia - BSPCB",29-11-2025 16:00:00,25.366336,87.117468,OZONE,21.0,46.0,35.0,2025-11-29 11:20:52.500124
India,Bihar,Patna,"DRM Office Danapur, Patna - BSPCB",29-11-2025 16:00:00,25.586562,85.043586,PM10,62.0,152.0,115.0,2025-11-29 11:20:52.500124
India,Bihar,Manguraha,"Forest Rest House, Manguraha - BSPCB",29-11-2025 16:00:00,27.308328,84.531742,SO2,16.0,17.0,16.0,2025-11-29 11:20:52.500124
India,Bihar,Motihari,"Gandak Colony, Motihari - BSPCB",29-11-2025 16:00:00,26.63086,84.90051,NO2,10.0,14.0,12.0,2025-11-29 11:20:52.500124
India,Bihar,Katihar,"Mirchaibari, Katihar - BSPCB",29-11-2025 16:00:00,25.560083,87.553265,CO,33.0,84.0,65.0,2025-11-29 11:20:52.500124
India,Bihar,Rajgir,"Dangi Tola, Rajgir - BSPCB",29-11-2025 16:00:00,25.0328,85.41948,CO,81.0,96.0,88.0,2025-11-29 11:20:52.500124
India,Chhattisgarh,Chhal,"Nawapara SECL Colony, Chhal - CECB",29-11-2025 16:00:00,22.118125,83.140608,SO2,1.0,102.0,16.0,2025-11-29 11:20:52.500124
India,Chhattisgarh,Chhal,"Nawapara SECL Colony, Chhal - CECB",29-11-2025 16:00:00,22.118125,83.140608,OZONE,2.0,129.0,85.0,2025-11-29 11:20:52.500124
India,Chhattisgarh,Korba,"Rampur, Korba - CECB",29-11-2025 16:00:00,22.368195,82.746431,PM2.5,49.0,86.0,51.0,2025-11-29 11:20:52.500124
India,Chhattisgarh,Korba,"Rampur, Korba - CECB",29-11-2025 16:00:00,22.368195,82.746431,CO,21.0,39.0,28.0,2025-11-29 11:20:52.500124
India,Chhattisgarh,Korba,"Rampur, Korba - CECB",29-11-2025 16:00:00,22.368195,82.746431,OZONE,2.0,5.0,3.0,2025-11-29 11:20:52.500124
India,Chhattisgarh,Kunjemura,"OP Jindal School, Kunjemura - CECB",29-11-2025 16:00:00,22.12665,83.483212,PM10,29.0,88.0,62.0,2025-11-29 11:20:52.500124
India,Chandigarh,Chandigarh,"Sector-25, Chandigarh - CPCC",29-11-2025 16:00:00,30.751462,76.762879,CO,20.0,46.0,24.0,2025-11-29 11:20:52.500124
India,Chhattisgarh,Bhilai,"32Bungalows, Bhilai - CECB",29-11-2025 16:00:00,21.194815,81.31477,PM10,47.0,84.0,65.0,2025-11-29 11:20:52.500124
India,Chhattisgarh,Bilaspur,"Mangala, Bilaspur - NTPC",29-11-2025 16:00:00,22.08815,82.13737,NO2,17.0,31.0,25.0,2025-11-29 11:20:52.500124
India,Chhattisgarh,Milupara,"Govt. Higher Secondary School, Milupara - CECB",29-11-2025 16:00:00,22.1910172,83.5197009,PM10,37.0,151.0,84.0,2025-11-29 11:20:52.500124
India,Chhattisgarh,Raipur,"AIIMS, Raipur - CECB",29-11-2025 16:00:00,21.258815,81.578979,NH3,1.0,1.0,1.0,2025-11-29 11:20:52.500124
India,Chhattisgarh,Raipur,"AIIMS, Raipur - CECB",29-11-2025 16:00:00,21.258815,81.578979,SO2,3.0,10.0,6.0,2025-11-29 11:20:52.500124
India,Bihar,Siwan,"Chitragupta Nagar, Siwan - BSPCB",29-11-2025 16:00:00,26.2271665,84.3570427,NO2,1.0,2.0,1.0,2025-11-29 11:20:52.500124
India,Chandigarh,Chandigarh,"Sector 22, Chandigarh - CPCC",29-11-2025 16:00:00,30.735567,76.775714,SO2,5.0,30.0,10.0,2025-11-29 11:20:52.500124
India,Bihar,Samastipur,"DM Office_Kasipur, Samastipur - BSPCB",29-11-2025 16:00:00,25.859655,85.77944,NH3,1.0,1.0,1.0,2025-11-29 11:20:52.500124
India,Bihar,Saharsa,"Police Line, Saharsa - BSPCB",29-11-2025 16:00:00,25.892357,86.590325,OZONE,4.0,13.0,10.0,2025-11-29 11:20:52.500124
India,Bihar,Sasaram,"Dada Peer, Sasaram - BSPCB",29-11-2025 16:00:00,24.952822,84.002396,CO,45.0,60.0,53.0,2025-11-29 11:20:52.500124
India,Bihar,Saharsa,"Police Line, Saharsa - BSPCB",29-11-2025 16:00:00,25.892357,86.590325,NO2,5.0,9.0,7.0,2025-11-29 11:20:52.500124
India,Bihar,Saharsa,"Police Line, Saharsa - BSPCB",29-11-2025 16:00:00,25.892357,86.590325,NH3,4.0,4.0,4.0,2025-11-29 11:20:52.500124
India,Chhattisgarh,Raipur,"Bhatagaon New ISBT, Raipur - CECB",29-11-2025 16:00:00,21.219665,81.630094,PM2.5,32.0,86.0,56.0,2025-11-29 11:20:52.500124
India,Chhattisgarh,Raipur,"Bhatagaon New ISBT, Raipur - CECB",29-11-2025 16:00:00,21.219665,81.630094,PM10,33.0,128.0,74.0,2025-11-29 11:20:52.500124
India,Chhattisgarh,Raipur,"Bhatagaon New ISBT, Raipur - CECB",29-11-2025 16:00:00,21.219665,81.630094,NO2,10.0,40.0,23.0,2025-11-29 11:20:52.500124
India,Chhattisgarh,Raipur,"Bhatagaon New ISBT, Raipur - CECB",29-11-2025 16:00:00,21.219665,81.630094,NH3,2.0,2.0,2.0,2025-11-29 11:20:52.500124
India,Chhattisgarh,Raipur,"Bhatagaon New ISBT, Raipur - CECB",29-11-2025 16:00:00,21.219665,81.630094,CO,38.0,92.0,61.0,2025-11-29 11:20:52.500124
India,Delhi,Delhi,"Burari Crossing, Delhi - IMD",29-11-2025 16:00:00,28.7256504,77.2011573,PM10,130.0,414.0,241.0,2025-11-29 11:20:52.500124
India,Delhi,Delhi,"Burari Crossing, Delhi - IMD",29-11-2025 16:00:00,28.7256504,77.2011573,NO2,30.0,138.0,94.0,2025-11-29 11:20:52.500124
India,Delhi,Delhi,"Chandni Chowk, Delhi - IITM",29-11-2025 16:00:00,28.656756,77.227234,NO2,45.0,84.0,59.0,2025-11-29 11:20:52.500124
India,Delhi,Delhi,"Chandni Chowk, Delhi - IITM",29-11-2025 16:00:00,28.656756,77.227234,NH3,10.0,17.0,13.0,2025-11-29 11:20:52.500124
India,Delhi,Delhi,"Ashok Vihar, Delhi - DPCC",29-11-2025 16:00:00,28.695381,77.181665,PM2.5,107.0,394.0,314.0,2025-11-29 11:20:52.500124
India,Delhi,Delhi,"Ashok Vihar, Delhi - DPCC",29-11-2025 16:00:00,28.695381,77.181665,NO2,31.0,146.0,88.0,2025-11-29 11:20:52.500124
India,Delhi,Delhi,"Ashok Vihar, Delhi - DPCC",29-11-2025 16:00:00,28.695381,77.181665,SO2,20.0,34.0,26.0,2025-11-29 11:20:52.500124
India,Delhi,Delhi,"Aya Nagar, Delhi - IMD",29-11-2025 16:00:00,28.4706914,77.1099364,CO,24.0,95.0,40.0,2025-11-29 11:20:52.500124
India,Delhi,Delhi,"Bawana, Delhi - DPCC",29-11-2025 16:00:00,28.7762,77.051074,PM2.5,120.0,478.0,330.0,2025-11-29 11:20:52.500124
India,Delhi,Delhi,"Bawana, Delhi - DPCC",29-11-2025 16:00:00,28.7762,77.051074,NO2,11.0,92.0,46.0,2025-11-29 11:20:52.500124
India,Delhi,Delhi,"Anand Vihar, Delhi - DPCC",29-11-2025 16:00:00,28.647622,77.315809,SO2,60.0,102.0,89.0,2025-11-29 11:20:52.500124
India,Delhi,Delhi,"Anand Vihar, Delhi - DPCC",29-11-2025 16:00:00,28.647622,77.315809,OZONE,18.0,19.0,18.0,2025-11-29 11:20:52.500124
India,Chhattisgarh,Raipur,"Siltara Phase-II, Raipur - CECB",29-11-2025 16:00:00,21.371751,81.664929,PM10,37.0,160.0,108.0,2025-11-29 11:20:52.500124
India,Delhi,Delhi,"Anand Vihar, Delhi - DPCC",29-11-2025 16:00:00,28.647622,77.315809,PM10,129.0,472.0,271.0,2025-11-29 11:20:52.500124
India,Delhi,Delhi,"Alipur, Delhi - DPCC",29-11-2025 16:00:00,28.815329,77.15301,PM10,125.0,466.0,257.0,2025-11-29 11:20:52.500124
India,Delhi,Delhi,"Bawana, Delhi - DPCC",29-11-2025 16:00:00,28.7762,77.051074,SO2,5.0,22.0,10.0,2025-11-29 11:20:52.500124
India,Delhi,Delhi,"Lodhi Road, Delhi - IITM",29-11-2025 16:00:00,28.588333,77.221667,PM2.5,96.0,333.0,268.0,2025-11-29 11:20:52.500124
India,Delhi,Delhi,"Lodhi Road, Delhi - IITM",29-11-2025 16:00:00,28.588333,77.221667,PM10,123.0,186.0,165.0,2025-11-29 11:20:52.500124
India,Delhi,Delhi,"Lodhi Road, Delhi - IITM",29-11-2025 16:00:00,28.588333,77.221667,NO2,2.0,146.0,50.0,2025-11-29 11:20:52.500124
India,Delhi,Delhi,"Lodhi Road, Delhi - IITM",29-11-2025 16:00:00,28.588333,77.221667,SO2,13.0,29.0,19.0,2025-11-29 11:20:52.500124
India,Delhi,Delhi,"Lodhi Road, Delhi - IMD",29-11-2025 16:00:00,28.5918245,77.2273074,OZONE,9.0,100.0,61.0,2025-11-29 11:20:52.500124
India,Delhi,Delhi,"Major Dhyan Chand National Stadium, Delhi - DPCC",29-11-2025 16:00:00,28.611281,77.237738,CO,4.0,108.0,33.0,2025-11-29 11:20:52.500124
India,Delhi,Delhi,"Jahangirpuri, Delhi - DPCC",29-11-2025 16:00:00,28.73282,77.170633,SO2,15.0,50.0,32.0,2025-11-29 11:20:52.500124
India,Delhi,Delhi,"Jahangirpuri, Delhi - DPCC",29-11-2025 16:00:00,28.73282,77.170633,CO,24.0,144.0,45.0,2025-11-29 11:20:52.500124
India,Delhi,Delhi,"Jahangirpuri, Delhi - DPCC",29-11-2025 16:00:00,28.73282,77.170633,OZONE,2.0,110.0,66.0,2025-11-29 11:20:52.500124
India,Delhi,Delhi,"Jawaharlal Nehru Stadium, Delhi - DPCC",29-11-2025 16:00:00,28.58028,77.233829,NO2,44.0,154.0,101.0,2025-11-29 11:20:52.500124
India,Delhi,Delhi,"Jawaharlal Nehru Stadium, Delhi - DPCC",29-11-2025 16:00:00,28.58028,77.233829,CO,25.0,126.0,48.0,2025-11-29 11:20:52.500124
India,Delhi,Delhi,"Mandir Marg, Delhi - DPCC",29-11-2025 16:00:00,28.636429,77.201067,OZONE,4.0,94.0,50.0,2025-11-29 11:20:52.500124
India,Delhi,Delhi,"NSIT Dwarka, Delhi - CPCB",29-11-2025 16:00:00,28.60909,77.0325413,PM2.5,80.0,381.0,268.0,2025-11-29 11:20:52.500124
India,Delhi,Delhi,"NSIT Dwarka, Delhi - CPCB",29-11-2025 16:00:00,28.60909,77.0325413,NH3,10.0,35.0,19.0,2025-11-29 11:20:52.500124
India,Delhi,Delhi,"NSIT Dwarka, Delhi - CPCB",29-11-2025 16:00:00,28.60909,77.0325413,CO,48.0,104.0,65.0,2025-11-29 11:20:52.500124
India,Delhi,Delhi,"Dwarka-Sector 8, Delhi - DPCC ",29-11-2025 16:00:00,28.5710274,77.0719006,PM2.5,98.0,404.0,323.0,2025-11-29 11:20:52.500124
India,Delhi,Delhi,"Dwarka-Sector 8, Delhi - DPCC ",29-11-2025 16:00:00,28.5710274,77.0719006,NO2,41.0,146.0,92.0,2025-11-29 11:20:52.500124
India,Delhi,Delhi,"Dwarka-Sector 8, Delhi - DPCC ",29-11-2025 16:00:00,28.5710274,77.0719006,NH3,15.0,24.0,21.0,2025-11-29 11:20:52.500124
India,Delhi,Delhi,"IHBAS, Dilshad Garden, Delhi - CPCB",29-11-2025 16:00:00,28.6811736,77.3025234,PM2.5,186.0,335.0,279.0,2025-11-29 11:20:52.500124
India,Delhi,Delhi,"IHBAS, Dilshad Garden, Delhi - CPCB",29-11-2025 16:00:00,28.6811736,77.3025234,SO2,10.0,15.0,12.0,2025-11-29 11:20:52.500124
India,Delhi,Delhi,"Dr. Karni Singh Shooting Range, Delhi - DPCC",29-11-2025 16:00:00,28.498571,77.26484,CO,18.0,105.0,39.0,2025-11-29 11:20:52.500124
India,Delhi,Delhi,"DTU, Delhi - CPCB",29-11-2025 16:00:00,28.7500499,77.1112615,PM10,98.0,471.0,231.0,2025-11-29 11:20:52.500124
India,Delhi,Delhi,"DTU, Delhi - CPCB",29-11-2025 16:00:00,28.7500499,77.1112615,CO,19.0,103.0,37.0,2025-11-29 11:20:52.500124
India,Delhi,Delhi,"ITO, Delhi - CPCB",29-11-2025 16:00:00,28.628624,77.24106,OZONE,11.0,65.0,22.0,2025-11-29 11:20:52.500124
India,Delhi,Delhi,"Najafgarh, Delhi - DPCC",29-11-2025 16:00:00,28.570173,76.933762,SO2,13.0,30.0,19.0,2025-11-29 11:20:52.500124
India,Delhi,Delhi,"Narela, Delhi - DPCC",29-11-2025 16:00:00,28.822836,77.101981,PM10,140.0,474.0,307.0,2025-11-29 11:20:52.500124
India,Delhi,Delhi,"R K Puram, Delhi - DPCC",29-11-2025 16:00:00,28.563262,77.186937,PM2.5,103.0,404.0,322.0,2025-11-29 11:20:52.500124
India,Delhi,Delhi,"R K Puram, Delhi - DPCC",29-11-2025 16:00:00,28.563262,77.186937,CO,1.0,121.0,26.0,2025-11-29 11:20:52.500124
India,Delhi,Delhi,"Punjabi Bagh, Delhi - DPCC",29-11-2025 16:00:00,28.674045,77.131023,PM10,127.0,439.0,251.0,2025-11-29 11:20:52.500124
India,Delhi,Delhi,"Nehru Nagar, Delhi - DPCC",29-11-2025 16:00:00,28.56789,77.250515,NH3,13.0,22.0,16.0,2025-11-29 11:20:52.500124
India,Delhi,Delhi,"Rohini, Delhi - DPCC",29-11-2025 16:00:00,28.732528,77.11992,PM10,120.0,422.0,258.0,2025-11-29 11:20:52.500124
India,Delhi,Delhi,"Pusa, Delhi - IMD",29-11-2025 16:00:00,28.63611,77.173332,PM10,127.0,413.0,229.0,2025-11-29 11:20:52.500124
India,Delhi,Delhi,"Narela, Delhi - DPCC",29-11-2025 16:00:00,28.822836,77.101981,CO,38.0,107.0,50.0,2025-11-29 11:20:52.500124
India,Delhi,Delhi,"Rohini, Delhi - DPCC",29-11-2025 16:00:00,28.732528,77.11992,SO2,10.0,35.0,17.0,2025-11-29 11:20:52.500124
India,Delhi,Delhi,"Pusa, Delhi - DPCC",29-11-2025 16:00:00,28.639652,77.146275,OZONE,3.0,17.0,12.0,2025-11-29 11:20:52.500124
India,Delhi,Delhi,"Wazirpur, Delhi - DPCC",29-11-2025 16:00:00,28.699793,77.165453,CO,74.0,135.0,86.0,2025-11-29 11:20:52.500124
India,Gujarat,Ahmedabad,"Chandkheda, Ahmedabad - IITM",29-11-2025 16:00:00,23.107969,72.574648,NH3,3.0,10.0,7.0,2025-11-29 11:20:52.500124
India,Gujarat,Ahmedabad,"Chandkheda, Ahmedabad - IITM",29-11-2025 16:00:00,23.107969,72.574648,SO2,10.0,21.0,14.0,2025-11-29 11:20:52.500124
India,Delhi,Delhi,"Sirifort, Delhi - CPCB",29-11-2025 16:00:00,28.5504249,77.2159377,NO2,62.0,76.0,70.0,2025-11-29 11:20:52.500124
India,Delhi,Delhi,"Sirifort, Delhi - CPCB",29-11-2025 16:00:00,28.5504249,77.2159377,SO2,18.0,29.0,24.0,2025-11-29 11:20:52.500124
India,Delhi,Delhi,"Sonia Vihar, Delhi - DPCC",29-11-2025 16:00:00,28.710508,77.249485,PM2.5,177.0,395.0,315.0,2025-11-29 11:20:52.500124
India,Gujarat,Ahmedabad,"Rakhial, Ahmedabad - IITM",29-11-2025 16:00:00,23.016834,72.625775,NH3,4.0,9.0,5.0,2025-11-29 11:20:52.500124
India,Gujarat,Ahmedabad,"Rakhial, Ahmedabad - IITM",29-11-2025 16:00:00,23.016834,72.625775,CO,4.0,44.0,24.0,2025-11-29 11:20:52.500124
India,Gujarat,Ahmedabad,"Rakhial, Ahmedabad - IITM",29-11-2025 16:00:00,23.016834,72.625775,OZONE,10.0,61.0,37.0,2025-11-29 11:20:52.500124
India,Delhi,Delhi,"Shadipur, Delhi - CPCB",29-11-2025 16:00:00,28.6514781,77.1473105,OZONE,5.0,14.0,10.0,2025-11-29 11:20:52.500124
India,Delhi,Delhi,"Sirifort, Delhi - CPCB",29-11-2025 16:00:00,28.5504249,77.2159377,PM10,127.0,423.0,262.0,2025-11-29 11:20:52.500124
India,Delhi,Delhi,"Sonia Vihar, Delhi - DPCC",29-11-2025 16:00:00,28.710508,77.249485,SO2,6.0,27.0,14.0,2025-11-29 11:20:52.500124
India,Delhi,Delhi,"Sonia Vihar, Delhi - DPCC",29-11-2025 16:00:00,28.710508,77.249485,CO,46.0,172.0,65.0,2025-11-29 11:20:52.500124
India,Gujarat,Ahmedabad,"SAC ISRO Bopal, Ahmedabad - IITM",29-11-2025 16:00:00,23.041137,72.456691,PM2.5,99.0,334.0,220.0,2025-11-29 11:20:52.500124
India,Gujarat,Ahmedabad,"Raikhad, Ahmedabad - IITM",29-11-2025 16:00:00,23.020509,72.579261,OZONE,8.0,78.0,55.0,2025-11-29 11:20:52.500124
India,Gujarat,Ahmedabad,"Gyaspur, Ahmedabad - IITM",29-11-2025 16:00:00,22.977134,72.553024,PM10,,,,2025-11-29 11:20:52.500124
India,Delhi,Delhi,"Vivek Vihar, Delhi - DPCC",29-11-2025 16:00:00,28.672342,77.31526,NH3,11.0,13.0,12.0,2025-11-29 11:20:52.500124
India,Gujarat,Ahmedabad,"SVPI Airport Hansol, Ahmedabad - IITM",29-11-2025 16:00:00,23.076793,72.627874,NO2,14.0,109.0,50.0,2025-11-29 11:20:52.500124
India,Gujarat,Ahmedabad,"SVPI Airport Hansol, Ahmedabad - IITM",29-11-2025 16:00:00,23.076793,72.627874,NH3,6.0,6.0,6.0,2025-11-29 11:20:52.500124
India,Gujarat,Ahmedabad,"SVPI Airport Hansol, Ahmedabad - IITM",29-11-2025 16:00:00,23.076793,72.627874,SO2,7.0,16.0,13.0,2025-11-29 11:20:52.500124
India,Gujarat,Ahmedabad,"SVPI Airport Hansol, Ahmedabad - IITM",29-11-2025 16:00:00,23.076793,72.627874,CO,10.0,57.0,32.0,2025-11-29 11:20:52.500124
India,Gujarat,Ahmedabad,"SVPI Airport Hansol, Ahmedabad - IITM",29-11-2025 16:00:00,23.076793,72.627874,OZONE,2.0,89.0,48.0,2025-11-29 11:20:52.500124
India,Gujarat,Ankleshwar,"GIDC, Ankleshwar - GPCB",29-11-2025 16:00:00,21.613267,73.010555,PM2.5,49.0,142.0,104.0,2025-11-29 11:20:52.500124
India,Gujarat,Ankleshwar,"GIDC, Ankleshwar - GPCB",29-11-2025 16:00:00,21.613267,73.010555,PM10,65.0,146.0,112.0,2025-11-29 11:20:52.500124
India,Haryana,Bhiwani,"H.B. Colony, Bhiwani - HSPCB",29-11-2025 16:00:00,28.806223,76.141105,SO2,12.0,13.0,12.0,2025-11-29 11:20:52.500124
India,Haryana,Charkhi Dadri,"Mini Secretariat, Charkhi Dadri - HSPCB",29-11-2025 16:00:00,28.593883,76.270653,PM2.5,147.0,414.0,304.0,2025-11-29 11:20:52.500124
India,Gujarat,Gandhinagar,"IIPHG Lekawada, Gandhinagar - IITM",29-11-2025 16:00:00,23.243639,72.68994,NH3,2.0,3.0,3.0,2025-11-29 11:20:52.500124
India,Gujarat,Gandhinagar,"IIPHG Lekawada, Gandhinagar - IITM",29-11-2025 16:00:00,23.243639,72.68994,SO2,3.0,7.0,4.0,2025-11-29 11:20:52.500124
India,Gujarat,Gandhinagar,"IIPHG Lekawada, Gandhinagar - IITM",29-11-2025 16:00:00,23.243639,72.68994,CO,4.0,82.0,16.0,2025-11-29 11:20:52.500124
India,Haryana,Bahadurgarh,"Arya Nagar, Bahadurgarh - HSPCB",29-11-2025 16:00:00,28.6701,76.9254,NH3,12.0,13.0,13.0,2025-11-29 11:20:52.500124
India,Haryana,Bahadurgarh,"Arya Nagar, Bahadurgarh - HSPCB",29-11-2025 16:00:00,28.6701,76.9254,CO,44.0,52.0,47.0,2025-11-29 11:20:52.500124
India,Gujarat,Nandesari,"GIDC, Nandesari - Nandesari Ind. Association",29-11-2025 16:00:00,22.410802,73.097923,NO2,16.0,110.0,45.0,2025-11-29 11:20:52.500124
India,Gujarat,Gandhinagar,"Sector-10, Gandhinagar - GPCB",29-11-2025 16:00:00,23.221714,72.654328,CO,22.0,33.0,27.0,2025-11-29 11:20:52.500124
India,Haryana,Ambala,"Patti Mehar, Ambala - HSPCB",29-11-2025 16:00:00,30.379589,76.778328,OZONE,48.0,51.0,50.0,2025-11-29 11:20:52.500124
India,Gujarat,Surat,"Science Center, Surat - SMC",29-11-2025 16:00:00,21.170046,72.795405,NO2,4.0,21.0,13.0,2025-11-29 11:20:52.500124
India,Gujarat,Ankleshwar,"GIDC, Ankleshwar - GPCB",29-11-2025 16:00:00,21.613267,73.010555,CO,38.0,107.0,54.0,2025-11-29 11:20:52.500124
India,Haryana,Gurugram,"Sector-51, Gurugram - HSPCB",29-11-2025 16:00:00,28.4227,77.0667,CO,17.0,22.0,19.0,2025-11-29 11:20:52.500124
India,Haryana,Gurugram,"Teri Gram, Gurugram - HSPCB",29-11-2025 16:00:00,28.4275,77.1465,NH3,,,,2025-11-29 11:20:52.500124
India,Haryana,Gurugram,"Teri Gram, Gurugram - HSPCB",29-11-2025 16:00:00,28.4275,77.1465,CO,26.0,52.0,40.0,2025-11-29 11:20:52.500124
India,Haryana,Gurugram,"Vikas Sadan, Gurugram - HSPCB",29-11-2025 16:00:00,28.4501238,77.0263051,NO2,6.0,46.0,24.0,2025-11-29 11:20:52.500124
India,Haryana,Gurugram,"Vikas Sadan, Gurugram - HSPCB",29-11-2025 16:00:00,28.4501238,77.0263051,SO2,2.0,8.0,5.0,2025-11-29 11:20:52.500124
India,Haryana,Hisar,"Urban Estate-II, Hisar - HSPCB",29-11-2025 16:00:00,29.14056,75.744941,PM2.5,42.0,123.0,75.0,2025-11-29 11:20:52.500124
India,Haryana,Hisar,"Urban Estate-II, Hisar - HSPCB",29-11-2025 16:00:00,29.14056,75.744941,PM10,76.0,179.0,124.0,2025-11-29 11:20:52.500124
India,Haryana,Jind,"Police Lines, Jind - HSPCB",29-11-2025 16:00:00,29.307814,76.337619,PM2.5,119.0,283.0,184.0,2025-11-29 11:20:52.500124
India,Haryana,Fatehabad,"Huda Sector, Fatehabad - HSPCB",29-11-2025 16:00:00,29.503664,75.467934,PM2.5,,,,2025-11-29 11:20:52.500124
India,Haryana,Fatehabad,"Huda Sector, Fatehabad - HSPCB",29-11-2025 16:00:00,29.503664,75.467934,PM10,,,,2025-11-29 11:20:52.500124
India,Haryana,Fatehabad,"Huda Sector, Fatehabad - HSPCB",29-11-2025 16:00:00,29.503664,75.467934,CO,25.0,39.0,26.0,2025-11-29 11:20:52.500124
India,Haryana,Gurugram,"NISE Gwal Pahari, Gurugram - IMD",29-11-2025 16:00:00,28.422681,77.148944,PM10,127.0,371.0,225.0,2025-11-29 11:20:52.500124
India,Haryana,Gurugram,"Sector-51, Gurugram - HSPCB",29-11-2025 16:00:00,28.4227,77.0667,PM10,52.0,243.0,184.0,2025-11-29 11:20:52.500124
India,Haryana,Gurugram,"Sector-51, Gurugram - HSPCB",29-11-2025 16:00:00,28.4227,77.0667,NO2,2.0,15.0,4.0,2025-11-29 11:20:52.500124
India,Haryana,Faridabad,"New Industrial Town, Faridabad - HSPCB",29-11-2025 16:00:00,28.39072,77.30059,PM2.5,222.0,235.0,231.0,2025-11-29 11:20:52.500124
India,Haryana,Faridabad,"Sector 11, Faridabad - HSPCB",29-11-2025 16:00:00,28.376058,77.315741,NH3,10.0,10.0,10.0,2025-11-29 11:20:52.500124
India,Haryana,Faridabad,"Sector 30, Faridabad - HSPCB",29-11-2025 16:00:00,28.4417,77.3217,PM2.5,155.0,196.0,168.0,2025-11-29 11:20:52.500124
India,Haryana,Faridabad,"Sector 30, Faridabad - HSPCB",29-11-2025 16:00:00,28.4417,77.3217,SO2,6.0,6.0,6.0,2025-11-29 11:20:52.500124
India,Haryana,Karnal,"Sector-12, Karnal - HSPCB",29-11-2025 16:00:00,29.6953,77.0027,NO2,6.0,7.0,6.0,2025-11-29 11:20:52.500124
India,Haryana,Kurukshetra,"Sector-7, Kurukshetra - HSPCB",29-11-2025 16:00:00,29.966942,76.875879,PM2.5,75.0,151.0,111.0,2025-11-29 11:20:52.500124
India,Haryana,Kurukshetra,"Sector-7, Kurukshetra - HSPCB",29-11-2025 16:00:00,29.966942,76.875879,NH3,5.0,5.0,5.0,2025-11-29 11:20:52.500124
India,Haryana,Kurukshetra,"Sector-7, Kurukshetra - HSPCB",29-11-2025 16:00:00,29.966942,76.875879,SO2,3.0,15.0,10.0,2025-11-29 11:20:52.500124
India,Haryana,Mandikhera,"General Hospital, Mandikhera(Nuh) - HSPCB",29-11-2025 16:00:00,27.9002,76.9938,PM2.5,88.0,159.0,118.0,2025-11-29 11:20:52.500124
India,Haryana,Kaithal,"Rishi Nagar, Kaithal - HSPCB",29-11-2025 16:00:00,29.8006,76.4155,CO,16.0,71.0,24.0,2025-11-29 11:20:52.500124
India,Haryana,Karnal,"Sector-12, Karnal - HSPCB",29-11-2025 16:00:00,29.6953,77.0027,PM2.5,80.0,207.0,133.0,2025-11-29 11:20:52.500124
India,Haryana,Charkhi Dadri,"Mini Secretariat, Charkhi Dadri - HSPCB",29-11-2025 16:00:00,28.593883,76.270653,PM10,107.0,376.0,197.0,2025-11-29 11:20:52.500124
India,Haryana,Charkhi Dadri,"Mini Secretariat, Charkhi Dadri - HSPCB",29-11-2025 16:00:00,28.593883,76.270653,OZONE,13.0,18.0,16.0,2025-11-29 11:20:52.500124
India,Haryana,Mandikhera,"General Hospital, Mandikhera(Nuh) - HSPCB",29-11-2025 16:00:00,27.9002,76.9938,PM10,99.0,130.0,114.0,2025-11-29 11:20:52.500124
India,Haryana,Jind,"Police Lines, Jind - HSPCB",29-11-2025 16:00:00,29.307814,76.337619,NH3,1.0,3.0,2.0,2025-11-29 11:20:52.500124
India,Haryana,Manesar,"Sector-2 IMT, Manesar - HSPCB",29-11-2025 16:00:00,28.360699,76.93609,PM10,114.0,226.0,161.0,2025-11-29 11:20:52.500124
India,Haryana,Manesar,"Sector-2 IMT, Manesar - HSPCB",29-11-2025 16:00:00,28.360699,76.93609,NO2,53.0,69.0,59.0,2025-11-29 11:20:52.500124
India,Haryana,Narnaul,"Shastri Nagar, Narnaul - HSPCB",29-11-2025 16:00:00,28.060249,76.113115,PM2.5,6.0,290.0,176.0,2025-11-29 11:20:52.500124
India,Haryana,Narnaul,"Shastri Nagar, Narnaul - HSPCB",29-11-2025 16:00:00,28.060249,76.113115,NO2,57.0,110.0,84.0,2025-11-29 11:20:52.500124
India,Haryana,Narnaul,"Shastri Nagar, Narnaul - HSPCB",29-11-2025 16:00:00,28.060249,76.113115,NH3,11.0,23.0,17.0,2025-11-29 11:20:52.500124
India,Haryana,Palwal,"Shyam Nagar, Palwal - HSPCB",29-11-2025 16:00:00,28.1485564,77.3320667,PM10,50.0,106.0,63.0,2025-11-29 11:20:52.500124
India,Haryana,Panchgaon,"Amity University, Panchgaon - IITM",29-11-2025 16:00:00,28.3153,76.9143,NH3,4.0,9.0,7.0,2025-11-29 11:20:52.500124
India,Andhra_Pradesh,Vijayawada,"Rajiv Gandhi Park, Vijayawada - APPCB",29-11-2025 16:00:00,16.509717,80.612222,CO,36.0,37.0,37.0,2025-11-29 11:20:52.500124
India,Andhra_Pradesh,Vijayawada,"Rajiv Nagar, Vijayawada - APPCB",29-11-2025 16:00:00,16.554731,80.64911,PM10,44.0,165.0,51.0,2025-11-29 11:20:52.500124
India,Andhra_Pradesh,Vijayawada,"Rajiv Nagar, Vijayawada - APPCB",29-11-2025 16:00:00,16.554731,80.64911,NO2,8.0,9.0,9.0,2025-11-29 11:20:52.500124
India,Andhra_Pradesh,Visakhapatnam,"GVM Corporation, Visakhapatnam - APPCB",29-11-2025 16:00:00,17.72,83.3,NO2,12.0,48.0,27.0,2025-11-29 11:20:52.500124
India,Andhra_Pradesh,Visakhapatnam,"GVM Corporation, Visakhapatnam - APPCB",29-11-2025 16:00:00,17.72,83.3,SO2,6.0,17.0,10.0,2025-11-29 11:20:52.500124
India,Andhra_Pradesh,Visakhapatnam,"GVM Corporation, Visakhapatnam - APPCB",29-11-2025 16:00:00,17.72,83.3,OZONE,6.0,70.0,28.0,2025-11-29 11:20:52.500124
India,Assam,Byrnihat,"Central Academy for SFS, Byrnihat - PCBA",29-11-2025 16:00:00,26.071318,91.87488,SO2,5.0,7.0,6.0,2025-11-29 11:20:52.500124
India,Andhra_Pradesh,Tirupati,"Vaikuntapuram, Tirupati - APPCB",29-11-2025 16:00:00,13.615387,79.40923,SO2,,,,2025-11-29 11:20:52.500124
India,Andhra_Pradesh,Tirupati,"Vaikuntapuram, Tirupati - APPCB",29-11-2025 16:00:00,13.615387,79.40923,OZONE,16.0,17.0,17.0,2025-11-29 11:20:52.500124
India,Andhra_Pradesh,Vijayawada,"HB Colony, Vijayawada - APPCB",29-11-2025 16:00:00,16.536107,80.594233,PM10,47.0,69.0,59.0,2025-11-29 11:20:52.500124
India,Andhra_Pradesh,Vijayawada,"HB Colony, Vijayawada - APPCB",29-11-2025 16:00:00,16.536107,80.594233,SO2,23.0,23.0,23.0,2025-11-29 11:20:52.500124
India,Andhra_Pradesh,Vijayawada,"HB Colony, Vijayawada - APPCB",29-11-2025 16:00:00,16.536107,80.594233,OZONE,36.0,50.0,46.0,2025-11-29 11:20:52.500124
India,Andhra_Pradesh,Vijayawada,"Rajiv Gandhi Park, Vijayawada - APPCB",29-11-2025 16:00:00,16.509717,80.612222,PM2.5,47.0,63.0,53.0,2025-11-29 11:20:52.500124
India,Assam,Byrnihat,"Central Academy for SFS, Byrnihat - PCBA",29-11-2025 16:00:00,26.071318,91.87488,CO,35.0,64.0,50.0,2025-11-29 11:20:52.500124
India,Assam,Guwahati,"LGBI Airport, Guwahati - PCBA",29-11-2025 16:00:00,26.10887,91.589544,NO2,11.0,27.0,15.0,2025-11-29 11:20:52.500124
India,Assam,Guwahati,"Pan Bazaar, Guwahati - PCBA",29-11-2025 16:00:00,26.1875,91.744194,PM2.5,25.0,183.0,84.0,2025-11-29 11:20:52.500124
India,Assam,Guwahati,"Railway Colony, Guwahati - PCBA",29-11-2025 16:00:00,26.181742,91.78063,PM2.5,2.0,318.0,131.0,2025-11-29 11:20:52.500124
India,Assam,Nalbari,"Bata Chowk, Nalbari - PCBA",29-11-2025 16:00:00,26.446912,91.439057,PM2.5,,,,2025-11-29 11:20:52.500124
India,Assam,Nalbari,"Bata Chowk, Nalbari - PCBA",29-11-2025 16:00:00,26.446912,91.439057,NO2,14.0,15.0,14.0,2025-11-29 11:20:52.500124
India,Assam,Nalbari,"Bata Chowk, Nalbari - PCBA",29-11-2025 16:00:00,26.446912,91.439057,SO2,7.0,8.0,8.0,2025-11-29 11:20:52.500124
India,Assam,Silchar,"Tarapur, Silchar - PCBA",29-11-2025 16:00:00,24.82827,92.79525,NO2,17.0,20.0,19.0,2025-11-29 11:20:52.500124
India,Bihar,Araria,"Kharahiya Basti, Araria - BSPCB",29-11-2025 16:00:00,26.146529,87.454184,PM10,31.0,135.0,91.0,2025-11-29 11:20:52.500124
India,Bihar,Araria,"Kharahiya Basti, Araria - BSPCB",29-11-2025 16:00:00,26.146529,87.454184,CO,36.0,42.0,40.0,2025-11-29 11:20:52.500124
India,Andhra_Pradesh,Rajamahendravaram,"Anand Kala Kshetram, Rajamahendravaram - APPCB",29-11-2025 16:00:00,16.9872867,81.7363176,PM2.5,27.0,253.0,89.0,2025-11-29 11:20:52.500124
India,Andaman and Nicobar,Sri Vijaya Puram,"Police Line, Sri Vijaya Puram - ANPCC",29-11-2025 16:00:00,11.654054,92.734055,OZONE,2.0,9.0,6.0,2025-11-29 11:20:52.500124
India,Andhra_Pradesh,Chittoor,"Gangineni Cheruvu, Chittoor - APPCB",29-11-2025 16:00:00,13.20488,79.097889,CO,12.0,38.0,26.0,2025-11-29 11:20:52.500124
India,Andhra_Pradesh,Amaravati,"Secretariat, Amaravati - APPCB",29-11-2025 16:00:00,16.5150833,80.5181667,SO2,2.0,9.0,6.0,2025-11-29 11:20:52.500124
India,Assam,Nagaon,"Christianpatty, Nagaon - PCBA",29-11-2025 16:00:00,26.349082,92.68449,PM10,57.0,58.0,57.0,2025-11-29 11:20:52.500124
India,Bihar,Bhagalpur,"Mayaganj, Bhagalpur - BSPCB",29-11-2025 16:00:00,25.265194,87.012947,CO,41.0,110.0,80.0,2025-11-29 11:20:52.500124
India,Bihar,Bihar Sharif,"D M Colony, Bihar Sharif - BSPCB",29-11-2025 16:00:00,25.204762,85.51496,PM2.5,27.0,110.0,65.0,2025-11-29 11:20:52.500124
India,Bihar,Bihar Sharif,"D M Colony, Bihar Sharif - BSPCB",29-11-2025 16:00:00,25.204762,85.51496,NO2,9.0,10.0,9.0,2025-11-29 11:20:52.500124
India,Bihar,Buxar,"Charitra Van, Buxar - BSPCB",29-11-2025 16:00:00,25.56752,83.966379,NO2,9.0,10.0,9.0,2025-11-29 11:20:52.500124
India,Bihar,Buxar,"Charitra Van, Buxar - BSPCB",29-11-2025 16:00:00,25.56752,83.966379,CO,20.0,28.0,24.0,2025-11-29 11:20:52.500124
India,Bihar,Chhapra,"Darshan Nagar, Chhapra - BSPCB",29-11-2025 16:00:00,25.7808257,84.7446768,NO2,2.0,3.0,2.0,2025-11-29 11:20:52.500124
India,Bihar,Chhapra,"Darshan Nagar, Chhapra - BSPCB",29-11-2025 16:00:00,25.7808257,84.7446768,SO2,20.0,22.0,20.0,2025-11-29 11:20:52.500124
India,Bihar,Begusarai,"Lohiyanagar, Begusarai - BSPCB",29-11-2025 16:00:00,25.42742023,86.13886079,OZONE,7.0,29.0,13.0,2025-11-29 11:20:52.500124
India,Bihar,Bettiah,"Kamalnath Nagar, Bettiah - BSPCB",29-11-2025 16:00:00,26.80365,84.51954,PM10,40.0,162.0,97.0,2025-11-29 11:20:52.500124
India,Bihar,Bhagalpur,"DM Office_Kachari Chowk, Bhagalpur - BSPCB",29-11-2025 16:00:00,25.251013,86.989001,OZONE,11.0,25.0,14.0,2025-11-29 11:20:52.500124
India,Bihar,Bhagalpur,"Mayaganj, Bhagalpur - BSPCB",29-11-2025 16:00:00,25.265194,87.012947,PM10,38.0,103.0,78.0,2025-11-29 11:20:52.500124
India,Bihar,Aurangabad,"Gurdeo Nagar, Aurangabad - BSPCB",29-11-2025 16:00:00,24.75746,84.366208,PM2.5,,,,2025-11-29 11:20:52.500124
India,Bihar,Aurangabad,"Gurdeo Nagar, Aurangabad - BSPCB",29-11-2025 16:00:00,24.75746,84.366208,PM10,80.0,120.0,100.0,2025-11-29 11:20:52.500124
India,Bihar,Hajipur,"Industrial Area, Hajipur - BSPCB",29-11-2025 16:00:00,25.697189,85.2459,CO,14.0,145.0,59.0,2025-11-29 11:20:52.500124
India,Bihar,Hajipur,"Industrial Area, Hajipur - BSPCB",29-11-2025 16:00:00,25.697189,85.2459,SO2,3.0,5.0,4.0,2025-11-29 11:20:52.500124
India,Bihar,Katihar,"Mirchaibari, Katihar - BSPCB",29-11-2025 16:00:00,25.560083,87.553265,NO2,13.0,20.0,16.0,2025-11-29 11:20:52.500124
India,Bihar,Gaya,"Kareemganj, Gaya - BSPCB",29-11-2025 16:00:00,24.792403,84.992416,NH3,4.0,6.0,5.0,2025-11-29 11:20:52.500124
India,Bihar,Gaya,"Collectorate, Gaya - BSPCB",29-11-2025 16:00:00,24.7955,84.9994,PM2.5,,,,2025-11-29 11:20:52.500124
India,Bihar,Patna,"DRM Office Danapur, Patna - BSPCB",29-11-2025 16:00:00,25.586562,85.043586,OZONE,7.0,47.0,35.0,2025-11-29 11:20:52.500124
India,Bihar,Patna,"Govt. High School Shikarpur, Patna - BSPCB",29-11-2025 16:00:00,25.592539,85.227158,PM2.5,59.0,69.0,65.0,2025-11-29 11:20:52.500124
India,Bihar,Patna,"IGSC Planetarium Complex, Patna - BSPCB",29-11-2025 16:00:00,25.610369,85.132568,CO,30.0,67.0,47.0,2025-11-29 11:20:52.500124
India,Bihar,Patna,"Muradpur, Patna - BSPCB",29-11-2025 16:00:00,25.619651,85.147382,PM2.5,57.0,195.0,136.0,2025-11-29 11:20:52.500124
India,Bihar,Patna,"Muradpur, Patna - BSPCB",29-11-2025 16:00:00,25.619651,85.147382,PM10,80.0,123.0,110.0,2025-11-29 11:20:52.500124
India,Bihar,Muzaffarpur,"MIT-Daudpur Kothi, Muzaffarpur - BSPCB",29-11-2025 16:00:00,26.1403345,85.3650192,PM10,62.0,73.0,67.0,2025-11-29 11:20:52.500124
India,Bihar,Muzaffarpur,"MIT-Daudpur Kothi, Muzaffarpur - BSPCB",29-11-2025 16:00:00,26.1403345,85.3650192,NO2,,,,2025-11-29 11:20:52.500124
India,Bihar,Muzaffarpur,"MIT-Daudpur Kothi, Muzaffarpur - BSPCB",29-11-2025 16:00:00,26.1403345,85.3650192,OZONE,21.0,59.0,36.0,2025-11-29 11:20:52.500124
India,Bihar,Muzaffarpur,"Muzaffarpur Collectorate, Muzaffarpur - BSPCB",29-11-2025 16:00:00,26.1209,85.3647,PM2.5,77.0,97.0,85.0,2025-11-29 11:20:52.500124
India,Bihar,Purnia,"Mariam Nagar, Purnia - BSPCB",29-11-2025 16:00:00,25.366336,87.117468,PM2.5,22.0,98.0,68.0,2025-11-29 11:20:52.500124
India,Bihar,Purnia,"Mariam Nagar, Purnia - BSPCB",29-11-2025 16:00:00,25.366336,87.117468,NO2,5.0,6.0,6.0,2025-11-29 11:20:52.500124
India,Bihar,Purnia,"Mariam Nagar, Purnia - BSPCB",29-11-2025 16:00:00,25.366336,87.117468,NH3,3.0,3.0,3.0,2025-11-29 11:20:52.500124
India,Bihar,Purnia,"Mariam Nagar, Purnia - BSPCB",29-11-2025 16:00:00,25.366336,87.117468,SO2,16.0,36.0,19.0,2025-11-29 11:20:52.500124
India,Bihar,Munger,"Town Hall, Munger - BSPCB",29-11-2025 16:00:00,25.376776,86.471523,NO2,4.0,5.0,5.0,2025-11-29 11:20:52.500124
India,Bihar,Munger,"Town Hall, Munger - BSPCB",29-11-2025 16:00:00,25.376776,86.471523,NH3,4.0,8.0,6.0,2025-11-29 11:20:52.500124
India,Bihar,Munger,"Town Hall, Munger - BSPCB",29-11-2025 16:00:00,25.376776,86.471523,CO,18.0,49.0,29.0,2025-11-29 11:20:52.500124
India,Bihar,Kishanganj,"SDM Office_Khagra, Kishanganj - BSPCB",29-11-2025 16:00:00,26.0881305,87.93840336,PM10,40.0,173.0,102.0,2025-11-29 11:20:52.500124
India,Bihar,Kishanganj,"SDM Office_Khagra, Kishanganj - BSPCB",29-11-2025 16:00:00,26.0881305,87.93840336,NO2,9.0,14.0,11.0,2025-11-29 11:20:52.500124
India,Bihar,Manguraha,"Forest Rest House, Manguraha - BSPCB",29-11-2025 16:00:00,27.308328,84.531742,PM10,29.0,157.0,61.0,2025-11-29 11:20:52.500124
India,Bihar,Patna,"DRM Office Danapur, Patna - BSPCB",29-11-2025 16:00:00,25.586562,85.043586,NH3,5.0,13.0,8.0,2025-11-29 11:20:52.500124
India,Bihar,Patna,"Rajbansi Nagar, Patna - BSPCB",29-11-2025 16:00:00,25.599486,85.113666,NH3,2.0,10.0,8.0,2025-11-29 11:20:52.500124
India,Bihar,Motihari,"Gandak Colony, Motihari - BSPCB",29-11-2025 16:00:00,26.63086,84.90051,NH3,3.0,3.0,3.0,2025-11-29 11:20:52.500124
India,Chandigarh,Chandigarh,"Sector-25, Chandigarh - CPCC",29-11-2025 16:00:00,30.751462,76.762879,SO2,5.0,17.0,10.0,2025-11-29 11:20:52.500124
India,Chhattisgarh,Bhilai,"32Bungalows, Bhilai - CECB",29-11-2025 16:00:00,21.194815,81.31477,CO,24.0,85.0,28.0,2025-11-29 11:20:52.500124
India,Chhattisgarh,Bhilai,"Civic Center, Bhilai - Bhilai Steel Plant",29-11-2025 16:00:00,21.185571,81.343175,NO2,18.0,20.0,20.0,2025-11-29 11:20:52.500124
India,Chhattisgarh,Bhilai,"Civic Center, Bhilai - Bhilai Steel Plant",29-11-2025 16:00:00,21.185571,81.343175,NH3,4.0,4.0,4.0,2025-11-29 11:20:52.500124
India,Chhattisgarh,Bilaspur,"Mangala, Bilaspur - NTPC",29-11-2025 16:00:00,22.08815,82.13737,PM2.5,40.0,125.0,69.0,2025-11-29 11:20:52.500124
India,Chhattisgarh,Bilaspur,"Mangala, Bilaspur - NTPC",29-11-2025 16:00:00,22.08815,82.13737,PM10,51.0,122.0,82.0,2025-11-29 11:20:52.500124
India,Chhattisgarh,Chhal,"Nawapara SECL Colony, Chhal - CECB",29-11-2025 16:00:00,22.118125,83.140608,NO2,8.0,30.0,14.0,2025-11-29 11:20:52.500124
India,Chhattisgarh,Chhal,"Nawapara SECL Colony, Chhal - CECB",29-11-2025 16:00:00,22.118125,83.140608,NH3,5.0,5.0,5.0,2025-11-29 11:20:52.500124
India,Chhattisgarh,Chhal,"Nawapara SECL Colony, Chhal - CECB",29-11-2025 16:00:00,22.118125,83.140608,CO,24.0,86.0,30.0,2025-11-29 11:20:52.500124
India,Chhattisgarh,Korba,"Rampur, Korba - CECB",29-11-2025 16:00:00,22.368195,82.746431,NH3,2.0,2.0,2.0,2025-11-29 11:20:52.500124
India,Chhattisgarh,Korba,"Urja Nagar, Korba - CECB",29-11-2025 16:00:00,22.348441,82.549611,NO2,41.0,57.0,48.0,2025-11-29 11:20:52.500124
India,Chhattisgarh,Korba,"Urja Nagar, Korba - CECB",29-11-2025 16:00:00,22.348441,82.549611,SO2,1.0,9.0,5.0,2025-11-29 11:20:52.500124
India,Bihar,Siwan,"Chitragupta Nagar, Siwan - BSPCB",29-11-2025 16:00:00,26.2271665,84.3570427,CO,30.0,36.0,34.0,2025-11-29 11:20:52.500124
India,Bihar,Siwan,"Chitragupta Nagar, Siwan - BSPCB",29-11-2025 16:00:00,26.2271665,84.3570427,OZONE,6.0,7.0,7.0,2025-11-29 11:20:52.500124
India,Chandigarh,Chandigarh,"Sector-25, Chandigarh - CPCC",29-11-2025 16:00:00,30.751462,76.762879,PM10,59.0,112.0,84.0,2025-11-29 11:20:52.500124
India,Bihar,Samastipur,"DM Office_Kasipur, Samastipur - BSPCB",29-11-2025 16:00:00,25.859655,85.77944,OZONE,7.0,9.0,8.0,2025-11-29 11:20:52.500124
India,Bihar,Sasaram,"Dada Peer, Sasaram - BSPCB",29-11-2025 16:00:00,24.952822,84.002396,PM10,115.0,302.0,175.0,2025-11-29 11:20:52.500124
India,Bihar,Sasaram,"Dada Peer, Sasaram - BSPCB",29-11-2025 16:00:00,24.952822,84.002396,NO2,2.0,3.0,2.0,2025-11-29 11:20:52.500124
India,Chhattisgarh,Kunjemura,"OP Jindal School, Kunjemura - CECB",29-11-2025 16:00:00,22.12665,83.483212,NH3,2.0,2.0,2.0,2025-11-29 11:20:52.500124
India,Bihar,Siwan,"Chitragupta Nagar, Siwan - BSPCB",29-11-2025 16:00:00,26.2271665,84.3570427,PM10,35.0,97.0,60.0,2025-11-29 11:20:52.500124
India,Chhattisgarh,Raipur,"AIIMS, Raipur - CECB",29-11-2025 16:00:00,21.258815,81.578979,CO,27.0,70.0,42.0,2025-11-29 11:20:52.500124
India,Bihar,Sasaram,"Dada Peer, Sasaram - BSPCB",29-11-2025 16:00:00,24.952822,84.002396,NH3,2.0,4.0,3.0,2025-11-29 11:20:52.500124
India,Bihar,Rajgir,"Dangi Tola, Rajgir - BSPCB",29-11-2025 16:00:00,25.0328,85.41948,NO2,9.0,10.0,9.0,2025-11-29 11:20:52.500124
India,Delhi,Delhi,"Ashok Vihar, Delhi - DPCC",29-11-2025 16:00:00,28.695381,77.181665,CO,14.0,130.0,36.0,2025-11-29 11:20:52.500124
India,Delhi,Delhi,"Aya Nagar, Delhi - IMD",29-11-2025 16:00:00,28.4706914,77.1099364,PM10,140.0,356.0,253.0,2025-11-29 11:20:52.500124
India,Delhi,Delhi,"Aya Nagar, Delhi - IMD",29-11-2025 16:00:00,28.4706914,77.1099364,NO2,8.0,72.0,36.0,2025-11-29 11:20:52.500124
India,Delhi,Delhi,"Aya Nagar, Delhi - IMD",29-11-2025 16:00:00,28.4706914,77.1099364,OZONE,8.0,120.0,67.0,2025-11-29 11:20:52.500124
India,Delhi,Delhi,"Bawana, Delhi - DPCC",29-11-2025 16:00:00,28.7762,77.051074,OZONE,3.0,103.0,58.0,2025-11-29 11:20:52.500124
India,Delhi,Delhi,"CRRI Mathura Road, Delhi - IMD",29-11-2025 16:00:00,28.5512005,77.2735737,NO2,29.0,54.0,41.0,2025-11-29 11:20:52.500124
India,Delhi,Delhi,"CRRI Mathura Road, Delhi - IMD",29-11-2025 16:00:00,28.5512005,77.2735737,OZONE,10.0,116.0,52.0,2025-11-29 11:20:52.500124
India,Chhattisgarh,Raipur,"Krishak Nagar, Raipur - CECB",29-11-2025 16:00:00,21.237755,81.705301,PM2.5,44.0,89.0,65.0,2025-11-29 11:20:52.500124
India,Chhattisgarh,Raipur,"Krishak Nagar, Raipur - CECB",29-11-2025 16:00:00,21.237755,81.705301,PM10,47.0,114.0,81.0,2025-11-29 11:20:52.500124
India,Chhattisgarh,Raipur,"Krishak Nagar, Raipur - CECB",29-11-2025 16:00:00,21.237755,81.705301,NH3,2.0,2.0,2.0,2025-11-29 11:20:52.500124
India,Delhi,Delhi,"Anand Vihar, Delhi - DPCC",29-11-2025 16:00:00,28.647622,77.315809,PM2.5,127.0,460.0,326.0,2025-11-29 11:20:52.500124
India,Delhi,Delhi,"Anand Vihar, Delhi - DPCC",29-11-2025 16:00:00,28.647622,77.315809,NO2,69.0,165.0,117.0,2025-11-29 11:20:52.500124
India,Delhi,Delhi,"Anand Vihar, Delhi - DPCC",29-11-2025 16:00:00,28.647622,77.315809,NH3,12.0,20.0,16.0,2025-11-29 11:20:52.500124
India,Delhi,Delhi,"Dr. Karni Singh Shooting Range, Delhi - DPCC",29-11-2025 16:00:00,28.498571,77.26484,NH3,8.0,12.0,10.0,2025-11-29 11:20:52.500124
India,Delhi,Delhi,"Dr. Karni Singh Shooting Range, Delhi - DPCC",29-11-2025 16:00:00,28.498571,77.26484,SO2,9.0,20.0,12.0,2025-11-29 11:20:52.500124
India,Delhi,Delhi,"Dr. Karni Singh Shooting Range, Delhi - DPCC",29-11-2025 16:00:00,28.498571,77.26484,OZONE,7.0,57.0,31.0,2025-11-29 11:20:52.500124
India,Delhi,Delhi,"Alipur, Delhi - DPCC",29-11-2025 16:00:00,28.815329,77.15301,SO2,5.0,24.0,10.0,2025-11-29 11:20:52.500124
India,Delhi,Delhi,"Alipur, Delhi - DPCC",29-11-2025 16:00:00,28.815329,77.15301,CO,94.0,127.0,102.0,2025-11-29 11:20:52.500124
India,Chhattisgarh,Tumidih,"OP Jindal Industrial Park, Tumidih - CECB",29-11-2025 16:00:00,22.06631475,83.33820077,PM2.5,1.0,190.0,71.0,2025-11-29 11:20:52.500124
India,Chhattisgarh,Tumidih,"OP Jindal Industrial Park, Tumidih - CECB",29-11-2025 16:00:00,22.06631475,83.33820077,SO2,5.0,19.0,8.0,2025-11-29 11:20:52.500124
India,Delhi,Delhi,"Anand Vihar, Delhi - DPCC",29-11-2025 16:00:00,28.647622,77.315809,CO,60.0,172.0,75.0,2025-11-29 11:20:52.500124
India,Delhi,Delhi,"Lodhi Road, Delhi - IMD",29-11-2025 16:00:00,28.5918245,77.2273074,CO,11.0,68.0,22.0,2025-11-29 11:20:52.500124
India,Delhi,Delhi,"Major Dhyan Chand National Stadium, Delhi - DPCC",29-11-2025 16:00:00,28.611281,77.237738,PM10,145.0,396.0,253.0,2025-11-29 11:20:52.500124
India,Delhi,Delhi,"Major Dhyan Chand National Stadium, Delhi - DPCC",29-11-2025 16:00:00,28.611281,77.237738,NO2,46.0,235.0,114.0,2025-11-29 11:20:52.500124
India,Delhi,Delhi,"Major Dhyan Chand National Stadium, Delhi - DPCC",29-11-2025 16:00:00,28.611281,77.237738,NH3,9.0,28.0,13.0,2025-11-29 11:20:52.500124
India,Delhi,Delhi,"Major Dhyan Chand National Stadium, Delhi - DPCC",29-11-2025 16:00:00,28.611281,77.237738,SO2,9.0,30.0,21.0,2025-11-29 11:20:52.500124
India,Delhi,Delhi,"Mandir Marg, Delhi - DPCC",29-11-2025 16:00:00,28.636429,77.201067,PM10,113.0,350.0,200.0,2025-11-29 11:20:52.500124
India,Delhi,Delhi,"Mandir Marg, Delhi - DPCC",29-11-2025 16:00:00,28.636429,77.201067,NH3,7.0,10.0,9.0,2025-11-29 11:20:52.500124
India,Delhi,Delhi,"Mandir Marg, Delhi - DPCC",29-11-2025 16:00:00,28.636429,77.201067,CO,60.0,126.0,72.0,2025-11-29 11:20:52.500124
India,Delhi,Delhi,"Mundka, Delhi - DPCC",29-11-2025 16:00:00,28.684678,77.076574,PM2.5,80.0,474.0,315.0,2025-11-29 11:20:52.500124
India,Delhi,Delhi,"Mundka, Delhi - DPCC",29-11-2025 16:00:00,28.684678,77.076574,NO2,83.0,170.0,121.0,2025-11-29 11:20:52.500124
India,Delhi,Delhi,"Mundka, Delhi - DPCC",29-11-2025 16:00:00,28.684678,77.076574,SO2,1.0,48.0,18.0,2025-11-29 11:20:52.500124
India,Delhi,Delhi,"Mundka, Delhi - DPCC",29-11-2025 16:00:00,28.684678,77.076574,OZONE,1.0,60.0,34.0,2025-11-29 11:20:52.500124
India,Delhi,Delhi,"NSIT Dwarka, Delhi - CPCB",29-11-2025 16:00:00,28.60909,77.0325413,PM10,153.0,279.0,195.0,2025-11-29 11:20:52.500124
India,Delhi,Delhi,"NSIT Dwarka, Delhi - CPCB",29-11-2025 16:00:00,28.60909,77.0325413,NO2,54.0,114.0,76.0,2025-11-29 11:20:52.500124
India,Delhi,Delhi,"IGI Airport (T3), Delhi - IMD",29-11-2025 16:00:00,28.5627763,77.1180053,CO,4.0,84.0,27.0,2025-11-29 11:20:52.500124
India,Delhi,Delhi,"IHBAS, Dilshad Garden, Delhi - CPCB",29-11-2025 16:00:00,28.6811736,77.3025234,NH3,4.0,7.0,6.0,2025-11-29 11:20:52.500124
India,Delhi,Delhi,"IHBAS, Dilshad Garden, Delhi - CPCB",29-11-2025 16:00:00,28.6811736,77.3025234,CO,32.0,101.0,66.0,2025-11-29 11:20:52.500124
India,Delhi,Delhi,"IHBAS, Dilshad Garden, Delhi - CPCB",29-11-2025 16:00:00,28.6811736,77.3025234,OZONE,20.0,24.0,22.0,2025-11-29 11:20:52.500124
India,Delhi,Delhi,"Narela, Delhi - DPCC",29-11-2025 16:00:00,28.822836,77.101981,SO2,8.0,26.0,15.0,2025-11-29 11:20:52.500124
India,Delhi,Delhi,"Narela, Delhi - DPCC",29-11-2025 16:00:00,28.822836,77.101981,OZONE,6.0,116.0,66.0,2025-11-29 11:20:52.500124
India,Delhi,Delhi,"North Campus, DU, Delhi - IMD",29-11-2025 16:00:00,28.6573814,77.1585447,NO2,19.0,187.0,99.0,2025-11-29 11:20:52.500124
India,Delhi,Delhi,"Nehru Nagar, Delhi - DPCC",29-11-2025 16:00:00,28.56789,77.250515,OZONE,2.0,153.0,78.0,2025-11-29 11:20:52.500124
India,Delhi,Delhi,"Nehru Nagar, Delhi - DPCC",29-11-2025 16:00:00,28.56789,77.250515,NO2,42.0,128.0,79.0,2025-11-29 11:20:52.500124
India,Delhi,Delhi,"Narela, Delhi - DPCC",29-11-2025 16:00:00,28.822836,77.101981,PM2.5,108.0,500.0,361.0,2025-11-29 11:20:52.500124
India,Delhi,Delhi,"ITO, Delhi - CPCB",29-11-2025 16:00:00,28.628624,77.24106,CO,19.0,130.0,39.0,2025-11-29 11:20:52.500124
India,Delhi,Delhi,"Vivek Vihar, Delhi - DPCC",29-11-2025 16:00:00,28.672342,77.31526,OZONE,4.0,127.0,67.0,2025-11-29 11:20:52.500124
India,Delhi,Delhi,"Wazirpur, Delhi - DPCC",29-11-2025 16:00:00,28.699793,77.165453,PM10,153.0,500.0,287.0,2025-11-29 11:20:52.500124
India,Delhi,Delhi,"Wazirpur, Delhi - DPCC",29-11-2025 16:00:00,28.699793,77.165453,NO2,43.0,116.0,79.0,2025-11-29 11:20:52.500124
India,Delhi,Delhi,"Wazirpur, Delhi - DPCC",29-11-2025 16:00:00,28.699793,77.165453,OZONE,4.0,101.0,53.0,2025-11-29 11:20:52.500124
India,Gujarat,Ahmedabad,"Gyaspur, Ahmedabad - IITM",29-11-2025 16:00:00,22.977134,72.553024,PM2.5,,,,2025-11-29 11:20:52.500124
India,Delhi,Delhi,"Sirifort, Delhi - CPCB",29-11-2025 16:00:00,28.5504249,77.2159377,PM2.5,128.0,377.0,324.0,2025-11-29 11:20:52.500124
India,Delhi,Delhi,"Sirifort, Delhi - CPCB",29-11-2025 16:00:00,28.5504249,77.2159377,NH3,8.0,10.0,9.0,2025-11-29 11:20:52.500124
India,Delhi,Delhi,"Sirifort, Delhi - CPCB",29-11-2025 16:00:00,28.5504249,77.2159377,OZONE,8.0,18.0,14.0,2025-11-29 11:20:52.500124
India,Delhi,Delhi,"Pusa, Delhi - DPCC",29-11-2025 16:00:00,28.639652,77.146275,CO,53.0,107.0,62.0,2025-11-29 11:20:52.500124
India,Delhi,Delhi,"Pusa, Delhi - IMD",29-11-2025 16:00:00,28.63611,77.173332,PM2.5,96.0,392.0,292.0,2025-11-29 11:20:52.500124
India,Delhi,Delhi,"Sri Aurobindo Marg, Delhi - DPCC",29-11-2025 16:00:00,28.531346,77.190156,NO2,20.0,79.0,50.0,2025-11-29 11:20:52.500124
India,Delhi,Delhi,"Sri Aurobindo Marg, Delhi - DPCC",29-11-2025 16:00:00,28.531346,77.190156,SO2,1.0,14.0,8.0,2025-11-29 11:20:52.500124
India,Delhi,Delhi,"Shadipur, Delhi - CPCB",29-11-2025 16:00:00,28.6514781,77.1473105,NO2,48.0,153.0,83.0,2025-11-29 11:20:52.500124
India,Delhi,Delhi,"Shadipur, Delhi - CPCB",29-11-2025 16:00:00,28.6514781,77.1473105,NH3,9.0,19.0,12.0,2025-11-29 11:20:52.500124
India,Delhi,Delhi,"Okhla Phase-2, Delhi - DPCC",29-11-2025 16:00:00,28.530785,77.271255,CO,32.0,126.0,57.0,2025-11-29 11:20:52.500124
India,Delhi,Delhi,"Rohini, Delhi - DPCC",29-11-2025 16:00:00,28.732528,77.11992,NO2,19.0,108.0,62.0,2025-11-29 11:20:52.500124
India,Delhi,Delhi,"Pusa, Delhi - IMD",29-11-2025 16:00:00,28.63611,77.173332,OZONE,1.0,101.0,50.0,2025-11-29 11:20:52.500124
India,Gujarat,Surat,"Science Center, Surat - SMC",29-11-2025 16:00:00,21.170046,72.795405,PM10,41.0,203.0,119.0,2025-11-29 11:20:52.500124
India,Gujarat,Surat,"Science Center, Surat - SMC",29-11-2025 16:00:00,21.170046,72.795405,CO,35.0,45.0,37.0,2025-11-29 11:20:52.500124
India,Gujarat,Vapi,"Phase-1 GIDC, Vapi - GPCB",29-11-2025 16:00:00,20.362421,72.918013,PM2.5,27.0,256.0,104.0,2025-11-29 11:20:52.500124
India,Gujarat,Vapi,"Phase-1 GIDC, Vapi - GPCB",29-11-2025 16:00:00,20.362421,72.918013,PM10,33.0,136.0,89.0,2025-11-29 11:20:52.500124
India,Gujarat,Vapi,"Phase-1 GIDC, Vapi - GPCB",29-11-2025 16:00:00,20.362421,72.918013,OZONE,5.0,25.0,16.0,2025-11-29 11:20:52.500124
India,Gujarat,Gandhinagar,"IIPHG Lekawada, Gandhinagar - IITM",29-11-2025 16:00:00,23.243639,72.68994,PM10,97.0,168.0,133.0,2025-11-29 11:20:52.500124
India,Gujarat,Gandhinagar,"IIPHG Lekawada, Gandhinagar - IITM",29-11-2025 16:00:00,23.243639,72.68994,NO2,7.0,10.0,8.0,2025-11-29 11:20:52.500124
India,Gujarat,Gandhinagar,"Sector-10, Gandhinagar - GPCB",29-11-2025 16:00:00,23.221714,72.654328,PM2.5,49.0,94.0,72.0,2025-11-29 11:20:52.500124
India,Gujarat,Gandhinagar,"Sector-10, Gandhinagar - GPCB",29-11-2025 16:00:00,23.221714,72.654328,NH3,2.0,2.0,2.0,2025-11-29 11:20:52.500124
India,Gujarat,Ankleshwar,"GIDC, Ankleshwar - GPCB",29-11-2025 16:00:00,21.613267,73.010555,SO2,38.0,39.0,39.0,2025-11-29 11:20:52.500124
India,Gujarat,Gandhinagar,"IIPHG Lekawada, Gandhinagar - IITM",29-11-2025 16:00:00,23.243639,72.68994,PM2.5,28.0,258.0,162.0,2025-11-29 11:20:52.500124
India,Gujarat,Ahmedabad,"SAC ISRO Bopal, Ahmedabad - IITM",29-11-2025 16:00:00,23.041137,72.456691,PM10,99.0,381.0,169.0,2025-11-29 11:20:52.500124
India,Gujarat,Ahmedabad,"SAC ISRO Bopal, Ahmedabad - IITM",29-11-2025 16:00:00,23.041137,72.456691,NO2,27.0,121.0,57.0,2025-11-29 11:20:52.500124
India,Gujarat,Ahmedabad,"SAC ISRO Bopal, Ahmedabad - IITM",29-11-2025 16:00:00,23.041137,72.456691,SO2,2.0,7.0,4.0,2025-11-29 11:20:52.500124
India,Gujarat,Ahmedabad,"Maninagar, Ahmedabad - GPCB",29-11-2025 16:00:00,23.002657,72.591912,PM10,77.0,180.0,114.0,2025-11-29 11:20:52.500124
India,Gujarat,Ahmedabad,"Raikhad, Ahmedabad - IITM",29-11-2025 16:00:00,23.020509,72.579261,PM2.5,204.0,342.0,291.0,2025-11-29 11:20:52.500124
India,Gujarat,Ahmedabad,"SAC ISRO Satellite, Ahmedabad - IITM",29-11-2025 16:00:00,23.023389,72.515201,PM10,94.0,150.0,123.0,2025-11-29 11:20:52.500124
India,Gujarat,Ahmedabad,"Rakhial, Ahmedabad - IITM",29-11-2025 16:00:00,23.016834,72.625775,PM10,109.0,204.0,144.0,2025-11-29 11:20:52.500124
India,Gujarat,Vatva,"Phase-4 GIDC, Vatva - GPCB",29-11-2025 16:00:00,22.969611,72.6435,OZONE,17.0,44.0,34.0,2025-11-29 11:20:52.500124
India,Gujarat,Ahmedabad,"Rakhial, Ahmedabad - IITM",29-11-2025 16:00:00,23.016834,72.625775,SO2,12.0,27.0,18.0,2025-11-29 11:20:52.500124
India,Haryana,Bahadurgarh,"Arya Nagar, Bahadurgarh - HSPCB",29-11-2025 16:00:00,28.6701,76.9254,SO2,7.0,7.0,7.0,2025-11-29 11:20:52.500124
India,Haryana,Bahadurgarh,"Arya Nagar, Bahadurgarh - HSPCB",29-11-2025 16:00:00,28.6701,76.9254,OZONE,15.0,20.0,17.0,2025-11-29 11:20:52.500124
India,Haryana,Ballabgarh,"Nathu Colony, Ballabgarh - HSPCB",29-11-2025 16:00:00,28.3419248,77.319699,PM2.5,231.0,312.0,266.0,2025-11-29 11:20:52.500124
India,Haryana,Ballabgarh,"Nathu Colony, Ballabgarh - HSPCB",29-11-2025 16:00:00,28.3419248,77.319699,NO2,19.0,21.0,20.0,2025-11-29 11:20:52.500124
India,Haryana,Faridabad,"Sector 11, Faridabad - HSPCB",29-11-2025 16:00:00,28.376058,77.315741,PM10,66.0,328.0,194.0,2025-11-29 11:20:52.500124
India,Haryana,Faridabad,"Sector 11, Faridabad - HSPCB",29-11-2025 16:00:00,28.376058,77.315741,CO,10.0,81.0,10.0,2025-11-29 11:20:52.500124
India,Haryana,Fatehabad,"Huda Sector, Fatehabad - HSPCB",29-11-2025 16:00:00,29.503664,75.467934,NH3,13.0,15.0,14.0,2025-11-29 11:20:52.500124
India,Haryana,Fatehabad,"Huda Sector, Fatehabad - HSPCB",29-11-2025 16:00:00,29.503664,75.467934,SO2,3.0,43.0,26.0,2025-11-29 11:20:52.500124
India,Haryana,Gurugram,"Teri Gram, Gurugram - HSPCB",29-11-2025 16:00:00,28.4275,77.1465,OZONE,26.0,43.0,35.0,2025-11-29 11:20:52.500124
India,Haryana,Gurugram,"Vikas Sadan, Gurugram - HSPCB",29-11-2025 16:00:00,28.4501238,77.0263051,OZONE,8.0,44.0,37.0,2025-11-29 11:20:52.500124
India,Haryana,Hisar,"Urban Estate-II, Hisar - HSPCB",29-11-2025 16:00:00,29.14056,75.744941,CO,55.0,109.0,64.0,2025-11-29 11:20:52.500124
India,Haryana,Karnal,"Sector-12, Karnal - HSPCB",29-11-2025 16:00:00,29.6953,77.0027,PM10,72.0,126.0,100.0,2025-11-29 11:20:52.500124
India,Haryana,Kurukshetra,"Sector-7, Kurukshetra - HSPCB",29-11-2025 16:00:00,29.966942,76.875879,PM10,73.0,125.0,107.0,2025-11-29 11:20:52.500124
India,Haryana,Kurukshetra,"Sector-7, Kurukshetra - HSPCB",29-11-2025 16:00:00,29.966942,76.875879,NO2,16.0,22.0,19.0,2025-11-29 11:20:52.500124
India,Haryana,Gurugram,"NISE Gwal Pahari, Gurugram - IMD",29-11-2025 16:00:00,28.422681,77.148944,CO,2.0,96.0,16.0,2025-11-29 11:20:52.500124
India,Haryana,Gurugram,"NISE Gwal Pahari, Gurugram - IMD",29-11-2025 16:00:00,28.422681,77.148944,OZONE,7.0,76.0,37.0,2025-11-29 11:20:52.500124
India,Haryana,Gurugram,"Teri Gram, Gurugram - HSPCB",29-11-2025 16:00:00,28.4275,77.1465,PM2.5,,,,2025-11-29 11:20:52.500124
India,Haryana,Kaithal,"Rishi Nagar, Kaithal - HSPCB",29-11-2025 16:00:00,29.8006,76.4155,NO2,29.0,33.0,31.0,2025-11-29 11:20:52.500124
India,Haryana,Kaithal,"Rishi Nagar, Kaithal - HSPCB",29-11-2025 16:00:00,29.8006,76.4155,NH3,5.0,6.0,6.0,2025-11-29 11:20:52.500124
India,Haryana,Dharuhera,"Municipal Corporation Office, Dharuhera -  HSPCB",29-11-2025 16:00:00,28.2068,76.7997,CO,4.0,6.0,5.0,2025-11-29 11:20:52.500124
India,Haryana,Charkhi Dadri,"Mini Secretariat, Charkhi Dadri - HSPCB",29-11-2025 16:00:00,28.593883,76.270653,NO2,9.0,25.0,15.0,2025-11-29 11:20:52.500124
India,Haryana,Jind,"Police Lines, Jind - HSPCB",29-11-2025 16:00:00,29.307814,76.337619,OZONE,16.0,79.0,61.0,2025-11-29 11:20:52.500124
India,Haryana,Kurukshetra,"Sector-7, Kurukshetra - HSPCB",29-11-2025 16:00:00,29.966942,76.875879,OZONE,21.0,71.0,50.0,2025-11-29 11:20:52.500124
India,Haryana,Manesar,"Sector-2 IMT, Manesar - HSPCB",29-11-2025 16:00:00,28.360699,76.93609,PM2.5,164.0,346.0,280.0,2025-11-29 11:20:52.500124
India,Haryana,Manesar,"Sector-2 IMT, Manesar - HSPCB",29-11-2025 16:00:00,28.360699,76.93609,NH3,16.0,19.0,18.0,2025-11-29 11:20:52.500124
India,Haryana,Manesar,"Sector-2 IMT, Manesar - HSPCB",29-11-2025 16:00:00,28.360699,76.93609,SO2,6.0,39.0,12.0,2025-11-29 11:20:52.500124
India,Haryana,Manesar,"Sector-2 IMT, Manesar - HSPCB",29-11-2025 16:00:00,28.360699,76.93609,OZONE,10.0,52.0,36.0,2025-11-29 11:20:52.500124
India,Haryana,Narnaul,"Shastri Nagar, Narnaul - HSPCB",29-11-2025 16:00:00,28.060249,76.113115,CO,22.0,47.0,32.0,2025-11-29 11:20:52.500124
