country,state,city,station,last_update,latitude,longitude,pollutant_id,pollutant_min,pollutant_max,pollutant_avg,fetched_at
India,Andhra_Pradesh,Vijayawada,"Rajiv Gandhi Park, Vijayawada - APPCB",30-11-2025 16:00:00,16.509717,80.612222,NH3,6.0,9.0,8.0,2025-11-30 11:21:03.129818
India,Andhra_Pradesh,Vijayawada,"Rajiv Nagar, Vijayawada - APPCB",30-11-2025 16:00:00,16.554731,80.64911,CO,23.0,44.0,25.0,2025-11-30 11:21:03.129818
India,Andhra_Pradesh,Vijayawada,"Rajiv Nagar, Vijayawada - APPCB",30-11-2025 16:00:00,16.554731,80.64911,OZONE,53.0,102.0,70.0,2025-11-30 11:21:03.129818
India,Andhra_Pradesh,Visakhapatnam,"GVM Corporation, Visakhapatnam - APPCB",30-11-2025 16:00:00,17.72,83.3,PM10,48.0,85.0,62.0,2025-11-30 11:21:03.129818
India,Arunachal_Pradesh,Naharlagun,"Naharlagun, Naharlagun - APSPCB",30-11-2025 16:00:00,27.103358,93.679645,PM2.5,2.0,309.0,124.0,2025-11-30 11:21:03.129818
India,Arunachal_Pradesh,Naharlagun,"Naharlagun, Naharlagun - APSPCB",30-11-2025 16:00:00,27.103358,93.679645,NO2,6.0,6.0,6.0,2025-11-30 11:21:03.129818
India,Arunachal_Pradesh,Naharlagun,"Naharlagun, Naharlagun - APSPCB",30-11-2025 16:00:00,27.103358,93.679645,SO2,8.0,9.0,9.0,2025-11-30 11:21:03.129818
India,Assam,Guwahati,"IITG, Guwahati - PCBA",30-11-2025 16:00:00,26.2028636,91.70046436,PM10,63.0,155.0,109.0,2025-11-30 11:21:03.129818
India,Assam,Guwahati,"IITG, Guwahati - PCBA",30-11-2025 16:00:00,26.2028636,91.70046436,SO2,23.0,28.0,24.0,2025-11-30 11:21:03.129818
India,Assam,Guwahati,"LGBI Airport, Guwahati - PCBA",30-11-2025 16:00:00,26.10887,91.589544,SO2,4.0,41.0,13.0,2025-11-30 11:21:03.129818
India,Assam,Guwahati,"Pan Bazaar, Guwahati - PCBA",30-11-2025 16:00:00,26.1875,91.744194,PM10,40.0,113.0,71.0,2025-11-30 11:21:03.129818
India,Andhra_Pradesh,Tirupati,"Vaikuntapuram, Tirupati - APPCB",30-11-2025 16:00:00,13.615387,79.40923,NH3,,,,2025-11-30 11:21:03.129818
India,Andhra_Pradesh,Tirupati,"Vaikuntapuram, Tirupati - APPCB",30-11-2025 16:00:00,13.615387,79.40923,SO2,,,,2025-11-30 11:21:03.129818
India,Andhra_Pradesh,Vijayawada,"Rajiv Gandhi Park, Vijayawada - APPCB",30-11-2025 16:00:00,16.509717,80.612222,NO2,44.0,74.0,53.0,2025-11-30 11:21:03.129818
India,Andhra_Pradesh,Amaravati,"Secretariat, Amaravati - APPCB",30-11-2025 16:00:00,16.5150833,80.5181667,PM10,26.0,120.0,55.0,2025-11-30 11:21:03.129818
India,Andhra_Pradesh,Chittoor,"Gangineni Cheruvu, Chittoor - APPCB",30-11-2025 16:00:00,13.20488,79.097889,CO,14.0,33.0,24.0,2025-11-30 11:21:03.129818
India,Andhra_Pradesh,Amaravati,"Secretariat, Amaravati - APPCB",30-11-2025 16:00:00,16.5150833,80.5181667,PM2.5,9.0,65.0,35.0,2025-11-30 11:21:03.129818
India,Andhra_Pradesh,Anantapur,"Gulzarpet, Anantapur - APPCB",30-11-2025 16:00:00,14.675886,77.593027,SO2,13.0,13.0,13.0,2025-11-30 11:21:03.129818
India,Andhra_Pradesh,Tirumala,"Toll Gate, Tirumala - APPCB",30-11-2025 16:00:00,13.67,79.35,OZONE,2.0,348.0,50.0,2025-11-30 11:21:03.129818
India,Andhra_Pradesh,Tirumala,"Toll Gate, Tirumala - APPCB",30-11-2025 16:00:00,13.67,79.35,PM2.5,10.0,45.0,20.0,2025-11-30 11:21:03.129818
India,Assam,Guwahati,"Railway Colony, Guwahati - PCBA",30-11-2025 16:00:00,26.181742,91.78063,NO2,3.0,4.0,3.0,2025-11-30 11:21:03.129818
India,Assam,Guwahati,"Railway Colony, Guwahati - PCBA",30-11-2025 16:00:00,26.181742,91.78063,SO2,32.0,34.0,33.0,2025-11-30 11:21:03.129818
India,Assam,Nagaon,"Christianpatty, Nagaon - PCBA",30-11-2025 16:00:00,26.349082,92.68449,PM2.5,,,,2025-11-30 11:21:03.129818
India,Assam,Nagaon,"Christianpatty, Nagaon - PCBA",30-11-2025 16:00:00,26.349082,92.68449,PM10,,,,2025-11-30 11:21:03.129818
India,Assam,Nalbari,"Bata Chowk, Nalbari - PCBA",30-11-2025 16:00:00,26.446912,91.439057,PM2.5,50.0,335.0,144.0,2025-11-30 11:21:03.129818
India,Bihar,Bettiah,"Kamalnath Nagar, Bettiah - BSPCB",30-11-2025 16:00:00,26.80365,84.51954,OZONE,22.0,23.0,22.0,2025-11-30 11:21:03.129818
India,Bihar,Bhagalpur,"DM Office_Kachari Chowk, Bhagalpur - BSPCB",30-11-2025 16:00:00,25.251013,86.989001,PM10,56.0,135.0,112.0,2025-11-30 11:21:03.129818
India,Bihar,Bhagalpur,"DM Office_Kachari Chowk, Bhagalpur - BSPCB",30-11-2025 16:00:00,25.251013,86.989001,NH3,1.0,1.0,1.0,2025-11-30 11:21:03.129818
India,Assam,Sivasagar,"Girls College, Sivasagar - PCBA",30-11-2025 16:00:00,26.987634,94.636574,CO,12.0,58.0,18.0,2025-11-30 11:21:03.129818
India,Assam,Sivasagar,"Girls College, Sivasagar - PCBA",30-11-2025 16:00:00,26.987634,94.636574,OZONE,4.0,92.0,70.0,2025-11-30 11:21:03.129818
India,Bihar,Begusarai,"Lohiyanagar, Begusarai - BSPCB",30-11-2025 16:00:00,25.42742023,86.13886079,PM2.5,54.0,79.0,67.0,2025-11-30 11:21:03.129818
India,Bihar,Begusarai,"Lohiyanagar, Begusarai - BSPCB",30-11-2025 16:00:00,25.42742023,86.13886079,NO2,16.0,24.0,20.0,2025-11-30 11:21:03.129818
India,Bihar,Araria,"Kharahiya Basti, Araria - BSPCB",30-11-2025 16:00:00,26.146529,87.454184,NO2,3.0,28.0,9.0,2025-11-30 11:21:03.129818
India,Bihar,Araria,"Kharahiya Basti, Araria - BSPCB",30-11-2025 16:00:00,26.146529,87.454184,OZONE,9.0,11.0,10.0,2025-11-30 11:21:03.129818
India,Bihar,Bhagalpur,"Mayaganj, Bhagalpur - BSPCB",30-11-2025 16:00:00,25.265194,87.012947,PM2.5,47.0,103.0,80.0,2025-11-30 11:21:03.129818
India,Bihar,Bhagalpur,"Mayaganj, Bhagalpur - BSPCB",30-11-2025 16:00:00,25.265194,87.012947,OZONE,40.0,95.0,71.0,2025-11-30 11:21:03.129818
India,Bihar,Arrah,"New DM Office, Arrah - BSPCB",30-11-2025 16:00:00,25.5626095,84.663264,SO2,10.0,10.0,10.0,2025-11-30 11:21:03.129818
India,Bihar,Arrah,"New DM Office, Arrah - BSPCB",30-11-2025 16:00:00,25.5626095,84.663264,CO,36.0,68.0,55.0,2025-11-30 11:21:03.129818
India,Assam,Guwahati,"Pan Bazaar, Guwahati - PCBA",30-11-2025 16:00:00,26.1875,91.744194,OZONE,17.0,18.0,17.0,2025-11-30 11:21:03.129818
India,Assam,Silchar,"Tarapur, Silchar - PCBA",30-11-2025 16:00:00,24.82827,92.79525,PM10,47.0,95.0,67.0,2025-11-30 11:21:03.129818
India,Bihar,Gaya,"Kareemganj, Gaya - BSPCB",30-11-2025 16:00:00,24.792403,84.992416,CO,36.0,43.0,42.0,2025-11-30 11:21:03.129818
India,Bihar,Gaya,"SFTI Kusdihra, Gaya - BSPCB",30-11-2025 16:00:00,24.762518,84.982348,PM2.5,32.0,44.0,36.0,2025-11-30 11:21:03.129818
India,Bihar,Gaya,"SFTI Kusdihra, Gaya - BSPCB",30-11-2025 16:00:00,24.762518,84.982348,PM10,37.0,62.0,49.0,2025-11-30 11:21:03.129818
India,Bihar,Gaya,"SFTI Kusdihra, Gaya - BSPCB",30-11-2025 16:00:00,24.762518,84.982348,NO2,20.0,22.0,20.0,2025-11-30 11:21:03.129818
India,Bihar,Hajipur,"Industrial Area, Hajipur - BSPCB",30-11-2025 16:00:00,25.697189,85.2459,PM2.5,86.0,199.0,143.0,2025-11-30 11:21:03.129818
India,Bihar,Kishanganj,"SDM Office_Khagra, Kishanganj - BSPCB",30-11-2025 16:00:00,26.0881305,87.93840336,PM10,41.0,181.0,138.0,2025-11-30 11:21:03.129818
India,Bihar,Kishanganj,"SDM Office_Khagra, Kishanganj - BSPCB",30-11-2025 16:00:00,26.0881305,87.93840336,NO2,10.0,14.0,11.0,2025-11-30 11:21:03.129818
India,Bihar,Kishanganj,"SDM Office_Khagra, Kishanganj - BSPCB",30-11-2025 16:00:00,26.0881305,87.93840336,NH3,3.0,3.0,3.0,2025-11-30 11:21:03.129818
India,Bihar,Kishanganj,"SDM Office_Khagra, Kishanganj - BSPCB",30-11-2025 16:00:00,26.0881305,87.93840336,CO,18.0,25.0,22.0,2025-11-30 11:21:03.129818
India,Bihar,Manguraha,"Forest Rest House, Manguraha - BSPCB",30-11-2025 16:00:00,27.308328,84.531742,CO,20.0,34.0,33.0,2025-11-30 11:21:03.129818
India,Bihar,Munger,"Town Hall, Munger - BSPCB",30-11-2025 16:00:00,25.376776,86.471523,NH3,4.0,7.0,6.0,2025-11-30 11:21:03.129818
India,Bihar,Munger,"Town Hall, Munger - BSPCB",30-11-2025 16:00:00,25.376776,86.471523,CO,,,,2025-11-30 11:21:03.129818
India,Bihar,Buxar,"Charitra Van, Buxar - BSPCB",30-11-2025 16:00:00,25.56752,83.966379,PM2.5,67.0,153.0,113.0,2025-11-30 11:21:03.129818
India,Bihar,Gaya,"Collectorate, Gaya - BSPCB",30-11-2025 16:00:00,24.7955,84.9994,SO2,6.0,15.0,10.0,2025-11-30 11:21:03.129818
India,Bihar,Patna,"Muradpur, Patna - BSPCB",30-11-2025 16:00:00,25.619651,85.147382,PM2.5,48.0,198.0,132.0,2025-11-30 11:21:03.129818
India,Bihar,Patna,"Muradpur, Patna - BSPCB",30-11-2025 16:00:00,25.619651,85.147382,NH3,4.0,5.0,5.0,2025-11-30 11:21:03.129818
India,Bihar,Patna,"Muradpur, Patna - BSPCB",30-11-2025 16:00:00,25.619651,85.147382,SO2,7.0,9.0,8.0,2025-11-30 11:21:03.129818
India,Bihar,Patna,"Govt. High School Shikarpur, Patna - BSPCB",30-11-2025 16:00:00,25.592539,85.227158,PM10,64.0,83.0,73.0,2025-11-30 11:21:03.129818
India,Bihar,Patna,"Govt. High School Shikarpur, Patna - BSPCB",30-11-2025 16:00:00,25.592539,85.227158,CO,32.0,82.0,62.0,2025-11-30 11:21:03.129818
India,Bihar,Manguraha,"Forest Rest House, Manguraha - BSPCB",30-11-2025 16:00:00,27.308328,84.531742,PM2.5,25.0,210.0,64.0,2025-11-30 11:21:03.129818
India,Bihar,Patna,"DRM Office Danapur, Patna - BSPCB",30-11-2025 16:00:00,25.586562,85.043586,NO2,33.0,72.0,48.0,2025-11-30 11:21:03.129818
India,Bihar,Purnia,"Mariam Nagar, Purnia - BSPCB",30-11-2025 16:00:00,25.366336,87.117468,NO2,5.0,6.0,6.0,2025-11-30 11:21:03.129818
India,Chhattisgarh,Bilaspur,"Mangala, Bilaspur - NTPC",30-11-2025 16:00:00,22.08815,82.13737,NO2,,,,2025-11-30 11:21:03.129818
India,Chhattisgarh,Chhal,"Nawapara SECL Colony, Chhal - CECB",30-11-2025 16:00:00,22.118125,83.140608,NO2,8.0,29.0,15.0,2025-11-30 11:21:03.129818
India,Chhattisgarh,Chhal,"Nawapara SECL Colony, Chhal - CECB",30-11-2025 16:00:00,22.118125,83.140608,OZONE,2.0,94.0,67.0,2025-11-30 11:21:03.129818
India,Chhattisgarh,Korba,"Rampur, Korba - CECB",30-11-2025 16:00:00,22.368195,82.746431,PM2.5,49.0,87.0,51.0,2025-11-30 11:21:03.129818
India,Chhattisgarh,Korba,"Rampur, Korba - CECB",30-11-2025 16:00:00,22.368195,82.746431,NO2,13.0,23.0,16.0,2025-11-30 11:21:03.129818
India,Chhattisgarh,Korba,"Rampur, Korba - CECB",30-11-2025 16:00:00,22.368195,82.746431,SO2,7.0,17.0,10.0,2025-11-30 11:21:03.129818
India,Bihar,Sasaram,"Dada Peer, Sasaram - BSPCB",30-11-2025 16:00:00,24.952822,84.002396,NO2,2.0,14.0,3.0,2025-11-30 11:21:03.129818
India,Bihar,Sasaram,"Dada Peer, Sasaram - BSPCB",30-11-2025 16:00:00,24.952822,84.002396,CO,48.0,117.0,51.0,2025-11-30 11:21:03.129818
India,Bihar,Siwan,"Chitragupta Nagar, Siwan - BSPCB",30-11-2025 16:00:00,26.2271665,84.3570427,PM2.5,,,,2025-11-30 11:21:03.129818
India,Bihar,Siwan,"Chitragupta Nagar, Siwan - BSPCB",30-11-2025 16:00:00,26.2271665,84.3570427,OZONE,,,,2025-11-30 11:21:03.129818
India,Chhattisgarh,Bhilai,"Civic Center, Bhilai - Bhilai Steel Plant",30-11-2025 16:00:00,21.185571,81.343175,PM2.5,32.0,174.0,72.0,2025-11-30 11:21:03.129818
India,Chhattisgarh,Bhilai,"Civic Center, Bhilai - Bhilai Steel Plant",30-11-2025 16:00:00,21.185571,81.343175,SO2,7.0,10.0,8.0,2025-11-30 11:21:03.129818
India,Chhattisgarh,Korba,"Rampur, Korba - CECB",30-11-2025 16:00:00,22.368195,82.746431,CO,21.0,27.0,24.0,2025-11-30 11:21:03.129818
India,Chhattisgarh,Korba,"Rampur, Korba - CECB",30-11-2025 16:00:00,22.368195,82.746431,OZONE,2.0,4.0,2.0,2025-11-30 11:21:03.129818
India,Bihar,Rajgir,"Dangi Tola, Rajgir - BSPCB",30-11-2025 16:00:00,25.0328,85.41948,NH3,6.0,7.0,6.0,2025-11-30 11:21:03.129818
India,Bihar,Rajgir,"Dangi Tola, Rajgir - BSPCB",30-11-2025 16:00:00,25.0328,85.41948,CO,82.0,98.0,89.0,2025-11-30 11:21:03.129818
India,Chhattisgarh,Bilaspur,"Mangala, Bilaspur - NTPC",30-11-2025 16:00:00,22.08815,82.13737,PM10,64.0,113.0,86.0,2025-11-30 11:21:03.129818
India,Bihar,Saharsa,"Police Line, Saharsa - BSPCB",30-11-2025 16:00:00,25.892357,86.590325,OZONE,9.0,11.0,10.0,2025-11-30 11:21:03.129818
India,Bihar,Rajgir,"Dangi Tola, Rajgir - BSPCB",30-11-2025 16:00:00,25.0328,85.41948,PM2.5,43.0,143.0,73.0,2025-11-30 11:21:03.129818
India,Chhattisgarh,Korba,"Urja Nagar, Korba - CECB",30-11-2025 16:00:00,22.348441,82.549611,SO2,1.0,11.0,5.0,2025-11-30 11:21:03.129818
India,Chhattisgarh,Raipur,"Siltara Phase-II, Raipur - CECB",30-11-2025 16:00:00,21.371751,81.664929,OZONE,3.0,4.0,3.0,2025-11-30 11:21:03.129818
India,Chhattisgarh,Tumidih,"OP Jindal Industrial Park, Tumidih - CECB",30-11-2025 16:00:00,22.06631475,83.33820077,PM10,42.0,275.0,107.0,2025-11-30 11:21:03.129818
India,Chhattisgarh,Kunjemura,"OP Jindal School, Kunjemura - CECB",30-11-2025 16:00:00,22.12665,83.483212,NO2,14.0,78.0,30.0,2025-11-30 11:21:03.129818
India,Chhattisgarh,Kunjemura,"OP Jindal School, Kunjemura - CECB",30-11-2025 16:00:00,22.12665,83.483212,OZONE,1.0,64.0,38.0,2025-11-30 11:21:03.129818
India,Chhattisgarh,Milupara,"Govt. Higher Secondary School, Milupara - CECB",30-11-2025 16:00:00,22.1910172,83.5197009,OZONE,1.0,128.0,87.0,2025-11-30 11:21:03.129818
India,Chhattisgarh,Raipur,"Siltara Phase-II, Raipur - CECB",30-11-2025 16:00:00,21.371751,81.664929,PM2.5,26.0,136.0,72.0,2025-11-30 11:21:03.129818
India,Chhattisgarh,Raipur,"Siltara Phase-II, Raipur - CECB",30-11-2025 16:00:00,21.371751,81.664929,PM10,54.0,164.0,96.0,2025-11-30 11:21:03.129818
India,Chhattisgarh,Raipur,"Krishak Nagar, Raipur - CECB",30-11-2025 16:00:00,21.237755,81.705301,NO2,17.0,24.0,22.0,2025-11-30 11:21:03.129818
India,Chhattisgarh,Raipur,"AIIMS, Raipur - CECB",30-11-2025 16:00:00,21.258815,81.578979,NO2,65.0,78.0,71.0,2025-11-30 11:21:03.129818
India,Delhi,Delhi,"Alipur, Delhi - DPCC",30-11-2025 16:00:00,28.815329,77.15301,PM10,115.0,424.0,202.0,2025-11-30 11:21:03.129818
India,Chhattisgarh,Raipur,"AIIMS, Raipur - CECB",30-11-2025 16:00:00,21.258815,81.578979,NH3,1.0,1.0,1.0,2025-11-30 11:21:03.129818
India,Delhi,Delhi,"Lodhi Road, Delhi - IITM",30-11-2025 16:00:00,28.588333,77.221667,SO2,5.0,27.0,17.0,2025-11-30 11:21:03.129818
India,Delhi,Delhi,"Lodhi Road, Delhi - IMD",30-11-2025 16:00:00,28.5918245,77.2273074,CO,11.0,54.0,21.0,2025-11-30 11:21:03.129818
India,Delhi,Delhi,"Major Dhyan Chand National Stadium, Delhi - DPCC",30-11-2025 16:00:00,28.611281,77.237738,PM2.5,65.0,321.0,246.0,2025-11-30 11:21:03.129818
India,Delhi,Delhi,"Dwarka-Sector 8, Delhi - DPCC ",30-11-2025 16:00:00,28.5710274,77.0719006,PM2.5,88.0,363.0,290.0,2025-11-30 11:21:03.129818
India,Delhi,Delhi,"Dwarka-Sector 8, Delhi - DPCC ",30-11-2025 16:00:00,28.5710274,77.0719006,PM10,142.0,376.0,222.0,2025-11-30 11:21:03.129818
India,Delhi,Delhi,"Dwarka-Sector 8, Delhi - DPCC ",30-11-2025 16:00:00,28.5710274,77.0719006,NO2,54.0,132.0,92.0,2025-11-30 11:21:03.129818
India,Delhi,Delhi,"IHBAS, Dilshad Garden, Delhi - CPCB",30-11-2025 16:00:00,28.6811736,77.3025234,NO2,28.0,157.0,89.0,2025-11-30 11:21:03.129818
India,Delhi,Delhi,"Ashok Vihar, Delhi - DPCC",30-11-2025 16:00:00,28.695381,77.181665,CO,22.0,109.0,46.0,2025-11-30 11:21:03.129818
India,Delhi,Delhi,"Bawana, Delhi - DPCC",30-11-2025 16:00:00,28.7762,77.051074,OZONE,4.0,135.0,80.0,2025-11-30 11:21:03.129818
India,Delhi,Delhi,"Burari Crossing, Delhi - IMD",30-11-2025 16:00:00,28.7256504,77.2011573,PM10,132.0,345.0,217.0,2025-11-30 11:21:03.129818
India,Delhi,Delhi,"Burari Crossing, Delhi - IMD",30-11-2025 16:00:00,28.7256504,77.2011573,NO2,53.0,139.0,99.0,2025-11-30 11:21:03.129818
India,Delhi,Delhi,"Burari Crossing, Delhi - IMD",30-11-2025 16:00:00,28.7256504,77.2011573,OZONE,8.0,256.0,256.0,2025-11-30 11:21:03.129818
India,Delhi,Delhi,"CRRI Mathura Road, Delhi - IMD",30-11-2025 16:00:00,28.5512005,77.2735737,NO2,33.0,56.0,41.0,2025-11-30 11:21:03.129818
India,Delhi,Delhi,"Jawaharlal Nehru Stadium, Delhi - DPCC",30-11-2025 16:00:00,28.58028,77.233829,PM2.5,95.0,362.0,282.0,2025-11-30 11:21:03.129818
India,Delhi,Delhi,"DTU, Delhi - CPCB",30-11-2025 16:00:00,28.7500499,77.1112615,PM2.5,85.0,377.0,285.0,2025-11-30 11:21:03.129818
India,Delhi,Delhi,"ITO, Delhi - CPCB",30-11-2025 16:00:00,28.628624,77.24106,PM2.5,91.0,347.0,282.0,2025-11-30 11:21:03.129818
India,Delhi,Delhi,"ITO, Delhi - CPCB",30-11-2025 16:00:00,28.628624,77.24106,PM10,106.0,220.0,181.0,2025-11-30 11:21:03.129818
India,Delhi,Delhi,"ITO, Delhi - CPCB",30-11-2025 16:00:00,28.628624,77.24106,SO2,11.0,22.0,17.0,2025-11-30 11:21:03.129818
India,Delhi,Delhi,"Pusa, Delhi - IMD",30-11-2025 16:00:00,28.63611,77.173332,NO2,11.0,104.0,61.0,2025-11-30 11:21:03.129818
India,Delhi,Delhi,"R K Puram, Delhi - DPCC",30-11-2025 16:00:00,28.563262,77.186937,PM10,141.0,366.0,225.0,2025-11-30 11:21:03.129818
India,Delhi,Delhi,"R K Puram, Delhi - DPCC",30-11-2025 16:00:00,28.563262,77.186937,OZONE,2.0,146.0,74.0,2025-11-30 11:21:03.129818
India,Delhi,Delhi,"Rohini, Delhi - DPCC",30-11-2025 16:00:00,28.732528,77.11992,PM10,112.0,332.0,210.0,2025-11-30 11:21:03.129818
India,Delhi,Delhi,"Shadipur, Delhi - CPCB",30-11-2025 16:00:00,28.6514781,77.1473105,NO2,50.0,109.0,73.0,2025-11-30 11:21:03.129818
India,Delhi,Delhi,"Patparganj, Delhi - DPCC",30-11-2025 16:00:00,28.623763,77.287209,PM2.5,103.0,371.0,292.0,2025-11-30 11:21:03.129818
India,Delhi,Delhi,"Patparganj, Delhi - DPCC",30-11-2025 16:00:00,28.623763,77.287209,PM10,150.0,336.0,224.0,2025-11-30 11:21:03.129818
India,Delhi,Delhi,"Patparganj, Delhi - DPCC",30-11-2025 16:00:00,28.623763,77.287209,SO2,4.0,10.0,6.0,2025-11-30 11:21:03.129818
India,Delhi,Delhi,"Punjabi Bagh, Delhi - DPCC",30-11-2025 16:00:00,28.674045,77.131023,PM10,122.0,268.0,210.0,2025-11-30 11:21:03.129818
India,Delhi,Delhi,"North Campus, DU, Delhi - IMD",30-11-2025 16:00:00,28.6573814,77.1585447,CO,4.0,113.0,24.0,2025-11-30 11:21:03.129818
India,Delhi,Delhi,"Okhla Phase-2, Delhi - DPCC",30-11-2025 16:00:00,28.530785,77.271255,SO2,,,,2025-11-30 11:21:03.129818
India,Delhi,Delhi,"Okhla Phase-2, Delhi - DPCC",30-11-2025 16:00:00,28.530785,77.271255,CO,30.0,51.0,43.0,2025-11-30 11:21:03.129818
India,Delhi,Delhi,"Najafgarh, Delhi - DPCC",30-11-2025 16:00:00,28.570173,76.933762,OZONE,3.0,10.0,6.0,2025-11-30 11:21:03.129818
India,Delhi,Delhi,"Narela, Delhi - DPCC",30-11-2025 16:00:00,28.822836,77.101981,PM2.5,98.0,370.0,268.0,2025-11-30 11:21:03.129818
India,Delhi,Delhi,"Narela, Delhi - DPCC",30-11-2025 16:00:00,28.822836,77.101981,OZONE,9.0,144.0,89.0,2025-11-30 11:21:03.129818
India,Delhi,Delhi,"Shadipur, Delhi - CPCB",30-11-2025 16:00:00,28.6514781,77.1473105,NH3,9.0,13.0,11.0,2025-11-30 11:21:03.129818
India,Delhi,Delhi,"Sirifort, Delhi - CPCB",30-11-2025 16:00:00,28.5504249,77.2159377,PM2.5,124.0,361.0,302.0,2025-11-30 11:21:03.129818
India,Delhi,Delhi,"Nehru Nagar, Delhi - DPCC",30-11-2025 16:00:00,28.56789,77.250515,NH3,11.0,18.0,15.0,2025-11-30 11:21:03.129818
India,Delhi,Delhi,"Nehru Nagar, Delhi - DPCC",30-11-2025 16:00:00,28.56789,77.250515,SO2,4.0,34.0,15.0,2025-11-30 11:21:03.129818
India,Delhi,Delhi,"Major Dhyan Chand National Stadium, Delhi - DPCC",30-11-2025 16:00:00,28.611281,77.237738,NO2,44.0,151.0,98.0,2025-11-30 11:21:03.129818
India,Delhi,Delhi,"Sonia Vihar, Delhi - DPCC",30-11-2025 16:00:00,28.710508,77.249485,PM2.5,92.0,348.0,275.0,2025-11-30 11:21:03.129818
India,Delhi,Delhi,"Sonia Vihar, Delhi - DPCC",30-11-2025 16:00:00,28.710508,77.249485,SO2,7.0,26.0,13.0,2025-11-30 11:21:03.129818
India,Gujarat,Ahmedabad,"Maninagar, Ahmedabad - GPCB",30-11-2025 16:00:00,23.002657,72.591912,PM10,117.0,202.0,151.0,2025-11-30 11:21:03.129818
India,Gujarat,Ahmedabad,"Maninagar, Ahmedabad - GPCB",30-11-2025 16:00:00,23.002657,72.591912,CO,20.0,82.0,42.0,2025-11-30 11:21:03.129818
India,Gujarat,Ahmedabad,"Maninagar, Ahmedabad - GPCB",30-11-2025 16:00:00,23.002657,72.591912,OZONE,14.0,81.0,63.0,2025-11-30 11:21:03.129818
India,Gujarat,Ahmedabad,"Raikhad, Ahmedabad - IITM",30-11-2025 16:00:00,23.020509,72.579261,OZONE,2.0,79.0,55.0,2025-11-30 11:21:03.129818
India,Gujarat,Ahmedabad,"SAC ISRO Bopal, Ahmedabad - IITM",30-11-2025 16:00:00,23.041137,72.456691,PM2.5,92.0,315.0,205.0,2025-11-30 11:21:03.129818
India,Delhi,Delhi,"Wazirpur, Delhi - DPCC",30-11-2025 16:00:00,28.699793,77.165453,PM2.5,113.0,368.0,292.0,2025-11-30 11:21:03.129818
India,Delhi,Delhi,"Wazirpur, Delhi - DPCC",30-11-2025 16:00:00,28.699793,77.165453,PM10,159.0,434.0,250.0,2025-11-30 11:21:03.129818
India,Delhi,Delhi,"Wazirpur, Delhi - DPCC",30-11-2025 16:00:00,28.699793,77.165453,NO2,37.0,113.0,74.0,2025-11-30 11:21:03.129818
India,Gujarat,Ahmedabad,"Gyaspur, Ahmedabad - IITM",30-11-2025 16:00:00,22.977134,72.553024,PM2.5,,,,2025-11-30 11:21:03.129818
India,Gujarat,Ahmedabad,"Gyaspur, Ahmedabad - IITM",30-11-2025 16:00:00,22.977134,72.553024,NH3,,,,2025-11-30 11:21:03.129818
India,Delhi,Delhi,"Sri Aurobindo Marg, Delhi - DPCC",30-11-2025 16:00:00,28.531346,77.190156,NO2,24.0,78.0,44.0,2025-11-30 11:21:03.129818
India,Gujarat,Ahmedabad,"Chandkheda, Ahmedabad - IITM",30-11-2025 16:00:00,23.107969,72.574648,NH3,2.0,7.0,5.0,2025-11-30 11:21:03.129818
India,Delhi,Delhi,"Sri Aurobindo Marg, Delhi - DPCC",30-11-2025 16:00:00,28.531346,77.190156,SO2,4.0,14.0,9.0,2025-11-30 11:21:03.129818
India,Delhi,Delhi,"Vivek Vihar, Delhi - DPCC",30-11-2025 16:00:00,28.672342,77.31526,PM10,148.0,328.0,206.0,2025-11-30 11:21:03.129818
India,Delhi,Delhi,"Vivek Vihar, Delhi - DPCC",30-11-2025 16:00:00,28.672342,77.31526,CO,4.0,96.0,57.0,2025-11-30 11:21:03.129818
India,Gujarat,Ahmedabad,"SAC ISRO Satellite, Ahmedabad - IITM",30-11-2025 16:00:00,23.023389,72.515201,CO,2.0,102.0,14.0,2025-11-30 11:21:03.129818
India,Gujarat,Ahmedabad,"SVPI Airport Hansol, Ahmedabad - IITM",30-11-2025 16:00:00,23.076793,72.627874,NO2,11.0,103.0,58.0,2025-11-30 11:21:03.129818
India,Gujarat,Ahmedabad,"SVPI Airport Hansol, Ahmedabad - IITM",30-11-2025 16:00:00,23.076793,72.627874,NH3,6.0,6.0,6.0,2025-11-30 11:21:03.129818
India,Andhra_Pradesh,Vijayawada,"HB Colony, Vijayawada - APPCB",30-11-2025 16:00:00,16.536107,80.594233,PM2.5,47.0,55.0,52.0,2025-11-30 11:21:03.129818
India,Andhra_Pradesh,Vijayawada,"HB Colony, Vijayawada - APPCB",30-11-2025 16:00:00,16.536107,80.594233,NO2,22.0,22.0,22.0,2025-11-30 11:21:03.129818
India,Andhra_Pradesh,Vijayawada,"HB Colony, Vijayawada - APPCB",30-11-2025 16:00:00,16.536107,80.594233,NH3,4.0,4.0,4.0,2025-11-30 11:21:03.129818
India,Andhra_Pradesh,Vijayawada,"HB Colony, Vijayawada - APPCB",30-11-2025 16:00:00,16.536107,80.594233,SO2,23.0,23.0,23.0,2025-11-30 11:21:03.129818
India,Andhra_Pradesh,Vijayawada,"Rajiv Gandhi Park, Vijayawada - APPCB",30-11-2025 16:00:00,16.509717,80.612222,PM2.5,39.0,48.0,44.0,2025-11-30 11:21:03.129818
India,Andhra_Pradesh,Vijayawada,"Rajiv Nagar, Vijayawada - APPCB",30-11-2025 16:00:00,16.554731,80.64911,SO2,10.0,26.0,17.0,2025-11-30 11:21:03.129818
India,Andhra_Pradesh,Visakhapatnam,"GVM Corporation, Visakhapatnam - APPCB",30-11-2025 16:00:00,17.72,83.3,SO2,2.0,12.0,8.0,2025-11-30 11:21:03.129818
India,Andhra_Pradesh,Visakhapatnam,"GVM Corporation, Visakhapatnam - APPCB",30-11-2025 16:00:00,17.72,83.3,CO,20.0,34.0,27.0,2025-11-30 11:21:03.129818
India,Andhra_Pradesh,Visakhapatnam,"GVM Corporation, Visakhapatnam - APPCB",30-11-2025 16:00:00,17.72,83.3,OZONE,24.0,51.0,45.0,2025-11-30 11:21:03.129818
India,Assam,Byrnihat,"Central Academy for SFS, Byrnihat - PCBA",30-11-2025 16:00:00,26.071318,91.87488,NH3,4.0,4.0,4.0,2025-11-30 11:21:03.129818
India,Andhra_Pradesh,Amaravati,"Secretariat, Amaravati - APPCB",30-11-2025 16:00:00,16.5150833,80.5181667,SO2,1.0,11.0,6.0,2025-11-30 11:21:03.129818
India,Andhra_Pradesh,Amaravati,"Secretariat, Amaravati - APPCB",30-11-2025 16:00:00,16.5150833,80.5181667,CO,13.0,28.0,17.0,2025-11-30 11:21:03.129818
India,Andhra_Pradesh,Amaravati,"Secretariat, Amaravati - APPCB",30-11-2025 16:00:00,16.5150833,80.5181667,OZONE,18.0,43.0,29.0,2025-11-30 11:21:03.129818
India,Andhra_Pradesh,Tirumala,"Toll Gate, Tirumala - APPCB",30-11-2025 16:00:00,13.67,79.35,PM10,9.0,34.0,17.0,2025-11-30 11:21:03.129818
India,Andhra_Pradesh,Tirumala,"Toll Gate, Tirumala - APPCB",30-11-2025 16:00:00,13.67,79.35,NO2,11.0,17.0,14.0,2025-11-30 11:21:03.129818
India,Andhra_Pradesh,Rajamahendravaram,"Anand Kala Kshetram, Rajamahendravaram - APPCB",30-11-2025 16:00:00,16.9872867,81.7363176,CO,13.0,38.0,22.0,2025-11-30 11:21:03.129818
India,Andhra_Pradesh,Chittoor,"Gangineni Cheruvu, Chittoor - APPCB",30-11-2025 16:00:00,13.20488,79.097889,PM2.5,28.0,88.0,60.0,2025-11-30 11:21:03.129818
India,Andhra_Pradesh,Kadapa,"Yerramukkapalli, Kadapa - APPCB",30-11-2025 16:00:00,14.465052,78.824187,PM10,63.0,127.0,101.0,2025-11-30 11:21:03.129818
India,Andhra_Pradesh,Chittoor,"Gangineni Cheruvu, Chittoor - APPCB",30-11-2025 16:00:00,13.20488,79.097889,NH3,5.0,6.0,5.0,2025-11-30 11:21:03.129818
India,Andhra_Pradesh,Tirupati,"Vaikuntapuram, Tirupati - APPCB",30-11-2025 16:00:00,13.615387,79.40923,NO2,,,,2025-11-30 11:21:03.129818
India,Andhra_Pradesh,Kadapa,"Yerramukkapalli, Kadapa - APPCB",30-11-2025 16:00:00,14.465052,78.824187,SO2,12.0,12.0,12.0,2025-11-30 11:21:03.129818
India,Assam,Guwahati,"LGBI Airport, Guwahati - PCBA",30-11-2025 16:00:00,26.10887,91.589544,PM2.5,32.0,87.0,65.0,2025-11-30 11:21:03.129818
India,Assam,Guwahati,"LGBI Airport, Guwahati - PCBA",30-11-2025 16:00:00,26.10887,91.589544,PM10,33.0,94.0,70.0,2025-11-30 11:21:03.129818
India,Assam,Guwahati,"LGBI Airport, Guwahati - PCBA",30-11-2025 16:00:00,26.10887,91.589544,NH3,5.0,17.0,6.0,2025-11-30 11:21:03.129818
India,Assam,Guwahati,"Pan Bazaar, Guwahati - PCBA",30-11-2025 16:00:00,26.1875,91.744194,PM2.5,46.0,171.0,95.0,2025-11-30 11:21:03.129818
India,Bihar,Bettiah,"Kamalnath Nagar, Bettiah - BSPCB",30-11-2025 16:00:00,26.80365,84.51954,SO2,,,,2025-11-30 11:21:03.129818
India,Bihar,Bhagalpur,"DM Office_Kachari Chowk, Bhagalpur - BSPCB",30-11-2025 16:00:00,25.251013,86.989001,PM2.5,27.0,57.0,42.0,2025-11-30 11:21:03.129818
India,Assam,Guwahati,"Railway Colony, Guwahati - PCBA",30-11-2025 16:00:00,26.181742,91.78063,PM2.5,71.0,345.0,187.0,2025-11-30 11:21:03.129818
India,Assam,Guwahati,"Railway Colony, Guwahati - PCBA",30-11-2025 16:00:00,26.181742,91.78063,PM10,73.0,244.0,127.0,2025-11-30 11:21:03.129818
India,Assam,Sivasagar,"Girls College, Sivasagar - PCBA",30-11-2025 16:00:00,26.987634,94.636574,PM2.5,27.0,72.0,50.0,2025-11-30 11:21:03.129818
India,Assam,Sivasagar,"Girls College, Sivasagar - PCBA",30-11-2025 16:00:00,26.987634,94.636574,NO2,22.0,41.0,28.0,2025-11-30 11:21:03.129818
India,Bihar,Bettiah,"Kamalnath Nagar, Bettiah - BSPCB",30-11-2025 16:00:00,26.80365,84.51954,PM2.5,42.0,180.0,102.0,2025-11-30 11:21:03.129818
India,Bihar,Bettiah,"Kamalnath Nagar, Bettiah - BSPCB",30-11-2025 16:00:00,26.80365,84.51954,PM10,48.0,143.0,104.0,2025-11-30 11:21:03.129818
India,Bihar,Bhagalpur,"DM Office_Kachari Chowk, Bhagalpur - BSPCB",30-11-2025 16:00:00,25.251013,86.989001,SO2,40.0,58.0,50.0,2025-11-30 11:21:03.129818
India,Bihar,Araria,"Kharahiya Basti, Araria - BSPCB",30-11-2025 16:00:00,26.146529,87.454184,PM2.5,53.0,287.0,177.0,2025-11-30 11:21:03.129818
India,Bihar,Araria,"Kharahiya Basti, Araria - BSPCB",30-11-2025 16:00:00,26.146529,87.454184,CO,24.0,46.0,26.0,2025-11-30 11:21:03.129818
India,Bihar,Arrah,"New DM Office, Arrah - BSPCB",30-11-2025 16:00:00,25.5626095,84.663264,NH3,1.0,1.0,1.0,2025-11-30 11:21:03.129818
India,Bihar,Muzaffarpur,"MIT-Daudpur Kothi, Muzaffarpur - BSPCB",30-11-2025 16:00:00,26.1403345,85.3650192,PM10,61.0,68.0,63.0,2025-11-30 11:21:03.129818
India,Bihar,Muzaffarpur,"MIT-Daudpur Kothi, Muzaffarpur - BSPCB",30-11-2025 16:00:00,26.1403345,85.3650192,NO2,,,,2025-11-30 11:21:03.129818
India,Bihar,Muzaffarpur,"MIT-Daudpur Kothi, Muzaffarpur - BSPCB",30-11-2025 16:00:00,26.1403345,85.3650192,NH3,1.0,1.0,1.0,2025-11-30 11:21:03.129818
India,Bihar,Muzaffarpur,"Muzaffarpur Collectorate, Muzaffarpur - BSPCB",30-11-2025 16:00:00,26.1209,85.3647,SO2,4.0,4.0,4.0,2025-11-30 11:21:03.129818
India,Bihar,Muzaffarpur,"Muzaffarpur Collectorate, Muzaffarpur - BSPCB",30-11-2025 16:00:00,26.1209,85.3647,CO,11.0,36.0,15.0,2025-11-30 11:21:03.129818
India,Bihar,Muzaffarpur,"Muzaffarpur Collectorate, Muzaffarpur - BSPCB",30-11-2025 16:00:00,26.1209,85.3647,OZONE,16.0,42.0,18.0,2025-11-30 11:21:03.129818
India,Bihar,Patna,"DRM Office Danapur, Patna - BSPCB",30-11-2025 16:00:00,25.586562,85.043586,PM2.5,10.0,185.0,103.0,2025-11-30 11:21:03.129818
India,Bihar,Manguraha,"Forest Rest House, Manguraha - BSPCB",30-11-2025 16:00:00,27.308328,84.531742,OZONE,10.0,21.0,19.0,2025-11-30 11:21:03.129818
India,Bihar,Motihari,"Gandak Colony, Motihari - BSPCB",30-11-2025 16:00:00,26.63086,84.90051,NH3,3.0,3.0,3.0,2025-11-30 11:21:03.129818
India,Bihar,Chhapra,"Darshan Nagar, Chhapra - BSPCB",30-11-2025 16:00:00,25.7808257,84.7446768,NO2,,,,2025-11-30 11:21:03.129818
India,Bihar,Chhapra,"Darshan Nagar, Chhapra - BSPCB",30-11-2025 16:00:00,25.7808257,84.7446768,NH3,,,,2025-11-30 11:21:03.129818
India,Bihar,Gaya,"Collectorate, Gaya - BSPCB",30-11-2025 16:00:00,24.7955,84.9994,CO,23.0,69.0,43.0,2025-11-30 11:21:03.129818
India,Bihar,Hajipur,"Industrial Area, Hajipur - BSPCB",30-11-2025 16:00:00,25.697189,85.2459,SO2,2.0,8.0,4.0,2025-11-30 11:21:03.129818
India,Bihar,Katihar,"Mirchaibari, Katihar - BSPCB",30-11-2025 16:00:00,25.560083,87.553265,PM2.5,53.0,130.0,86.0,2025-11-30 11:21:03.129818
India,Bihar,Bhagalpur,"Mayaganj, Bhagalpur - BSPCB",30-11-2025 16:00:00,25.265194,87.012947,NH3,3.0,18.0,11.0,2025-11-30 11:21:03.129818
India,Bihar,Bhagalpur,"Mayaganj, Bhagalpur - BSPCB",30-11-2025 16:00:00,25.265194,87.012947,CO,24.0,109.0,80.0,2025-11-30 11:21:03.129818
India,Bihar,Katihar,"Mirchaibari, Katihar - BSPCB",30-11-2025 16:00:00,25.560083,87.553265,NH3,1.0,1.0,1.0,2025-11-30 11:21:03.129818
India,Bihar,Katihar,"Mirchaibari, Katihar - BSPCB",30-11-2025 16:00:00,25.560083,87.553265,SO2,9.0,21.0,14.0,2025-11-30 11:21:03.129818
India,Bihar,Muzaffarpur,"Buddha Colony, Muzaffarpur - BSPCB",30-11-2025 16:00:00,26.11442,85.39813,SO2,6.0,9.0,8.0,2025-11-30 11:21:03.129818
India,Bihar,Munger,"Town Hall, Munger - BSPCB",30-11-2025 16:00:00,25.376776,86.471523,OZONE,12.0,30.0,25.0,2025-11-30 11:21:03.129818
India,Bihar,Gaya,"SFTI Kusdihra, Gaya - BSPCB",30-11-2025 16:00:00,24.762518,84.982348,SO2,8.0,11.0,9.0,2025-11-30 11:21:03.129818
India,Bihar,Patna,"IGSC Planetarium Complex, Patna - BSPCB",30-11-2025 16:00:00,25.610369,85.132568,PM2.5,28.0,132.0,96.0,2025-11-30 11:21:03.129818
India,Bihar,Patna,"IGSC Planetarium Complex, Patna - BSPCB",30-11-2025 16:00:00,25.610369,85.132568,NO2,1.0,17.0,7.0,2025-11-30 11:21:03.129818
India,Bihar,Patna,"Muradpur, Patna - BSPCB",30-11-2025 16:00:00,25.619651,85.147382,PM10,75.0,162.0,112.0,2025-11-30 11:21:03.129818
India,Bihar,Patna,"Muradpur, Patna - BSPCB",30-11-2025 16:00:00,25.619651,85.147382,NO2,5.0,7.0,6.0,2025-11-30 11:21:03.129818
India,Bihar,Patna,"Rajbansi Nagar, Patna - BSPCB",30-11-2025 16:00:00,25.599486,85.113666,PM2.5,41.0,92.0,65.0,2025-11-30 11:21:03.129818
India,Bihar,Patna,"Rajbansi Nagar, Patna - BSPCB",30-11-2025 16:00:00,25.599486,85.113666,PM10,60.0,110.0,96.0,2025-11-30 11:21:03.129818
India,Bihar,Patna,"Rajbansi Nagar, Patna - BSPCB",30-11-2025 16:00:00,25.599486,85.113666,NO2,1.0,98.0,37.0,2025-11-30 11:21:03.129818
India,Bihar,Patna,"Rajbansi Nagar, Patna - BSPCB",30-11-2025 16:00:00,25.599486,85.113666,SO2,6.0,8.0,7.0,2025-11-30 11:21:03.129818
India,Bihar,Patna,"Govt. High School Shikarpur, Patna - BSPCB",30-11-2025 16:00:00,25.592539,85.227158,NH3,4.0,5.0,5.0,2025-11-30 11:21:03.129818
India,Bihar,Patna,"IGSC Planetarium Complex, Patna - BSPCB",30-11-2025 16:00:00,25.610369,85.132568,SO2,1.0,27.0,11.0,2025-11-30 11:21:03.129818
India,Bihar,Patna,"DRM Office Danapur, Patna - BSPCB",30-11-2025 16:00:00,25.586562,85.043586,CO,34.0,109.0,51.0,2025-11-30 11:21:03.129818
India,Bihar,Patna,"Muradpur, Patna - BSPCB",30-11-2025 16:00:00,25.619651,85.147382,OZONE,4.0,40.0,27.0,2025-11-30 11:21:03.129818
India,Bihar,Patna,"Samanpura, Patna - BSPCB",30-11-2025 16:00:00,25.596727,85.085624,NH3,5.0,5.0,5.0,2025-11-30 11:21:03.129818
India,Chandigarh,Chandigarh,"Sector 22, Chandigarh - CPCC",30-11-2025 16:00:00,30.735567,76.775714,NH3,,,,2025-11-30 11:21:03.129818
India,Chandigarh,Chandigarh,"Sector 22, Chandigarh - CPCC",30-11-2025 16:00:00,30.735567,76.775714,OZONE,7.0,115.0,69.0,2025-11-30 11:21:03.129818
India,Chandigarh,Chandigarh,"Sector-25, Chandigarh - CPCC",30-11-2025 16:00:00,30.751462,76.762879,CO,28.0,60.0,32.0,2025-11-30 11:21:03.129818
India,Chhattisgarh,Bhilai,"32Bungalows, Bhilai - CECB",30-11-2025 16:00:00,21.194815,81.31477,NO2,19.0,105.0,52.0,2025-11-30 11:21:03.129818
India,Chhattisgarh,Bhilai,"32Bungalows, Bhilai - CECB",30-11-2025 16:00:00,21.194815,81.31477,SO2,5.0,75.0,24.0,2025-11-30 11:21:03.129818
India,Chhattisgarh,Bhilai,"Civic Center, Bhilai - Bhilai Steel Plant",30-11-2025 16:00:00,21.185571,81.343175,PM10,45.0,144.0,70.0,2025-11-30 11:21:03.129818
India,Chhattisgarh,Bilaspur,"Mangala, Bilaspur - NTPC",30-11-2025 16:00:00,22.08815,82.13737,PM2.5,51.0,100.0,72.0,2025-11-30 11:21:03.129818
India,Bihar,Sasaram,"Dada Peer, Sasaram - BSPCB",30-11-2025 16:00:00,24.952822,84.002396,OZONE,9.0,370.0,15.0,2025-11-30 11:21:03.129818
India,Bihar,Siwan,"Chitragupta Nagar, Siwan - BSPCB",30-11-2025 16:00:00,26.2271665,84.3570427,NH3,,,,2025-11-30 11:21:03.129818
India,Bihar,Samastipur,"DM Office_Kasipur, Samastipur - BSPCB",30-11-2025 16:00:00,25.859655,85.77944,PM2.5,23.0,43.0,36.0,2025-11-30 11:21:03.129818
India,Bihar,Samastipur,"DM Office_Kasipur, Samastipur - BSPCB",30-11-2025 16:00:00,25.859655,85.77944,NO2,7.0,10.0,8.0,2025-11-30 11:21:03.129818
India,Bihar,Samastipur,"DM Office_Kasipur, Samastipur - BSPCB",30-11-2025 16:00:00,25.859655,85.77944,NH3,1.0,1.0,1.0,2025-11-30 11:21:03.129818
India,Bihar,Saharsa,"Police Line, Saharsa - BSPCB",30-11-2025 16:00:00,25.892357,86.590325,NO2,6.0,9.0,7.0,2025-11-30 11:21:03.129818
India,Bihar,Saharsa,"Police Line, Saharsa - BSPCB",30-11-2025 16:00:00,25.892357,86.590325,NH3,4.0,4.0,4.0,2025-11-30 11:21:03.129818
India,Chhattisgarh,Chhal,"Nawapara SECL Colony, Chhal - CECB",30-11-2025 16:00:00,22.118125,83.140608,PM10,43.0,103.0,69.0,2025-11-30 11:21:03.129818
India,Bihar,Purnia,"Mariam Nagar, Purnia - BSPCB",30-11-2025 16:00:00,25.366336,87.117468,OZONE,21.0,51.0,38.0,2025-11-30 11:21:03.129818
India,Bihar,Purnia,"Mariam Nagar, Purnia - BSPCB",30-11-2025 16:00:00,25.366336,87.117468,PM10,25.0,95.0,66.0,2025-11-30 11:21:03.129818
India,Bihar,Purnia,"Mariam Nagar, Purnia - BSPCB",30-11-2025 16:00:00,25.366336,87.117468,SO2,16.0,26.0,18.0,2025-11-30 11:21:03.129818
India,Bihar,Rajgir,"Dangi Tola, Rajgir - BSPCB",30-11-2025 16:00:00,25.0328,85.41948,SO2,19.0,23.0,21.0,2025-11-30 11:21:03.129818
India,Chhattisgarh,Kunjemura,"OP Jindal School, Kunjemura - CECB",30-11-2025 16:00:00,22.12665,83.483212,CO,16.0,45.0,23.0,2025-11-30 11:21:03.129818
India,Chhattisgarh,Milupara,"Govt. Higher Secondary School, Milupara - CECB",30-11-2025 16:00:00,22.1910172,83.5197009,PM2.5,42.0,88.0,65.0,2025-11-30 11:21:03.129818
India,Chhattisgarh,Milupara,"Govt. Higher Secondary School, Milupara - CECB",30-11-2025 16:00:00,22.1910172,83.5197009,PM10,57.0,114.0,87.0,2025-11-30 11:21:03.129818
India,Chhattisgarh,Raipur,"Siltara Phase-II, Raipur - CECB",30-11-2025 16:00:00,21.371751,81.664929,CO,34.0,36.0,35.0,2025-11-30 11:21:03.129818
India,Chhattisgarh,Tumidih,"OP Jindal Industrial Park, Tumidih - CECB",30-11-2025 16:00:00,22.06631475,83.33820077,NH3,1.0,2.0,2.0,2025-11-30 11:21:03.129818
India,Chhattisgarh,Raipur,"Bhatagaon New ISBT, Raipur - CECB",30-11-2025 16:00:00,21.219665,81.630094,PM10,39.0,119.0,79.0,2025-11-30 11:21:03.129818
India,Chhattisgarh,Raipur,"Bhatagaon New ISBT, Raipur - CECB",30-11-2025 16:00:00,21.219665,81.630094,NO2,14.0,39.0,23.0,2025-11-30 11:21:03.129818
India,Chhattisgarh,Raipur,"AIIMS, Raipur - CECB",30-11-2025 16:00:00,21.258815,81.578979,SO2,3.0,7.0,5.0,2025-11-30 11:21:03.129818
India,Chhattisgarh,Raipur,"AIIMS, Raipur - CECB",30-11-2025 16:00:00,21.258815,81.578979,CO,26.0,65.0,44.0,2025-11-30 11:21:03.129818
India,Chhattisgarh,Milupara,"Govt. Higher Secondary School, Milupara - CECB",30-11-2025 16:00:00,22.1910172,83.5197009,NO2,14.0,62.0,29.0,2025-11-30 11:21:03.129818
India,Chhattisgarh,Raipur,"Bhatagaon New ISBT, Raipur - CECB",30-11-2025 16:00:00,21.219665,81.630094,OZONE,3.0,16.0,5.0,2025-11-30 11:21:03.129818
India,Chhattisgarh,Korba,"Urja Nagar, Korba - CECB",30-11-2025 16:00:00,22.348441,82.549611,OZONE,35.0,36.0,36.0,2025-11-30 11:21:03.129818
India,Chhattisgarh,Raipur,"Krishak Nagar, Raipur - CECB",30-11-2025 16:00:00,21.237755,81.705301,NH3,2.0,2.0,2.0,2025-11-30 11:21:03.129818
India,Delhi,Delhi,"Alipur, Delhi - DPCC",30-11-2025 16:00:00,28.815329,77.15301,PM2.5,80.0,331.0,242.0,2025-11-30 11:21:03.129818
India,Delhi,Delhi,"Chandni Chowk, Delhi - IITM",30-11-2025 16:00:00,28.656756,77.227234,SO2,6.0,48.0,17.0,2025-11-30 11:21:03.129818
India,Delhi,Delhi,"Chandni Chowk, Delhi - IITM",30-11-2025 16:00:00,28.656756,77.227234,CO,65.0,113.0,106.0,2025-11-30 11:21:03.129818
India,Delhi,Delhi,"DTU, Delhi - CPCB",30-11-2025 16:00:00,28.7500499,77.1112615,PM10,107.0,292.0,176.0,2025-11-30 11:21:03.129818
India,Delhi,Delhi,"DTU, Delhi - CPCB",30-11-2025 16:00:00,28.7500499,77.1112615,NO2,56.0,68.0,65.0,2025-11-30 11:21:03.129818
India,Delhi,Delhi,"DTU, Delhi - CPCB",30-11-2025 16:00:00,28.7500499,77.1112615,NH3,8.0,10.0,9.0,2025-11-30 11:21:03.129818
India,Delhi,Delhi,"DTU, Delhi - CPCB",30-11-2025 16:00:00,28.7500499,77.1112615,OZONE,19.0,30.0,25.0,2025-11-30 11:21:03.129818
India,Delhi,Delhi,"Dr. Karni Singh Shooting Range, Delhi - DPCC",30-11-2025 16:00:00,28.498571,77.26484,PM2.5,88.0,362.0,293.0,2025-11-30 11:21:03.129818
India,Delhi,Delhi,"Dwarka-Sector 8, Delhi - DPCC ",30-11-2025 16:00:00,28.5710274,77.0719006,NH3,15.0,22.0,19.0,2025-11-30 11:21:03.129818
India,Delhi,Delhi,"IHBAS, Dilshad Garden, Delhi - CPCB",30-11-2025 16:00:00,28.6811736,77.3025234,NH3,9.0,13.0,10.0,2025-11-30 11:21:03.129818
India,Delhi,Delhi,"ITO, Delhi - CPCB",30-11-2025 16:00:00,28.628624,77.24106,CO,38.0,129.0,55.0,2025-11-30 11:21:03.129818
India,Delhi,Delhi,"ITO, Delhi - CPCB",30-11-2025 16:00:00,28.628624,77.24106,OZONE,11.0,79.0,42.0,2025-11-30 11:21:03.129818
India,Delhi,Delhi,"Alipur, Delhi - DPCC",30-11-2025 16:00:00,28.815329,77.15301,SO2,8.0,22.0,12.0,2025-11-30 11:21:03.129818
India,Delhi,Delhi,"Alipur, Delhi - DPCC",30-11-2025 16:00:00,28.815329,77.15301,OZONE,7.0,63.0,43.0,2025-11-30 11:21:03.129818
India,Delhi,Delhi,"Dr. Karni Singh Shooting Range, Delhi - DPCC",30-11-2025 16:00:00,28.498571,77.26484,OZONE,7.0,45.0,31.0,2025-11-30 11:21:03.129818
India,Delhi,Delhi,"Dr. Karni Singh Shooting Range, Delhi - DPCC",30-11-2025 16:00:00,28.498571,77.26484,NH3,8.0,10.0,9.0,2025-11-30 11:21:03.129818
India,Delhi,Delhi,"Chandni Chowk, Delhi - IITM",30-11-2025 16:00:00,28.656756,77.227234,NO2,45.0,82.0,59.0,2025-11-30 11:21:03.129818
India,Delhi,Delhi,"Anand Vihar, Delhi - DPCC",30-11-2025 16:00:00,28.647622,77.315809,SO2,,,,2025-11-30 11:21:03.129818
India,Delhi,Delhi,"Alipur, Delhi - DPCC",30-11-2025 16:00:00,28.815329,77.15301,NO2,24.0,108.0,61.0,2025-11-30 11:21:03.129818
India,Delhi,Delhi,"Jawaharlal Nehru Stadium, Delhi - DPCC",30-11-2025 16:00:00,28.58028,77.233829,OZONE,6.0,8.0,7.0,2025-11-30 11:21:03.129818
India,Delhi,Delhi,"Lodhi Road, Delhi - IITM",30-11-2025 16:00:00,28.588333,77.221667,PM2.5,96.0,318.0,249.0,2025-11-30 11:21:03.129818
India,Delhi,Delhi,"Lodhi Road, Delhi - IITM",30-11-2025 16:00:00,28.588333,77.221667,PM10,105.0,187.0,156.0,2025-11-30 11:21:03.129818
India,Delhi,Delhi,"Major Dhyan Chand National Stadium, Delhi - DPCC",30-11-2025 16:00:00,28.611281,77.237738,PM10,121.0,290.0,209.0,2025-11-30 11:21:03.129818
India,Delhi,Delhi,"NSIT Dwarka, Delhi - CPCB",30-11-2025 16:00:00,28.60909,77.0325413,PM2.5,79.0,354.0,210.0,2025-11-30 11:21:03.129818
India,Delhi,Delhi,"NSIT Dwarka, Delhi - CPCB",30-11-2025 16:00:00,28.60909,77.0325413,PM10,173.0,251.0,199.0,2025-11-30 11:21:03.129818
India,Delhi,Delhi,"NSIT Dwarka, Delhi - CPCB",30-11-2025 16:00:00,28.60909,77.0325413,NH3,8.0,15.0,11.0,2025-11-30 11:21:03.129818
India,Delhi,Delhi,"NSIT Dwarka, Delhi - CPCB",30-11-2025 16:00:00,28.60909,77.0325413,CO,49.0,104.0,65.0,2025-11-30 11:21:03.129818
India,Delhi,Delhi,"Najafgarh, Delhi - DPCC",30-11-2025 16:00:00,28.570173,76.933762,PM2.5,70.0,323.0,248.0,2025-11-30 11:21:03.129818
India,Delhi,Delhi,"Major Dhyan Chand National Stadium, Delhi - DPCC",30-11-2025 16:00:00,28.611281,77.237738,SO2,5.0,21.0,9.0,2025-11-30 11:21:03.129818
India,Delhi,Delhi,"Jawaharlal Nehru Stadium, Delhi - DPCC",30-11-2025 16:00:00,28.58028,77.233829,SO2,4.0,25.0,12.0,2025-11-30 11:21:03.129818
India,Delhi,Delhi,"Mandir Marg, Delhi - DPCC",30-11-2025 16:00:00,28.636429,77.201067,PM2.5,10.0,307.0,156.0,2025-11-30 11:21:03.129818
India,Delhi,Delhi,"Jahangirpuri, Delhi - DPCC",30-11-2025 16:00:00,28.73282,77.170633,PM10,115.0,312.0,218.0,2025-11-30 11:21:03.129818
India,Delhi,Delhi,"Mandir Marg, Delhi - DPCC",30-11-2025 16:00:00,28.636429,77.201067,PM10,114.0,222.0,167.0,2025-11-30 11:21:03.129818
India,Delhi,Delhi,"Jahangirpuri, Delhi - DPCC",30-11-2025 16:00:00,28.73282,77.170633,OZONE,2.0,157.0,151.0,2025-11-30 11:21:03.129818
India,Delhi,Delhi,"Pusa, Delhi - DPCC",30-11-2025 16:00:00,28.639652,77.146275,CO,52.0,102.0,59.0,2025-11-30 11:21:03.129818
India,Delhi,Delhi,"R K Puram, Delhi - DPCC",30-11-2025 16:00:00,28.563262,77.186937,NO2,28.0,129.0,83.0,2025-11-30 11:21:03.129818
India,Delhi,Delhi,"R K Puram, Delhi - DPCC",30-11-2025 16:00:00,28.563262,77.186937,NH3,6.0,7.0,6.0,2025-11-30 11:21:03.129818
India,Delhi,Delhi,"Rohini, Delhi - DPCC",30-11-2025 16:00:00,28.732528,77.11992,SO2,13.0,31.0,20.0,2025-11-30 11:21:03.129818
India,Delhi,Delhi,"Shadipur, Delhi - CPCB",30-11-2025 16:00:00,28.6514781,77.1473105,PM10,174.0,297.0,198.0,2025-11-30 11:21:03.129818
India,Delhi,Delhi,"Sirifort, Delhi - CPCB",30-11-2025 16:00:00,28.5504249,77.2159377,NO2,62.0,88.0,79.0,2025-11-30 11:21:03.129818
India,Delhi,Delhi,"Punjabi Bagh, Delhi - DPCC",30-11-2025 16:00:00,28.674045,77.131023,SO2,2.0,22.0,12.0,2025-11-30 11:21:03.129818
India,Delhi,Delhi,"Punjabi Bagh, Delhi - DPCC",30-11-2025 16:00:00,28.674045,77.131023,CO,35.0,100.0,43.0,2025-11-30 11:21:03.129818
India,Delhi,Delhi,"Punjabi Bagh, Delhi - DPCC",30-11-2025 16:00:00,28.674045,77.131023,OZONE,4.0,152.0,84.0,2025-11-30 11:21:03.129818
India,Delhi,Delhi,"Pusa, Delhi - DPCC",30-11-2025 16:00:00,28.639652,77.146275,PM10,163.0,432.0,235.0,2025-11-30 11:21:03.129818
India,Delhi,Delhi,"Pusa, Delhi - DPCC",30-11-2025 16:00:00,28.639652,77.146275,NH3,2.0,9.0,6.0,2025-11-30 11:21:03.129818
India,Delhi,Delhi,"Nehru Nagar, Delhi - DPCC",30-11-2025 16:00:00,28.56789,77.250515,CO,114.0,133.0,120.0,2025-11-30 11:21:03.129818
India,Delhi,Delhi,"Nehru Nagar, Delhi - DPCC",30-11-2025 16:00:00,28.56789,77.250515,OZONE,2.0,172.0,87.0,2025-11-30 11:21:03.129818
India,Delhi,Delhi,"North Campus, DU, Delhi - IMD",30-11-2025 16:00:00,28.6573814,77.1585447,PM10,131.0,211.0,162.0,2025-11-30 11:21:03.129818
India,Delhi,Delhi,"Nehru Nagar, Delhi - DPCC",30-11-2025 16:00:00,28.56789,77.250515,PM10,121.0,417.0,250.0,2025-11-30 11:21:03.129818
India,Delhi,Delhi,"Nehru Nagar, Delhi - DPCC",30-11-2025 16:00:00,28.56789,77.250515,NO2,43.0,106.0,75.0,2025-11-30 11:21:03.129818
India,Delhi,Delhi,"Sri Aurobindo Marg, Delhi - DPCC",30-11-2025 16:00:00,28.531346,77.190156,OZONE,1.0,106.0,59.0,2025-11-30 11:21:03.129818
India,Delhi,Delhi,"Vivek Vihar, Delhi - DPCC",30-11-2025 16:00:00,28.672342,77.31526,OZONE,5.0,150.0,95.0,2025-11-30 11:21:03.129818
India,Delhi,Delhi,"Sonia Vihar, Delhi - DPCC",30-11-2025 16:00:00,28.710508,77.249485,CO,40.0,128.0,84.0,2025-11-30 11:21:03.129818
India,Delhi,Delhi,"Patparganj, Delhi - DPCC",30-11-2025 16:00:00,28.623763,77.287209,CO,24.0,130.0,48.0,2025-11-30 11:21:03.129818
India,Delhi,Delhi,"Sirifort, Delhi - CPCB",30-11-2025 16:00:00,28.5504249,77.2159377,SO2,20.0,28.0,24.0,2025-11-30 11:21:03.129818
India,Delhi,Delhi,"Wazirpur, Delhi - DPCC",30-11-2025 16:00:00,28.699793,77.165453,NH3,7.0,10.0,9.0,2025-11-30 11:21:03.129818
India,Delhi,Delhi,"Wazirpur, Delhi - DPCC",30-11-2025 16:00:00,28.699793,77.165453,CO,50.0,120.0,59.0,2025-11-30 11:21:03.129818
India,Gujarat,Ahmedabad,"Chandkheda, Ahmedabad - IITM",30-11-2025 16:00:00,23.107969,72.574648,PM2.5,54.0,103.0,79.0,2025-11-30 11:21:03.129818
India,Gujarat,Ahmedabad,"Chandkheda, Ahmedabad - IITM",30-11-2025 16:00:00,23.107969,72.574648,PM10,89.0,149.0,120.0,2025-11-30 11:21:03.129818
India,Gujarat,Ahmedabad,"Gyaspur, Ahmedabad - IITM",30-11-2025 16:00:00,22.977134,72.553024,SO2,,,,2025-11-30 11:21:03.129818
India,Gujarat,Ahmedabad,"Gyaspur, Ahmedabad - IITM",30-11-2025 16:00:00,22.977134,72.553024,CO,,,,2025-11-30 11:21:03.129818
India,Gujarat,Ahmedabad,"Maninagar, Ahmedabad - GPCB",30-11-2025 16:00:00,23.002657,72.591912,PM2.5,38.0,88.0,64.0,2025-11-30 11:21:03.129818
India,Gujarat,Ahmedabad,"Maninagar, Ahmedabad - GPCB",30-11-2025 16:00:00,23.002657,72.591912,NO2,59.0,60.0,60.0,2025-11-30 11:21:03.129818
India,Gujarat,Ahmedabad,"Raikhad, Ahmedabad - IITM",30-11-2025 16:00:00,23.020509,72.579261,NO2,23.0,106.0,59.0,2025-11-30 11:21:03.129818
India,Gujarat,Ahmedabad,"Raikhad, Ahmedabad - IITM",30-11-2025 16:00:00,23.020509,72.579261,NH3,5.0,12.0,7.0,2025-11-30 11:21:03.129818
India,Gujarat,Ahmedabad,"Raikhad, Ahmedabad - IITM",30-11-2025 16:00:00,23.020509,72.579261,SO2,7.0,39.0,15.0,2025-11-30 11:21:03.129818
India,Gujarat,Ahmedabad,"Rakhial, Ahmedabad - IITM",30-11-2025 16:00:00,23.016834,72.625775,NH3,4.0,16.0,7.0,2025-11-30 11:21:03.129818
India,Gujarat,Ahmedabad,"SAC ISRO Satellite, Ahmedabad - IITM",30-11-2025 16:00:00,23.023389,72.515201,SO2,5.0,30.0,10.0,2025-11-30 11:21:03.129818
India,Assam,Nagaon,"Christianpatty, Nagaon - PCBA",30-11-2025 16:00:00,26.349082,92.68449,NH3,,,,2025-11-30 11:21:03.129818
India,Assam,Nagaon,"Christianpatty, Nagaon - PCBA",30-11-2025 16:00:00,26.349082,92.68449,SO2,,,,2025-11-30 11:21:03.129818
India,Assam,Nagaon,"Christianpatty, Nagaon - PCBA",30-11-2025 16:00:00,26.349082,92.68449,OZONE,,,,2025-11-30 11:21:03.129818
India,Assam,Nalbari,"Bata Chowk, Nalbari - PCBA",30-11-2025 16:00:00,26.446912,91.439057,NO2,14.0,15.0,14.0,2025-11-30 11:21:03.129818
India,Assam,Nalbari,"Bata Chowk, Nalbari - PCBA",30-11-2025 16:00:00,26.446912,91.439057,NH3,6.0,6.0,6.0,2025-11-30 11:21:03.129818
India,Assam,Nalbari,"Bata Chowk, Nalbari - PCBA",30-11-2025 16:00:00,26.446912,91.439057,CO,20.0,22.0,21.0,2025-11-30 11:21:03.129818
India,Arunachal_Pradesh,Naharlagun,"Naharlagun, Naharlagun - APSPCB",30-11-2025 16:00:00,27.103358,93.679645,CO,7.0,66.0,14.0,2025-11-30 11:21:03.129818
India,Assam,Byrnihat,"Central Academy for SFS, Byrnihat - PCBA",30-11-2025 16:00:00,26.071318,91.87488,PM2.5,81.0,129.0,96.0,2025-11-30 11:21:03.129818
India,Assam,Guwahati,"IITG, Guwahati - PCBA",30-11-2025 16:00:00,26.2028636,91.70046436,NO2,1.0,9.0,4.0,2025-11-30 11:21:03.129818
India,Andhra_Pradesh,Amaravati,"Secretariat, Amaravati - APPCB",30-11-2025 16:00:00,16.5150833,80.5181667,NH3,1.0,5.0,4.0,2025-11-30 11:21:03.129818
India,Andhra_Pradesh,Anantapur,"Gulzarpet, Anantapur - APPCB",30-11-2025 16:00:00,14.675886,77.593027,NO2,20.0,20.0,20.0,2025-11-30 11:21:03.129818
India,Assam,Guwahati,"LGBI Airport, Guwahati - PCBA",30-11-2025 16:00:00,26.10887,91.589544,NO2,11.0,158.0,21.0,2025-11-30 11:21:03.129818
India,Assam,Guwahati,"Pan Bazaar, Guwahati - PCBA",30-11-2025 16:00:00,26.1875,91.744194,CO,14.0,86.0,28.0,2025-11-30 11:21:03.129818
India,Andhra_Pradesh,Anantapur,"Gulzarpet, Anantapur - APPCB",30-11-2025 16:00:00,14.675886,77.593027,NH3,4.0,5.0,5.0,2025-11-30 11:21:03.129818
India,Andhra_Pradesh,Anantapur,"Gulzarpet, Anantapur - APPCB",30-11-2025 16:00:00,14.675886,77.593027,OZONE,30.0,59.0,37.0,2025-11-30 11:21:03.129818
India,Assam,Silchar,"Tarapur, Silchar - PCBA",30-11-2025 16:00:00,24.82827,92.79525,NH3,1.0,2.0,1.0,2025-11-30 11:21:03.129818
India,Assam,Silchar,"Tarapur, Silchar - PCBA",30-11-2025 16:00:00,24.82827,92.79525,OZONE,1.0,4.0,2.0,2025-11-30 11:21:03.129818
India,Andhra_Pradesh,Vijayawada,"Rajiv Gandhi Park, Vijayawada - APPCB",30-11-2025 16:00:00,16.509717,80.612222,PM10,33.0,44.0,39.0,2025-11-30 11:21:03.129818
India,Andhra_Pradesh,Vijayawada,"HB Colony, Vijayawada - APPCB",30-11-2025 16:00:00,16.536107,80.594233,OZONE,26.0,48.0,31.0,2025-11-30 11:21:03.129818
India,Andhra_Pradesh,Amaravati,"Secretariat, Amaravati - APPCB",30-11-2025 16:00:00,16.5150833,80.5181667,NO2,17.0,59.0,24.0,2025-11-30 11:21:03.129818
India,Andhra_Pradesh,Tirumala,"Toll Gate, Tirumala - APPCB",30-11-2025 16:00:00,13.67,79.35,CO,16.0,48.0,27.0,2025-11-30 11:21:03.129818
India,Bihar,Bhagalpur,"DM Office_Kachari Chowk, Bhagalpur - BSPCB",30-11-2025 16:00:00,25.251013,86.989001,CO,14.0,18.0,16.0,2025-11-30 11:21:03.129818
India,Bihar,Bhagalpur,"DM Office_Kachari Chowk, Bhagalpur - BSPCB",30-11-2025 16:00:00,25.251013,86.989001,OZONE,11.0,25.0,15.0,2025-11-30 11:21:03.129818
India,Bihar,Bihar Sharif,"D M Colony, Bihar Sharif - BSPCB",30-11-2025 16:00:00,25.204762,85.51496,PM10,24.0,103.0,64.0,2025-11-30 11:21:03.129818
India,Bihar,Buxar,"Charitra Van, Buxar - BSPCB",30-11-2025 16:00:00,25.56752,83.966379,SO2,4.0,16.0,8.0,2025-11-30 11:21:03.129818
India,Bihar,Buxar,"Charitra Van, Buxar - BSPCB",30-11-2025 16:00:00,25.56752,83.966379,OZONE,12.0,115.0,90.0,2025-11-30 11:21:03.129818
India,Bihar,Begusarai,"Lohiyanagar, Begusarai - BSPCB",30-11-2025 16:00:00,25.42742023,86.13886079,PM10,51.0,74.0,62.0,2025-11-30 11:21:03.129818
India,Assam,Sivasagar,"Girls College, Sivasagar - PCBA",30-11-2025 16:00:00,26.987634,94.636574,NH3,4.0,12.0,9.0,2025-11-30 11:21:03.129818
India,Bihar,Begusarai,"Lohiyanagar, Begusarai - BSPCB",30-11-2025 16:00:00,25.42742023,86.13886079,SO2,4.0,6.0,5.0,2025-11-30 11:21:03.129818
India,Assam,Sivasagar,"Girls College, Sivasagar - PCBA",30-11-2025 16:00:00,26.987634,94.636574,SO2,8.0,11.0,10.0,2025-11-30 11:21:03.129818
India,Bihar,Araria,"Kharahiya Basti, Araria - BSPCB",30-11-2025 16:00:00,26.146529,87.454184,SO2,15.0,29.0,23.0,2025-11-30 11:21:03.129818
India,Bihar,Begusarai,"Lohiyanagar, Begusarai - BSPCB",30-11-2025 16:00:00,25.42742023,86.13886079,NH3,2.0,2.0,2.0,2025-11-30 11:21:03.129818
India,Bihar,Bettiah,"Kamalnath Nagar, Bettiah - BSPCB",30-11-2025 16:00:00,26.80365,84.51954,NO2,5.0,9.0,8.0,2025-11-30 11:21:03.129818
India,Bihar,Motihari,"Gandak Colony, Motihari - BSPCB",30-11-2025 16:00:00,26.63086,84.90051,NO2,10.0,16.0,13.0,2025-11-30 11:21:03.129818
India,Bihar,Motihari,"Gandak Colony, Motihari - BSPCB",30-11-2025 16:00:00,26.63086,84.90051,SO2,3.0,3.0,3.0,2025-11-30 11:21:03.129818
India,Bihar,Motihari,"Gandak Colony, Motihari - BSPCB",30-11-2025 16:00:00,26.63086,84.90051,CO,44.0,70.0,59.0,2025-11-30 11:21:03.129818
India,Bihar,Munger,"Town Hall, Munger - BSPCB",30-11-2025 16:00:00,25.376776,86.471523,PM2.5,55.0,374.0,131.0,2025-11-30 11:21:03.129818
India,Bihar,Munger,"Town Hall, Munger - BSPCB",30-11-2025 16:00:00,25.376776,86.471523,SO2,,,,2025-11-30 11:21:03.129818
India,Bihar,Muzaffarpur,"Buddha Colony, Muzaffarpur - BSPCB",30-11-2025 16:00:00,26.11442,85.39813,NO2,24.0,61.0,46.0,2025-11-30 11:21:03.129818
India,Bihar,Muzaffarpur,"MIT-Daudpur Kothi, Muzaffarpur - BSPCB",30-11-2025 16:00:00,26.1403345,85.3650192,CO,38.0,50.0,38.0,2025-11-30 11:21:03.129818
India,Bihar,Muzaffarpur,"Muzaffarpur Collectorate, Muzaffarpur - BSPCB",30-11-2025 16:00:00,26.1209,85.3647,NO2,9.0,11.0,10.0,2025-11-30 11:21:03.129818
India,Bihar,Hajipur,"Industrial Area, Hajipur - BSPCB",30-11-2025 16:00:00,25.697189,85.2459,CO,8.0,137.0,78.0,2025-11-30 11:21:03.129818
India,Bihar,Katihar,"Mirchaibari, Katihar - BSPCB",30-11-2025 16:00:00,25.560083,87.553265,NO2,12.0,20.0,16.0,2025-11-30 11:21:03.129818
India,Bihar,Patna,"IGSC Planetarium Complex, Patna - BSPCB",30-11-2025 16:00:00,25.610369,85.132568,OZONE,27.0,32.0,29.0,2025-11-30 11:21:03.129818
India,Bihar,Manguraha,"Forest Rest House, Manguraha - BSPCB",30-11-2025 16:00:00,27.308328,84.531742,PM10,27.0,175.0,67.0,2025-11-30 11:21:03.129818
India,Bihar,Manguraha,"Forest Rest House, Manguraha - BSPCB",30-11-2025 16:00:00,27.308328,84.531742,NO2,3.0,15.0,6.0,2025-11-30 11:21:03.129818
India,Bihar,Patna,"DRM Office Danapur, Patna - BSPCB",30-11-2025 16:00:00,25.586562,85.043586,NH3,5.0,15.0,7.0,2025-11-30 11:21:03.129818
India,Bihar,Gaya,"Kareemganj, Gaya - BSPCB",30-11-2025 16:00:00,24.792403,84.992416,SO2,15.0,17.0,16.0,2025-11-30 11:21:03.129818
India,Bihar,Gaya,"Kareemganj, Gaya - BSPCB",30-11-2025 16:00:00,24.792403,84.992416,NH3,5.0,6.0,5.0,2025-11-30 11:21:03.129818
India,Bihar,Siwan,"Chitragupta Nagar, Siwan - BSPCB",30-11-2025 16:00:00,26.2271665,84.3570427,PM10,,,,2025-11-30 11:21:03.129818
India,Bihar,Siwan,"Chitragupta Nagar, Siwan - BSPCB",30-11-2025 16:00:00,26.2271665,84.3570427,CO,,,,2025-11-30 11:21:03.129818
India,Chandigarh,Chandigarh,"Sector 22, Chandigarh - CPCC",30-11-2025 16:00:00,30.735567,76.775714,NO2,,,,2025-11-30 11:21:03.129818
India,Chandigarh,Chandigarh,"Sector 22, Chandigarh - CPCC",30-11-2025 16:00:00,30.735567,76.775714,CO,58.0,70.0,66.0,2025-11-30 11:21:03.129818
India,Chandigarh,Chandigarh,"Sector-25, Chandigarh - CPCC",30-11-2025 16:00:00,30.751462,76.762879,NH3,3.0,5.0,4.0,2025-11-30 11:21:03.129818
India,Chandigarh,Chandigarh,"Sector-25, Chandigarh - CPCC",30-11-2025 16:00:00,30.751462,76.762879,OZONE,1.0,81.0,43.0,2025-11-30 11:21:03.129818
India,Chhattisgarh,Bhilai,"32Bungalows, Bhilai - CECB",30-11-2025 16:00:00,21.194815,81.31477,PM2.5,23.0,50.0,37.0,2025-11-30 11:21:03.129818
India,Bihar,Samastipur,"DM Office_Kasipur, Samastipur - BSPCB",30-11-2025 16:00:00,25.859655,85.77944,SO2,15.0,30.0,23.0,2025-11-30 11:21:03.129818
India,Bihar,Samastipur,"DM Office_Kasipur, Samastipur - BSPCB",30-11-2025 16:00:00,25.859655,85.77944,OZONE,8.0,9.0,8.0,2025-11-30 11:21:03.129818
India,Bihar,Sasaram,"Dada Peer, Sasaram - BSPCB",30-11-2025 16:00:00,24.952822,84.002396,PM2.5,33.0,111.0,63.0,2025-11-30 11:21:03.129818
India,Bihar,Sasaram,"Dada Peer, Sasaram - BSPCB",30-11-2025 16:00:00,24.952822,84.002396,SO2,2.0,6.0,4.0,2025-11-30 11:21:03.129818
India,Chhattisgarh,Bilaspur,"Mangala, Bilaspur - NTPC",30-11-2025 16:00:00,22.08815,82.13737,CO,11.0,80.0,29.0,2025-11-30 11:21:03.129818
India,Chhattisgarh,Chhal,"Nawapara SECL Colony, Chhal - CECB",30-11-2025 16:00:00,22.118125,83.140608,PM2.5,46.0,74.0,60.0,2025-11-30 11:21:03.129818
India,Chhattisgarh,Chhal,"Nawapara SECL Colony, Chhal - CECB",30-11-2025 16:00:00,22.118125,83.140608,NH3,5.0,5.0,5.0,2025-11-30 11:21:03.129818
India,Bihar,Patna,"Samanpura, Patna - BSPCB",30-11-2025 16:00:00,25.596727,85.085624,CO,54.0,105.0,69.0,2025-11-30 11:21:03.129818
India,Bihar,Patna,"Samanpura, Patna - BSPCB",30-11-2025 16:00:00,25.596727,85.085624,OZONE,50.0,319.0,90.0,2025-11-30 11:21:03.129818
India,Bihar,Purnia,"Mariam Nagar, Purnia - BSPCB",30-11-2025 16:00:00,25.366336,87.117468,PM2.5,28.0,117.0,77.0,2025-11-30 11:21:03.129818
India,Chhattisgarh,Korba,"Rampur, Korba - CECB",30-11-2025 16:00:00,22.368195,82.746431,NH3,2.0,2.0,2.0,2025-11-30 11:21:03.129818
India,Chhattisgarh,Korba,"Urja Nagar, Korba - CECB",30-11-2025 16:00:00,22.348441,82.549611,PM2.5,70.0,87.0,71.0,2025-11-30 11:21:03.129818
India,Chhattisgarh,Korba,"Urja Nagar, Korba - CECB",30-11-2025 16:00:00,22.348441,82.549611,PM10,92.0,93.0,93.0,2025-11-30 11:21:03.129818
India,Chhattisgarh,Bhilai,"Civic Center, Bhilai - Bhilai Steel Plant",30-11-2025 16:00:00,21.185571,81.343175,NH3,4.0,4.0,4.0,2025-11-30 11:21:03.129818
India,Chhattisgarh,Bhilai,"Civic Center, Bhilai - Bhilai Steel Plant",30-11-2025 16:00:00,21.185571,81.343175,CO,21.0,22.0,22.0,2025-11-30 11:21:03.129818
India,Chhattisgarh,Bhilai,"Civic Center, Bhilai - Bhilai Steel Plant",30-11-2025 16:00:00,21.185571,81.343175,OZONE,7.0,17.0,10.0,2025-11-30 11:21:03.129818
India,Bihar,Rajgir,"Dangi Tola, Rajgir - BSPCB",30-11-2025 16:00:00,25.0328,85.41948,OZONE,30.0,34.0,32.0,2025-11-30 11:21:03.129818
India,Bihar,Saharsa,"Police Line, Saharsa - BSPCB",30-11-2025 16:00:00,25.892357,86.590325,PM2.5,8.0,147.0,70.0,2025-11-30 11:21:03.129818
India,Chhattisgarh,Kunjemura,"OP Jindal School, Kunjemura - CECB",30-11-2025 16:00:00,22.12665,83.483212,PM2.5,31.0,71.0,45.0,2025-11-30 11:21:03.129818
India,Bihar,Patna,"Samanpura, Patna - BSPCB",30-11-2025 16:00:00,25.596727,85.085624,SO2,1.0,3.0,2.0,2025-11-30 11:21:03.129818
India,Delhi,Delhi,"Aya Nagar, Delhi - IMD",30-11-2025 16:00:00,28.4706914,77.1099364,NO2,5.0,44.0,25.0,2025-11-30 11:21:03.129818
India,Delhi,Delhi,"Bawana, Delhi - DPCC",30-11-2025 16:00:00,28.7762,77.051074,NO2,12.0,69.0,39.0,2025-11-30 11:21:03.129818
India,Delhi,Delhi,"Bawana, Delhi - DPCC",30-11-2025 16:00:00,28.7762,77.051074,CO,49.0,100.0,64.0,2025-11-30 11:21:03.129818
India,Delhi,Delhi,"Burari Crossing, Delhi - IMD",30-11-2025 16:00:00,28.7256504,77.2011573,CO,4.0,101.0,21.0,2025-11-30 11:21:03.129818
India,Delhi,Delhi,"Anand Vihar, Delhi - DPCC",30-11-2025 16:00:00,28.647622,77.315809,NH3,11.0,14.0,13.0,2025-11-30 11:21:03.129818
India,Delhi,Delhi,"Anand Vihar, Delhi - DPCC",30-11-2025 16:00:00,28.647622,77.315809,OZONE,18.0,27.0,18.0,2025-11-30 11:21:03.129818
India,Delhi,Delhi,"Ashok Vihar, Delhi - DPCC",30-11-2025 16:00:00,28.695381,77.181665,PM2.5,104.0,334.0,284.0,2025-11-30 11:21:03.129818
India,Delhi,Delhi,"Ashok Vihar, Delhi - DPCC",30-11-2025 16:00:00,28.695381,77.181665,NO2,34.0,150.0,86.0,2025-11-30 11:21:03.129818
India,Delhi,Delhi,"Dr. Karni Singh Shooting Range, Delhi - DPCC",30-11-2025 16:00:00,28.498571,77.26484,CO,24.0,101.0,37.0,2025-11-30 11:21:03.129818
India,Delhi,Delhi,"Dwarka-Sector 8, Delhi - DPCC ",30-11-2025 16:00:00,28.5710274,77.0719006,SO2,21.0,59.0,36.0,2025-11-30 11:21:03.129818
India,Delhi,Delhi,"Dwarka-Sector 8, Delhi - DPCC ",30-11-2025 16:00:00,28.5710274,77.0719006,CO,42.0,136.0,54.0,2025-11-30 11:21:03.129818
India,Delhi,Delhi,"CRRI Mathura Road, Delhi - IMD",30-11-2025 16:00:00,28.5512005,77.2735737,PM10,132.0,311.0,209.0,2025-11-30 11:21:03.129818
India,Delhi,Delhi,"Chandni Chowk, Delhi - IITM",30-11-2025 16:00:00,28.656756,77.227234,PM2.5,99.0,305.0,242.0,2025-11-30 11:21:03.129818
India,Delhi,Delhi,"Chandni Chowk, Delhi - IITM",30-11-2025 16:00:00,28.656756,77.227234,PM10,158.0,436.0,307.0,2025-11-30 11:21:03.129818
India,Delhi,Delhi,"DTU, Delhi - CPCB",30-11-2025 16:00:00,28.7500499,77.1112615,SO2,30.0,96.0,84.0,2025-11-30 11:21:03.129818
India,Chhattisgarh,Tumidih,"OP Jindal Industrial Park, Tumidih - CECB",30-11-2025 16:00:00,22.06631475,83.33820077,CO,22.0,60.0,28.0,2025-11-30 11:21:03.129818
India,Chhattisgarh,Tumidih,"OP Jindal Industrial Park, Tumidih - CECB",30-11-2025 16:00:00,22.06631475,83.33820077,OZONE,4.0,94.0,66.0,2025-11-30 11:21:03.129818
India,Delhi,Delhi,"Jawaharlal Nehru Stadium, Delhi - DPCC",30-11-2025 16:00:00,28.58028,77.233829,NO2,43.0,133.0,97.0,2025-11-30 11:21:03.129818
India,Delhi,Delhi,"Anand Vihar, Delhi - DPCC",30-11-2025 16:00:00,28.647622,77.315809,PM2.5,117.0,338.0,287.0,2025-11-30 11:21:03.129818
India,Delhi,Delhi,"Jahangirpuri, Delhi - DPCC",30-11-2025 16:00:00,28.73282,77.170633,SO2,15.0,49.0,33.0,2025-11-30 11:21:03.129818
India,Delhi,Delhi,"Patparganj, Delhi - DPCC",30-11-2025 16:00:00,28.623763,77.287209,NH3,11.0,17.0,14.0,2025-11-30 11:21:03.129818
India,Delhi,Delhi,"Punjabi Bagh, Delhi - DPCC",30-11-2025 16:00:00,28.674045,77.131023,PM2.5,97.0,376.0,289.0,2025-11-30 11:21:03.129818
India,Delhi,Delhi,"Punjabi Bagh, Delhi - DPCC",30-11-2025 16:00:00,28.674045,77.131023,NH3,4.0,5.0,4.0,2025-11-30 11:21:03.129818
India,Delhi,Delhi,"Pusa, Delhi - DPCC",30-11-2025 16:00:00,28.639652,77.146275,PM2.5,123.0,374.0,296.0,2025-11-30 11:21:03.129818
India,Delhi,Delhi,"Pusa, Delhi - DPCC",30-11-2025 16:00:00,28.639652,77.146275,SO2,3.0,11.0,6.0,2025-11-30 11:21:03.129818
India,Delhi,Delhi,"North Campus, DU, Delhi - IMD",30-11-2025 16:00:00,28.6573814,77.1585447,PM2.5,98.0,306.0,239.0,2025-11-30 11:21:03.129818
India,Delhi,Delhi,"Okhla Phase-2, Delhi - DPCC",30-11-2025 16:00:00,28.530785,77.271255,PM10,,,,2025-11-30 11:21:03.129818
India,Delhi,Delhi,"Okhla Phase-2, Delhi - DPCC",30-11-2025 16:00:00,28.530785,77.271255,NH3,,,,2025-11-30 11:21:03.129818
India,Delhi,Delhi,"Nehru Nagar, Delhi - DPCC",30-11-2025 16:00:00,28.56789,77.250515,PM2.5,98.0,489.0,336.0,2025-11-30 11:21:03.129818
India,Delhi,Delhi,"NSIT Dwarka, Delhi - CPCB",30-11-2025 16:00:00,28.60909,77.0325413,OZONE,7.0,115.0,49.0,2025-11-30 11:21:03.129818
India,Delhi,Delhi,"Mandir Marg, Delhi - DPCC",30-11-2025 16:00:00,28.636429,77.201067,NH3,8.0,10.0,9.0,2025-11-30 11:21:03.129818
India,Delhi,Delhi,"Najafgarh, Delhi - DPCC",30-11-2025 16:00:00,28.570173,76.933762,CO,28.0,57.0,48.0,2025-11-30 11:21:03.129818
India,Delhi,Delhi,"Najafgarh, Delhi - DPCC",30-11-2025 16:00:00,28.570173,76.933762,NO2,44.0,82.0,73.0,2025-11-30 11:21:03.129818
India,Delhi,Delhi,"Mundka, Delhi - DPCC",30-11-2025 16:00:00,28.684678,77.076574,CO,30.0,94.0,51.0,2025-11-30 11:21:03.129818
India,Delhi,Delhi,"Mundka, Delhi - DPCC",30-11-2025 16:00:00,28.684678,77.076574,SO2,2.0,13.0,6.0,2025-11-30 11:21:03.129818
India,Delhi,Delhi,"Rohini, Delhi - DPCC",30-11-2025 16:00:00,28.732528,77.11992,CO,24.0,109.0,39.0,2025-11-30 11:21:03.129818
India,Delhi,Delhi,"Shadipur, Delhi - CPCB",30-11-2025 16:00:00,28.6514781,77.1473105,PM2.5,319.0,348.0,326.0,2025-11-30 11:21:03.129818
India,Delhi,Delhi,"Shadipur, Delhi - CPCB",30-11-2025 16:00:00,28.6514781,77.1473105,CO,27.0,104.0,45.0,2025-11-30 11:21:03.129818
India,Delhi,Delhi,"Sirifort, Delhi - CPCB",30-11-2025 16:00:00,28.5504249,77.2159377,PM10,136.0,443.0,246.0,2025-11-30 11:21:03.129818
India,Delhi,Delhi,"Pusa, Delhi - IMD",30-11-2025 16:00:00,28.63611,77.173332,PM10,92.0,308.0,194.0,2025-11-30 11:21:03.129818
India,Delhi,Delhi,"Pusa, Delhi - IMD",30-11-2025 16:00:00,28.63611,77.173332,OZONE,22.0,74.0,48.0,2025-11-30 11:21:03.129818
India,Delhi,Delhi,"Rohini, Delhi - DPCC",30-11-2025 16:00:00,28.732528,77.11992,PM2.5,103.0,399.0,297.0,2025-11-30 11:21:03.129818
India,Delhi,Delhi,"Rohini, Delhi - DPCC",30-11-2025 16:00:00,28.732528,77.11992,NH3,10.0,22.0,15.0,2025-11-30 11:21:03.129818
India,Gujarat,Ahmedabad,"Chandkheda, Ahmedabad - IITM",30-11-2025 16:00:00,23.107969,72.574648,CO,14.0,94.0,28.0,2025-11-30 11:21:03.129818
India,Gujarat,Ahmedabad,"Chandkheda, Ahmedabad - IITM",30-11-2025 16:00:00,23.107969,72.574648,OZONE,16.0,93.0,72.0,2025-11-30 11:21:03.129818
India,Gujarat,Ahmedabad,"Gyaspur, Ahmedabad - IITM",30-11-2025 16:00:00,22.977134,72.553024,PM10,,,,2025-11-30 11:21:03.129818
India,Gujarat,Ahmedabad,"Gyaspur, Ahmedabad - IITM",30-11-2025 16:00:00,22.977134,72.553024,NO2,,,,2025-11-30 11:21:03.129818
India,Delhi,Delhi,"Sri Aurobindo Marg, Delhi - DPCC",30-11-2025 16:00:00,28.531346,77.190156,PM2.5,87.0,344.0,255.0,2025-11-30 11:21:03.129818
India,Gujarat,Ahmedabad,"Maninagar, Ahmedabad - GPCB",30-11-2025 16:00:00,23.002657,72.591912,SO2,24.0,59.0,43.0,2025-11-30 11:21:03.129818
India,Delhi,Delhi,"Sri Aurobindo Marg, Delhi - DPCC",30-11-2025 16:00:00,28.531346,77.190156,NH3,4.0,6.0,5.0,2025-11-30 11:21:03.129818
India,Delhi,Delhi,"Sirifort, Delhi - CPCB",30-11-2025 16:00:00,28.5504249,77.2159377,CO,20.0,106.0,38.0,2025-11-30 11:21:03.129818
India,Delhi,Delhi,"Vivek Vihar, Delhi - DPCC",30-11-2025 16:00:00,28.672342,77.31526,SO2,7.0,30.0,16.0,2025-11-30 11:21:03.129818
India,Gujarat,Ahmedabad,"Raikhad, Ahmedabad - IITM",30-11-2025 16:00:00,23.020509,72.579261,CO,2.0,113.0,5.0,2025-11-30 11:21:03.129818
India,Gujarat,Ahmedabad,"SAC ISRO Bopal, Ahmedabad - IITM",30-11-2025 16:00:00,23.041137,72.456691,SO2,2.0,11.0,4.0,2025-11-30 11:21:03.129818
India,Andhra_Pradesh,Vijayawada,"HB Colony, Vijayawada - APPCB",30-11-2025 16:00:00,16.536107,80.594233,CO,40.0,40.0,40.0,2025-11-30 11:21:03.129818
India,Andhra_Pradesh,Vijayawada,"Rajiv Gandhi Park, Vijayawada - APPCB",30-11-2025 16:00:00,16.509717,80.612222,CO,37.0,37.0,37.0,2025-11-30 11:21:03.129818
India,Andhra_Pradesh,Vijayawada,"Rajiv Nagar, Vijayawada - APPCB",30-11-2025 16:00:00,16.554731,80.64911,PM10,42.0,63.0,50.0,2025-11-30 11:21:03.129818
India,Andhra_Pradesh,Visakhapatnam,"GVM Corporation, Visakhapatnam - APPCB",30-11-2025 16:00:00,17.72,83.3,PM2.5,34.0,71.0,49.0,2025-11-30 11:21:03.129818
India,Andhra_Pradesh,Visakhapatnam,"GVM Corporation, Visakhapatnam - APPCB",30-11-2025 16:00:00,17.72,83.3,NO2,15.0,38.0,25.0,2025-11-30 11:21:03.129818
India,Assam,Byrnihat,"Central Academy for SFS, Byrnihat - PCBA",30-11-2025 16:00:00,26.071318,91.87488,NO2,6.0,8.0,7.0,2025-11-30 11:21:03.129818
India,Assam,Byrnihat,"Central Academy for SFS, Byrnihat - PCBA",30-11-2025 16:00:00,26.071318,91.87488,SO2,5.0,7.0,6.0,2025-11-30 11:21:03.129818
India,Assam,Byrnihat,"Central Academy for SFS, Byrnihat - PCBA",30-11-2025 16:00:00,26.071318,91.87488,CO,22.0,60.0,50.0,2025-11-30 11:21:03.129818
India,Assam,Nagaon,"Christianpatty, Nagaon - PCBA",30-11-2025 16:00:00,26.349082,92.68449,NO2,,,,2025-11-30 11:21:03.129818
India,Assam,Nalbari,"Bata Chowk, Nalbari - PCBA",30-11-2025 16:00:00,26.446912,91.439057,PM10,41.0,197.0,98.0,2025-11-30 11:21:03.129818
India,Andhra_Pradesh,Rajamahendravaram,"Anand Kala Kshetram, Rajamahendravaram - APPCB",30-11-2025 16:00:00,16.9872867,81.7363176,PM10,24.0,97.0,64.0,2025-11-30 11:21:03.129818
India,Andhra_Pradesh,Rajamahendravaram,"Anand Kala Kshetram, Rajamahendravaram - APPCB",30-11-2025 16:00:00,16.9872867,81.7363176,NO2,14.0,44.0,26.0,2025-11-30 11:21:03.129818
India,Andhra_Pradesh,Kadapa,"Yerramukkapalli, Kadapa - APPCB",30-11-2025 16:00:00,14.465052,78.824187,PM2.5,63.0,313.0,195.0,2025-11-30 11:21:03.129818
India,Andhra_Pradesh,Kadapa,"Yerramukkapalli, Kadapa - APPCB",30-11-2025 16:00:00,14.465052,78.824187,NO2,25.0,25.0,25.0,2025-11-30 11:21:03.129818
India,Andhra_Pradesh,Tirupati,"Vaikuntapuram, Tirupati - APPCB",30-11-2025 16:00:00,13.615387,79.40923,CO,30.0,36.0,34.0,2025-11-30 11:21:03.129818
India,Andhra_Pradesh,Tirupati,"Vaikuntapuram, Tirupati - APPCB",30-11-2025 16:00:00,13.615387,79.40923,OZONE,16.0,17.0,16.0,2025-11-30 11:21:03.129818
India,Andhra_Pradesh,Tirupati,"Vaikuntapuram, Tirupati - APPCB",30-11-2025 16:00:00,13.615387,79.40923,PM2.5,,,,2025-11-30 11:21:03.129818
India,Andhra_Pradesh,Tirupati,"Vaikuntapuram, Tirupati - APPCB",30-11-2025 16:00:00,13.615387,79.40923,PM10,,,,2025-11-30 11:21:03.129818
India,Andhra_Pradesh,Chittoor,"Gangineni Cheruvu, Chittoor - APPCB",30-11-2025 16:00:00,13.20488,79.097889,PM10,27.0,86.0,59.0,2025-11-30 11:21:03.129818
India,Assam,Byrnihat,"Central Academy for SFS, Byrnihat - PCBA",30-11-2025 16:00:00,26.071318,91.87488,OZONE,16.0,22.0,19.0,2025-11-30 11:21:03.129818
India,Andhra_Pradesh,Anantapur,"Gulzarpet, Anantapur - APPCB",30-11-2025 16:00:00,14.675886,77.593027,PM2.5,72.0,136.0,97.0,2025-11-30 11:21:03.129818
India,Assam,Silchar,"Tarapur, Silchar - PCBA",30-11-2025 16:00:00,24.82827,92.79525,SO2,5.0,7.0,6.0,2025-11-30 11:21:03.129818
India,Assam,Silchar,"Tarapur, Silchar - PCBA",30-11-2025 16:00:00,24.82827,92.79525,CO,19.0,52.0,26.0,2025-11-30 11:21:03.129818
India,Assam,Sivasagar,"Girls College, Sivasagar - PCBA",30-11-2025 16:00:00,26.987634,94.636574,PM10,36.0,85.0,56.0,2025-11-30 11:21:03.129818
India,Bihar,Bhagalpur,"Mayaganj, Bhagalpur - BSPCB",30-11-2025 16:00:00,25.265194,87.012947,NO2,6.0,8.0,8.0,2025-11-30 11:21:03.129818
India,Bihar,Bihar Sharif,"D M Colony, Bihar Sharif - BSPCB",30-11-2025 16:00:00,25.204762,85.51496,PM2.5,30.0,157.0,85.0,2025-11-30 11:21:03.129818
India,Bihar,Bihar Sharif,"D M Colony, Bihar Sharif - BSPCB",30-11-2025 16:00:00,25.204762,85.51496,NO2,9.0,10.0,9.0,2025-11-30 11:21:03.129818
India,Bihar,Bihar Sharif,"D M Colony, Bihar Sharif - BSPCB",30-11-2025 16:00:00,25.204762,85.51496,SO2,10.0,10.0,10.0,2025-11-30 11:21:03.129818
India,Bihar,Bihar Sharif,"D M Colony, Bihar Sharif - BSPCB",30-11-2025 16:00:00,25.204762,85.51496,CO,30.0,62.0,36.0,2025-11-30 11:21:03.129818
India,Bihar,Buxar,"Charitra Van, Buxar - BSPCB",30-11-2025 16:00:00,25.56752,83.966379,PM10,64.0,121.0,101.0,2025-11-30 11:21:03.129818
India,Bihar,Araria,"Kharahiya Basti, Araria - BSPCB",30-11-2025 16:00:00,26.146529,87.454184,PM10,45.0,149.0,112.0,2025-11-30 11:21:03.129818
India,Bihar,Araria,"Kharahiya Basti, Araria - BSPCB",30-11-2025 16:00:00,26.146529,87.454184,NH3,7.0,8.0,8.0,2025-11-30 11:21:03.129818
India,Bihar,Bettiah,"Kamalnath Nagar, Bettiah - BSPCB",30-11-2025 16:00:00,26.80365,84.51954,NH3,1.0,1.0,1.0,2025-11-30 11:21:03.129818
India,Bihar,Bettiah,"Kamalnath Nagar, Bettiah - BSPCB",30-11-2025 16:00:00,26.80365,84.51954,CO,56.0,108.0,85.0,2025-11-30 11:21:03.129818
India,Bihar,Begusarai,"Lohiyanagar, Begusarai - BSPCB",30-11-2025 16:00:00,25.42742023,86.13886079,CO,31.0,33.0,32.0,2025-11-30 11:21:03.129818
India,Bihar,Arrah,"New DM Office, Arrah - BSPCB",30-11-2025 16:00:00,25.5626095,84.663264,PM10,54.0,148.0,115.0,2025-11-30 11:21:03.129818
India,Assam,Nalbari,"Bata Chowk, Nalbari - PCBA",30-11-2025 16:00:00,26.446912,91.439057,OZONE,18.0,22.0,19.0,2025-11-30 11:21:03.129818
India,Assam,Silchar,"Tarapur, Silchar - PCBA",30-11-2025 16:00:00,24.82827,92.79525,PM2.5,33.0,77.0,55.0,2025-11-30 11:21:03.129818
India,Bihar,Buxar,"Charitra Van, Buxar - BSPCB",30-11-2025 16:00:00,25.56752,83.966379,CO,22.0,28.0,25.0,2025-11-30 11:21:03.129818
India,Bihar,Chhapra,"Darshan Nagar, Chhapra - BSPCB",30-11-2025 16:00:00,25.7808257,84.7446768,SO2,,,,2025-11-30 11:21:03.129818
India,Bihar,Chhapra,"Darshan Nagar, Chhapra - BSPCB",30-11-2025 16:00:00,25.7808257,84.7446768,CO,,,,2025-11-30 11:21:03.129818
India,Bihar,Gaya,"Collectorate, Gaya - BSPCB",30-11-2025 16:00:00,24.7955,84.9994,PM2.5,,,,2025-11-30 11:21:03.129818
India,Bihar,Gaya,"Collectorate, Gaya - BSPCB",30-11-2025 16:00:00,24.7955,84.9994,NO2,9.0,9.0,9.0,2025-11-30 11:21:03.129818
India,Bihar,Gaya,"Collectorate, Gaya - BSPCB",30-11-2025 16:00:00,24.7955,84.9994,OZONE,19.0,20.0,20.0,2025-11-30 11:21:03.129818
India,Bihar,Gaya,"Kareemganj, Gaya - BSPCB",30-11-2025 16:00:00,24.792403,84.992416,PM2.5,53.0,140.0,95.0,2025-11-30 11:21:03.129818
India,Bihar,Muzaffarpur,"MIT-Daudpur Kothi, Muzaffarpur - BSPCB",30-11-2025 16:00:00,26.1403345,85.3650192,SO2,10.0,15.0,12.0,2025-11-30 11:21:03.129818
India,Bihar,Muzaffarpur,"MIT-Daudpur Kothi, Muzaffarpur - BSPCB",30-11-2025 16:00:00,26.1403345,85.3650192,OZONE,14.0,50.0,20.0,2025-11-30 11:21:03.129818
India,Bihar,Muzaffarpur,"Muzaffarpur Collectorate, Muzaffarpur - BSPCB",30-11-2025 16:00:00,26.1209,85.3647,PM2.5,82.0,97.0,87.0,2025-11-30 11:21:03.129818
India,Bihar,Patna,"DRM Office Danapur, Patna - BSPCB",30-11-2025 16:00:00,25.586562,85.043586,PM10,60.0,130.0,108.0,2025-11-30 11:21:03.129818
India,Bihar,Motihari,"Gandak Colony, Motihari - BSPCB",30-11-2025 16:00:00,26.63086,84.90051,PM2.5,17.0,140.0,83.0,2025-11-30 11:21:03.129818
India,Bihar,Motihari,"Gandak Colony, Motihari - BSPCB",30-11-2025 16:00:00,26.63086,84.90051,PM10,20.0,129.0,92.0,2025-11-30 11:21:03.129818
India,Bihar,Munger,"Town Hall, Munger - BSPCB",30-11-2025 16:00:00,25.376776,86.471523,NO2,4.0,5.0,5.0,2025-11-30 11:21:03.129818
India,Bihar,Muzaffarpur,"Buddha Colony, Muzaffarpur - BSPCB",30-11-2025 16:00:00,26.11442,85.39813,PM10,56.0,118.0,94.0,2025-11-30 11:21:03.129818
India,Bihar,Gaya,"SFTI Kusdihra, Gaya - BSPCB",30-11-2025 16:00:00,24.762518,84.982348,NH3,3.0,3.0,3.0,2025-11-30 11:21:03.129818
India,Bihar,Gaya,"SFTI Kusdihra, Gaya - BSPCB",30-11-2025 16:00:00,24.762518,84.982348,CO,21.0,42.0,28.0,2025-11-30 11:21:03.129818
India,Bihar,Gaya,"SFTI Kusdihra, Gaya - BSPCB",30-11-2025 16:00:00,24.762518,84.982348,OZONE,10.0,54.0,35.0,2025-11-30 11:21:03.129818
India,Bihar,Hajipur,"Industrial Area, Hajipur - BSPCB",30-11-2025 16:00:00,25.697189,85.2459,PM10,64.0,107.0,90.0,2025-11-30 11:21:03.129818
India,Bihar,Hajipur,"Industrial Area, Hajipur - BSPCB",30-11-2025 16:00:00,25.697189,85.2459,NH3,3.0,10.0,8.0,2025-11-30 11:21:03.129818
India,Bihar,Manguraha,"Forest Rest House, Manguraha - BSPCB",30-11-2025 16:00:00,27.308328,84.531742,NH3,1.0,2.0,1.0,2025-11-30 11:21:03.129818
India,Bihar,Manguraha,"Forest Rest House, Manguraha - BSPCB",30-11-2025 16:00:00,27.308328,84.531742,SO2,10.0,17.0,16.0,2025-11-30 11:21:03.129818
India,Bihar,Kishanganj,"SDM Office_Khagra, Kishanganj - BSPCB",30-11-2025 16:00:00,26.0881305,87.93840336,PM2.5,37.0,48.0,44.0,2025-11-30 11:21:03.129818
India,Bihar,Muzaffarpur,"Buddha Colony, Muzaffarpur - BSPCB",30-11-2025 16:00:00,26.11442,85.39813,CO,36.0,93.0,46.0,2025-11-30 11:21:03.129818
India,Bihar,Patna,"DRM Office Danapur, Patna - BSPCB",30-11-2025 16:00:00,25.586562,85.043586,SO2,8.0,11.0,9.0,2025-11-30 11:21:03.129818
India,Bihar,Katihar,"Mirchaibari, Katihar - BSPCB",30-11-2025 16:00:00,25.560083,87.553265,OZONE,4.0,10.0,7.0,2025-11-30 11:21:03.129818
India,Chandigarh,Chandigarh,"Sector 22, Chandigarh - CPCC",30-11-2025 16:00:00,30.735567,76.775714,PM2.5,,,,2025-11-30 11:21:03.129818
India,Chandigarh,Chandigarh,"Sector-25, Chandigarh - CPCC",30-11-2025 16:00:00,30.751462,76.762879,PM2.5,64.0,161.0,109.0,2025-11-30 11:21:03.129818
India,Chandigarh,Chandigarh,"Sector-25, Chandigarh - CPCC",30-11-2025 16:00:00,30.751462,76.762879,SO2,5.0,11.0,8.0,2025-11-30 11:21:03.129818
India,Chhattisgarh,Bhilai,"32Bungalows, Bhilai - CECB",30-11-2025 16:00:00,21.194815,81.31477,OZONE,3.0,89.0,58.0,2025-11-30 11:21:03.129818
India,Bihar,Patna,"Rajbansi Nagar, Patna - BSPCB",30-11-2025 16:00:00,25.599486,85.113666,NH3,4.0,10.0,8.0,2025-11-30 11:21:03.129818
India,Bihar,Patna,"Rajbansi Nagar, Patna - BSPCB",30-11-2025 16:00:00,25.599486,85.113666,CO,36.0,83.0,47.0,2025-11-30 11:21:03.129818
India,Bihar,Patna,"Samanpura, Patna - BSPCB",30-11-2025 16:00:00,25.596727,85.085624,PM10,98.0,153.0,131.0,2025-11-30 11:21:03.129818
India,Bihar,Patna,"Samanpura, Patna - BSPCB",30-11-2025 16:00:00,25.596727,85.085624,NO2,20.0,22.0,21.0,2025-11-30 11:21:03.129818
India,Bihar,Saharsa,"Police Line, Saharsa - BSPCB",30-11-2025 16:00:00,25.892357,86.590325,SO2,14.0,18.0,16.0,2025-11-30 11:21:03.129818
India,Bihar,Saharsa,"Police Line, Saharsa - BSPCB",30-11-2025 16:00:00,25.892357,86.590325,CO,33.0,41.0,39.0,2025-11-30 11:21:03.129818
India,Bihar,Samastipur,"DM Office_Kasipur, Samastipur - BSPCB",30-11-2025 16:00:00,25.859655,85.77944,PM10,23.0,43.0,36.0,2025-11-30 11:21:03.129818
India,Bihar,Sasaram,"Dada Peer, Sasaram - BSPCB",30-11-2025 16:00:00,24.952822,84.002396,NH3,1.0,3.0,3.0,2025-11-30 11:21:03.129818
India,Bihar,Siwan,"Chitragupta Nagar, Siwan - BSPCB",30-11-2025 16:00:00,26.2271665,84.3570427,SO2,,,,2025-11-30 11:21:03.129818
India,Bihar,Patna,"IGSC Planetarium Complex, Patna - BSPCB",30-11-2025 16:00:00,25.610369,85.132568,CO,34.0,66.0,53.0,2025-11-30 11:21:03.129818
India,Bihar,Patna,"DRM Office Danapur, Patna - BSPCB",30-11-2025 16:00:00,25.586562,85.043586,OZONE,7.0,53.0,34.0,2025-11-30 11:21:03.129818
India,Bihar,Saharsa,"Police Line, Saharsa - BSPCB",30-11-2025 16:00:00,25.892357,86.590325,PM10,46.0,143.0,87.0,2025-11-30 11:21:03.129818
India,Bihar,Purnia,"Mariam Nagar, Purnia - BSPCB",30-11-2025 16:00:00,25.366336,87.117468,CO,56.0,91.0,62.0,2025-11-30 11:21:03.129818
India,Chhattisgarh,Korba,"Rampur, Korba - CECB",30-11-2025 16:00:00,22.368195,82.746431,PM10,72.0,86.0,85.0,2025-11-30 11:21:03.129818
India,Chhattisgarh,Milupara,"Govt. Higher Secondary School, Milupara - CECB",30-11-2025 16:00:00,22.1910172,83.5197009,CO,24.0,47.0,30.0,2025-11-30 11:21:03.129818
India,Chhattisgarh,Raipur,"AIIMS, Raipur - CECB",30-11-2025 16:00:00,21.258815,81.578979,PM2.5,50.0,240.0,148.0,2025-11-30 11:21:03.129818
India,Chhattisgarh,Milupara,"Govt. Higher Secondary School, Milupara - CECB",30-11-2025 16:00:00,22.1910172,83.5197009,SO2,12.0,16.0,14.0,2025-11-30 11:21:03.129818
India,Chhattisgarh,Kunjemura,"OP Jindal School, Kunjemura - CECB",30-11-2025 16:00:00,22.12665,83.483212,PM10,33.0,171.0,74.0,2025-11-30 11:21:03.129818
India,Chhattisgarh,Kunjemura,"OP Jindal School, Kunjemura - CECB",30-11-2025 16:00:00,22.12665,83.483212,SO2,1.0,29.0,11.0,2025-11-30 11:21:03.129818
India,Chhattisgarh,Raipur,"Siltara Phase-II, Raipur - CECB",30-11-2025 16:00:00,21.371751,81.664929,NO2,9.0,43.0,18.0,2025-11-30 11:21:03.129818
India,Chhattisgarh,Raipur,"Siltara Phase-II, Raipur - CECB",30-11-2025 16:00:00,21.371751,81.664929,SO2,4.0,12.0,6.0,2025-11-30 11:21:03.129818
India,Chhattisgarh,Raipur,"Bhatagaon New ISBT, Raipur - CECB",30-11-2025 16:00:00,21.219665,81.630094,NH3,2.0,2.0,2.0,2025-11-30 11:21:03.129818
India,Chhattisgarh,Korba,"Urja Nagar, Korba - CECB",30-11-2025 16:00:00,22.348441,82.549611,NO2,40.0,52.0,47.0,2025-11-30 11:21:03.129818
India,Chhattisgarh,Raipur,"AIIMS, Raipur - CECB",30-11-2025 16:00:00,21.258815,81.578979,OZONE,,,,2025-11-30 11:21:03.129818
India,Delhi,Delhi,"Ashok Vihar, Delhi - DPCC",30-11-2025 16:00:00,28.695381,77.181665,PM10,140.0,282.0,203.0,2025-11-30 11:21:03.129818
India,Delhi,Delhi,"Ashok Vihar, Delhi - DPCC",30-11-2025 16:00:00,28.695381,77.181665,NH3,6.0,7.0,6.0,2025-11-30 11:21:03.129818
India,Delhi,Delhi,"Ashok Vihar, Delhi - DPCC",30-11-2025 16:00:00,28.695381,77.181665,SO2,19.0,39.0,27.0,2025-11-30 11:21:03.129818
India,Delhi,Delhi,"Ashok Vihar, Delhi - DPCC",30-11-2025 16:00:00,28.695381,77.181665,OZONE,5.0,134.0,88.0,2025-11-30 11:21:03.129818
India,Delhi,Delhi,"Aya Nagar, Delhi - IMD",30-11-2025 16:00:00,28.4706914,77.1099364,CO,26.0,57.0,42.0,2025-11-30 11:21:03.129818
India,Delhi,Delhi,"Aya Nagar, Delhi - IMD",30-11-2025 16:00:00,28.4706914,77.1099364,OZONE,9.0,126.0,81.0,2025-11-30 11:21:03.129818
India,Delhi,Delhi,"Bawana, Delhi - DPCC",30-11-2025 16:00:00,28.7762,77.051074,PM2.5,110.0,411.0,308.0,2025-11-30 11:21:03.129818
India,Delhi,Delhi,"Bawana, Delhi - DPCC",30-11-2025 16:00:00,28.7762,77.051074,NH3,5.0,8.0,7.0,2025-11-30 11:21:03.129818
India,Delhi,Delhi,"Bawana, Delhi - DPCC",30-11-2025 16:00:00,28.7762,77.051074,SO2,6.0,22.0,12.0,2025-11-30 11:21:03.129818
India,Delhi,Delhi,"CRRI Mathura Road, Delhi - IMD",30-11-2025 16:00:00,28.5512005,77.2735737,CO,28.0,103.0,45.0,2025-11-30 11:21:03.129818
India,Delhi,Delhi,"CRRI Mathura Road, Delhi - IMD",30-11-2025 16:00:00,28.5512005,77.2735737,OZONE,10.0,97.0,50.0,2025-11-30 11:21:03.129818
India,Delhi,Delhi,"Alipur, Delhi - DPCC",30-11-2025 16:00:00,28.815329,77.15301,NH3,16.0,25.0,18.0,2025-11-30 11:21:03.129818
India,Delhi,Delhi,"Alipur, Delhi - DPCC",30-11-2025 16:00:00,28.815329,77.15301,CO,99.0,113.0,102.0,2025-11-30 11:21:03.129818
India,Chhattisgarh,Tumidih,"OP Jindal Industrial Park, Tumidih - CECB",30-11-2025 16:00:00,22.06631475,83.33820077,SO2,5.0,20.0,8.0,2025-11-30 11:21:03.129818
India,Delhi,Delhi,"Dr. Karni Singh Shooting Range, Delhi - DPCC",30-11-2025 16:00:00,28.498571,77.26484,PM10,113.0,309.0,211.0,2025-11-30 11:21:03.129818
India,Delhi,Delhi,"Dr. Karni Singh Shooting Range, Delhi - DPCC",30-11-2025 16:00:00,28.498571,77.26484,NO2,80.0,140.0,108.0,2025-11-30 11:21:03.129818
India,Delhi,Delhi,"Burari Crossing, Delhi - IMD",30-11-2025 16:00:00,28.7256504,77.2011573,PM2.5,119.0,381.0,289.0,2025-11-30 11:21:03.129818
India,Delhi,Delhi,"Dwarka-Sector 8, Delhi - DPCC ",30-11-2025 16:00:00,28.5710274,77.0719006,OZONE,1.0,137.0,68.0,2025-11-30 11:21:03.129818
India,Delhi,Delhi,"Anand Vihar, Delhi - DPCC",30-11-2025 16:00:00,28.647622,77.315809,NO2,58.0,148.0,115.0,2025-11-30 11:21:03.129818
India,Delhi,Delhi,"IGI Airport (T3), Delhi - IMD",30-11-2025 16:00:00,28.5627763,77.1180053,NO2,56.0,132.0,98.0,2025-11-30 11:21:03.129818
India,Delhi,Delhi,"IGI Airport (T3), Delhi - IMD",30-11-2025 16:00:00,28.5627763,77.1180053,CO,8.0,92.0,23.0,2025-11-30 11:21:03.129818
India,Delhi,Delhi,"IGI Airport (T3), Delhi - IMD",30-11-2025 16:00:00,28.5627763,77.1180053,OZONE,4.0,74.0,41.0,2025-11-30 11:21:03.129818
India,Delhi,Delhi,"IHBAS, Dilshad Garden, Delhi - CPCB",30-11-2025 16:00:00,28.6811736,77.3025234,SO2,11.0,21.0,17.0,2025-11-30 11:21:03.129818
India,Delhi,Delhi,"IHBAS, Dilshad Garden, Delhi - CPCB",30-11-2025 16:00:00,28.6811736,77.3025234,CO,28.0,106.0,90.0,2025-11-30 11:21:03.129818
India,Delhi,Delhi,"Mandir Marg, Delhi - DPCC",30-11-2025 16:00:00,28.636429,77.201067,NO2,61.0,127.0,97.0,2025-11-30 11:21:03.129818
India,Delhi,Delhi,"Mandir Marg, Delhi - DPCC",30-11-2025 16:00:00,28.636429,77.201067,SO2,38.0,56.0,49.0,2025-11-30 11:21:03.129818
India,Delhi,Delhi,"Mandir Marg, Delhi - DPCC",30-11-2025 16:00:00,28.636429,77.201067,OZONE,4.0,119.0,63.0,2025-11-30 11:21:03.129818
India,Delhi,Delhi,"Mundka, Delhi - DPCC",30-11-2025 16:00:00,28.684678,77.076574,PM10,88.0,322.0,176.0,2025-11-30 11:21:03.129818
India,Delhi,Delhi,"Lodhi Road, Delhi - IITM",30-11-2025 16:00:00,28.588333,77.221667,NO2,1.0,122.0,44.0,2025-11-30 11:21:03.129818
India,Delhi,Delhi,"Lodhi Road, Delhi - IMD",30-11-2025 16:00:00,28.5918245,77.2273074,PM10,122.0,243.0,179.0,2025-11-30 11:21:03.129818
India,Delhi,Delhi,"Lodhi Road, Delhi - IMD",30-11-2025 16:00:00,28.5918245,77.2273074,OZONE,7.0,103.0,61.0,2025-11-30 11:21:03.129818
India,Delhi,Delhi,"Major Dhyan Chand National Stadium, Delhi - DPCC",30-11-2025 16:00:00,28.611281,77.237738,CO,70.0,122.0,90.0,2025-11-30 11:21:03.129818
India,Delhi,Delhi,"Major Dhyan Chand National Stadium, Delhi - DPCC",30-11-2025 16:00:00,28.611281,77.237738,OZONE,7.0,108.0,51.0,2025-11-30 11:21:03.129818
India,Delhi,Delhi,"Okhla Phase-2, Delhi - DPCC",30-11-2025 16:00:00,28.530785,77.271255,NO2,,,,2025-11-30 11:21:03.129818
India,Delhi,Delhi,"Okhla Phase-2, Delhi - DPCC",30-11-2025 16:00:00,28.530785,77.271255,OZONE,31.0,181.0,150.0,2025-11-30 11:21:03.129818
India,Delhi,Delhi,"Narela, Delhi - DPCC",30-11-2025 16:00:00,28.822836,77.101981,NH3,4.0,7.0,5.0,2025-11-30 11:21:03.129818
India,Delhi,Delhi,"Narela, Delhi - DPCC",30-11-2025 16:00:00,28.822836,77.101981,SO2,5.0,24.0,14.0,2025-11-30 11:21:03.129818
India,Delhi,Delhi,"Jawaharlal Nehru Stadium, Delhi - DPCC",30-11-2025 16:00:00,28.58028,77.233829,PM10,127.0,401.0,241.0,2025-11-30 11:21:03.129818
India,Delhi,Delhi,"NSIT Dwarka, Delhi - CPCB",30-11-2025 16:00:00,28.60909,77.0325413,SO2,8.0,37.0,23.0,2025-11-30 11:21:03.129818
India,Delhi,Delhi,"Najafgarh, Delhi - DPCC",30-11-2025 16:00:00,28.570173,76.933762,NH3,9.0,10.0,9.0,2025-11-30 11:21:03.129818
India,Delhi,Delhi,"Pusa, Delhi - DPCC",30-11-2025 16:00:00,28.639652,77.146275,OZONE,11.0,15.0,13.0,2025-11-30 11:21:03.129818
India,Delhi,Delhi,"Pusa, Delhi - IMD",30-11-2025 16:00:00,28.63611,77.173332,CO,44.0,125.0,84.0,2025-11-30 11:21:03.129818
India,Delhi,Delhi,"R K Puram, Delhi - DPCC",30-11-2025 16:00:00,28.563262,77.186937,SO2,7.0,20.0,14.0,2025-11-30 11:21:03.129818
India,Delhi,Delhi,"R K Puram, Delhi - DPCC",30-11-2025 16:00:00,28.563262,77.186937,CO,2.0,116.0,29.0,2025-11-30 11:21:03.129818
India,Delhi,Delhi,"Rohini, Delhi - DPCC",30-11-2025 16:00:00,28.732528,77.11992,OZONE,4.0,277.0,265.0,2025-11-30 11:21:03.129818
India,Delhi,Delhi,"Shadipur, Delhi - CPCB",30-11-2025 16:00:00,28.6514781,77.1473105,OZONE,5.0,23.0,10.0,2025-11-30 11:21:03.129818
India,Delhi,Delhi,"Patparganj, Delhi - DPCC",30-11-2025 16:00:00,28.623763,77.287209,NO2,42.0,164.0,108.0,2025-11-30 11:21:03.129818
India,Delhi,Delhi,"Patparganj, Delhi - DPCC",30-11-2025 16:00:00,28.623763,77.287209,OZONE,2.0,150.0,71.0,2025-11-30 11:21:03.129818
India,Delhi,Delhi,"Punjabi Bagh, Delhi - DPCC",30-11-2025 16:00:00,28.674045,77.131023,NO2,30.0,75.0,54.0,2025-11-30 11:21:03.129818
India,Delhi,Delhi,"Pusa, Delhi - DPCC",30-11-2025 16:00:00,28.639652,77.146275,NO2,54.0,158.0,102.0,2025-11-30 11:21:03.129818
India,Delhi,Delhi,"Sri Aurobindo Marg, Delhi - DPCC",30-11-2025 16:00:00,28.531346,77.190156,PM10,108.0,279.0,174.0,2025-11-30 11:21:03.129818
India,Delhi,Delhi,"Sri Aurobindo Marg, Delhi - DPCC",30-11-2025 16:00:00,28.531346,77.190156,CO,50.0,101.0,65.0,2025-11-30 11:21:03.129818
India,Delhi,Delhi,"Vivek Vihar, Delhi - DPCC",30-11-2025 16:00:00,28.672342,77.31526,PM2.5,158.0,348.0,294.0,2025-11-30 11:21:03.129818
India,Delhi,Delhi,"Sonia Vihar, Delhi - DPCC",30-11-2025 16:00:00,28.710508,77.249485,OZONE,4.0,185.0,157.0,2025-11-30 11:21:03.129818
India,Delhi,Delhi,"Sirifort, Delhi - CPCB",30-11-2025 16:00:00,28.5504249,77.2159377,OZONE,12.0,23.0,17.0,2025-11-30 11:21:03.129818
India,Delhi,Delhi,"Sonia Vihar, Delhi - DPCC",30-11-2025 16:00:00,28.710508,77.249485,NO2,27.0,86.0,55.0,2025-11-30 11:21:03.129818
India,Delhi,Delhi,"Sirifort, Delhi - CPCB",30-11-2025 16:00:00,28.5504249,77.2159377,NH3,8.0,10.0,9.0,2025-11-30 11:21:03.129818
India,Delhi,Delhi,"Wazirpur, Delhi - DPCC",30-11-2025 16:00:00,28.699793,77.165453,SO2,6.0,22.0,13.0,2025-11-30 11:21:03.129818
India,Gujarat,Ahmedabad,"Gyaspur, Ahmedabad - IITM",30-11-2025 16:00:00,22.977134,72.553024,OZONE,,,,2025-11-30 11:21:03.129818
India,Gujarat,Ahmedabad,"Rakhial, Ahmedabad - IITM",30-11-2025 16:00:00,23.016834,72.625775,PM2.5,85.0,236.0,158.0,2025-11-30 11:21:03.129818
India,Gujarat,Ahmedabad,"Rakhial, Ahmedabad - IITM",30-11-2025 16:00:00,23.016834,72.625775,OZONE,1.0,75.0,47.0,2025-11-30 11:21:03.129818
India,Gujarat,Ahmedabad,"SAC ISRO Bopal, Ahmedabad - IITM",30-11-2025 16:00:00,23.041137,72.456691,NO2,18.0,61.0,41.0,2025-11-30 11:21:03.129818
India,Gujarat,Ahmedabad,"SAC ISRO Bopal, Ahmedabad - IITM",30-11-2025 16:00:00,23.041137,72.456691,CO,13.0,52.0,24.0,2025-11-30 11:21:03.129818
India,Gujarat,Ahmedabad,"SAC ISRO Bopal, Ahmedabad - IITM",30-11-2025 16:00:00,23.041137,72.456691,OZONE,2.0,66.0,39.0,2025-11-30 11:21:03.129818
India,Gujarat,Ahmedabad,"SAC ISRO Satellite, Ahmedabad - IITM",30-11-2025 16:00:00,23.023389,72.515201,PM10,78.0,121.0,103.0,2025-11-30 11:21:03.129818
India,Gujarat,Ahmedabad,"SVPI Airport Hansol, Ahmedabad - IITM",30-11-2025 16:00:00,23.076793,72.627874,PM2.5,69.0,212.0,118.0,2025-11-30 11:21:03.129818
India,Andhra_Pradesh,Kadapa,"Yerramukkapalli, Kadapa - APPCB",30-11-2025 16:00:00,14.465052,78.824187,OZONE,21.0,23.0,22.0,2025-11-30 11:21:03.129818
India,Andhra_Pradesh,Rajamahendravaram,"Anand Kala Kshetram, Rajamahendravaram - APPCB",30-11-2025 16:00:00,16.9872867,81.7363176,PM2.5,12.0,78.0,36.0,2025-11-30 11:21:03.129818
India,Andhra_Pradesh,Rajamahendravaram,"Anand Kala Kshetram, Rajamahendravaram - APPCB",30-11-2025 16:00:00,16.9872867,81.7363176,NH3,1.0,3.0,2.0,2025-11-30 11:21:03.129818
India,Andhra_Pradesh,Anantapur,"Gulzarpet, Anantapur - APPCB",30-11-2025 16:00:00,14.675886,77.593027,CO,31.0,46.0,35.0,2025-11-30 11:21:03.129818
India,Andhra_Pradesh,Chittoor,"Gangineni Cheruvu, Chittoor - APPCB",30-11-2025 16:00:00,13.20488,79.097889,NO2,21.0,25.0,23.0,2025-11-30 11:21:03.129818
India,Andhra_Pradesh,Kadapa,"Yerramukkapalli, Kadapa - APPCB",30-11-2025 16:00:00,14.465052,78.824187,NH3,5.0,5.0,5.0,2025-11-30 11:21:03.129818
India,Andhra_Pradesh,Kadapa,"Yerramukkapalli, Kadapa - APPCB",30-11-2025 16:00:00,14.465052,78.824187,CO,24.0,40.0,29.0,2025-11-30 11:21:03.129818
India,Andhra_Pradesh,Rajamahendravaram,"Anand Kala Kshetram, Rajamahendravaram - APPCB",30-11-2025 16:00:00,16.9872867,81.7363176,OZONE,7.0,21.0,14.0,2025-11-30 11:21:03.129818
India,Andhra_Pradesh,Tirumala,"Toll Gate, Tirumala - APPCB",30-11-2025 16:00:00,13.67,79.35,NH3,1.0,1.0,1.0,2025-11-30 11:21:03.129818
India,Andhra_Pradesh,Tirumala,"Toll Gate, Tirumala - APPCB",30-11-2025 16:00:00,13.67,79.35,SO2,5.0,7.0,6.0,2025-11-30 11:21:03.129818
India,Andhra_Pradesh,Rajamahendravaram,"Anand Kala Kshetram, Rajamahendravaram - APPCB",30-11-2025 16:00:00,16.9872867,81.7363176,SO2,4.0,23.0,10.0,2025-11-30 11:21:03.129818
India,Andhra_Pradesh,Chittoor,"Gangineni Cheruvu, Chittoor - APPCB",30-11-2025 16:00:00,13.20488,79.097889,OZONE,52.0,57.0,55.0,2025-11-30 11:21:03.129818
India,Andhra_Pradesh,Chittoor,"Gangineni Cheruvu, Chittoor - APPCB",30-11-2025 16:00:00,13.20488,79.097889,SO2,7.0,34.0,16.0,2025-11-30 11:21:03.129818
India,Andhra_Pradesh,Vijayawada,"HB Colony, Vijayawada - APPCB",30-11-2025 16:00:00,16.536107,80.594233,PM10,43.0,54.0,50.0,2025-11-30 11:21:03.129818
India,Andhra_Pradesh,Anantapur,"Gulzarpet, Anantapur - APPCB",30-11-2025 16:00:00,14.675886,77.593027,PM10,73.0,113.0,95.0,2025-11-30 11:21:03.129818
India,Andhra_Pradesh,Visakhapatnam,"GVM Corporation, Visakhapatnam - APPCB",30-11-2025 16:00:00,17.72,83.3,NH3,3.0,3.0,3.0,2025-11-30 11:21:03.129818
India,Arunachal_Pradesh,Naharlagun,"Naharlagun, Naharlagun - APSPCB",30-11-2025 16:00:00,27.103358,93.679645,PM10,39.0,197.0,107.0,2025-11-30 11:21:03.129818
India,Arunachal_Pradesh,Naharlagun,"Naharlagun, Naharlagun - APSPCB",30-11-2025 16:00:00,27.103358,93.679645,OZONE,5.0,5.0,5.0,2025-11-30 11:21:03.129818
India,Assam,Byrnihat,"Central Academy for SFS, Byrnihat - PCBA",30-11-2025 16:00:00,26.071318,91.87488,PM10,73.0,102.0,84.0,2025-11-30 11:21:03.129818
India,Assam,Guwahati,"IITG, Guwahati - PCBA",30-11-2025 16:00:00,26.2028636,91.70046436,NH3,5.0,5.0,5.0,2025-11-30 11:21:03.129818
India,Assam,Guwahati,"IITG, Guwahati - PCBA",30-11-2025 16:00:00,26.2028636,91.70046436,CO,8.0,22.0,13.0,2025-11-30 11:21:03.129818
India,Assam,Guwahati,"IITG, Guwahati - PCBA",30-11-2025 16:00:00,26.2028636,91.70046436,OZONE,1.0,29.0,18.0,2025-11-30 11:21:03.129818
India,Assam,Guwahati,"LGBI Airport, Guwahati - PCBA",30-11-2025 16:00:00,26.10887,91.589544,CO,28.0,109.0,36.0,2025-11-30 11:21:03.129818
India,Assam,Guwahati,"LGBI Airport, Guwahati - PCBA",30-11-2025 16:00:00,26.10887,91.589544,OZONE,10.0,13.0,11.0,2025-11-30 11:21:03.129818
India,Assam,Guwahati,"Pan Bazaar, Guwahati - PCBA",30-11-2025 16:00:00,26.1875,91.744194,SO2,26.0,53.0,38.0,2025-11-30 11:21:03.129818
India,Andhra_Pradesh,Vijayawada,"Rajiv Gandhi Park, Vijayawada - APPCB",30-11-2025 16:00:00,16.509717,80.612222,SO2,15.0,19.0,17.0,2025-11-30 11:21:03.129818
India,Andhra_Pradesh,Vijayawada,"Rajiv Gandhi Park, Vijayawada - APPCB",30-11-2025 16:00:00,16.509717,80.612222,OZONE,1.0,27.0,5.0,2025-11-30 11:21:03.129818
India,Andhra_Pradesh,Vijayawada,"Rajiv Nagar, Vijayawada - APPCB",30-11-2025 16:00:00,16.554731,80.64911,NO2,7.0,8.0,8.0,2025-11-30 11:21:03.129818
India,Assam,Guwahati,"Railway Colony, Guwahati - PCBA",30-11-2025 16:00:00,26.181742,91.78063,CO,38.0,96.0,44.0,2025-11-30 11:21:03.129818
India,Assam,Nalbari,"Bata Chowk, Nalbari - PCBA",30-11-2025 16:00:00,26.446912,91.439057,SO2,7.0,8.0,8.0,2025-11-30 11:21:03.129818
India,Bihar,Begusarai,"Lohiyanagar, Begusarai - BSPCB",30-11-2025 16:00:00,25.42742023,86.13886079,OZONE,7.0,10.0,9.0,2025-11-30 11:21:03.129818
India,Bihar,Arrah,"New DM Office, Arrah - BSPCB",30-11-2025 16:00:00,25.5626095,84.663264,PM2.5,43.0,177.0,109.0,2025-11-30 11:21:03.129818
India,Bihar,Arrah,"New DM Office, Arrah - BSPCB",30-11-2025 16:00:00,25.5626095,84.663264,NO2,5.0,9.0,7.0,2025-11-30 11:21:03.129818
India,Bihar,Arrah,"New DM Office, Arrah - BSPCB",30-11-2025 16:00:00,25.5626095,84.663264,OZONE,7.0,8.0,8.0,2025-11-30 11:21:03.129818
India,Assam,Silchar,"Tarapur, Silchar - PCBA",30-11-2025 16:00:00,24.82827,92.79525,NO2,17.0,23.0,21.0,2025-11-30 11:21:03.129818
India,Bihar,Motihari,"Gandak Colony, Motihari - BSPCB",30-11-2025 16:00:00,26.63086,84.90051,OZONE,2.0,4.0,3.0,2025-11-30 11:21:03.129818
India,Bihar,Munger,"Town Hall, Munger - BSPCB",30-11-2025 16:00:00,25.376776,86.471523,PM10,55.0,319.0,116.0,2025-11-30 11:21:03.129818
India,Bihar,Muzaffarpur,"Buddha Colony, Muzaffarpur - BSPCB",30-11-2025 16:00:00,26.11442,85.39813,PM2.5,73.0,230.0,152.0,2025-11-30 11:21:03.129818
India,Bihar,Muzaffarpur,"Buddha Colony, Muzaffarpur - BSPCB",30-11-2025 16:00:00,26.11442,85.39813,NH3,6.0,10.0,8.0,2025-11-30 11:21:03.129818
India,Bihar,Chhapra,"Darshan Nagar, Chhapra - BSPCB",30-11-2025 16:00:00,25.7808257,84.7446768,PM2.5,,,,2025-11-30 11:21:03.129818
India,Bihar,Chhapra,"Darshan Nagar, Chhapra - BSPCB",30-11-2025 16:00:00,25.7808257,84.7446768,PM10,,,,2025-11-30 11:21:03.129818
India,Bihar,Chhapra,"Darshan Nagar, Chhapra - BSPCB",30-11-2025 16:00:00,25.7808257,84.7446768,OZONE,,,,2025-11-30 11:21:03.129818
India,Bihar,Gaya,"Kareemganj, Gaya - BSPCB",30-11-2025 16:00:00,24.792403,84.992416,PM10,102.0,199.0,149.0,2025-11-30 11:21:03.129818
India,Bihar,Gaya,"Kareemganj, Gaya - BSPCB",30-11-2025 16:00:00,24.792403,84.992416,NO2,3.0,6.0,4.0,2025-11-30 11:21:03.129818
India,Bihar,Hajipur,"Industrial Area, Hajipur - BSPCB",30-11-2025 16:00:00,25.697189,85.2459,OZONE,8.0,164.0,118.0,2025-11-30 11:21:03.129818
India,Bihar,Katihar,"Mirchaibari, Katihar - BSPCB",30-11-2025 16:00:00,25.560083,87.553265,PM10,49.0,103.0,77.0,2025-11-30 11:21:03.129818
India,Bihar,Katihar,"Mirchaibari, Katihar - BSPCB",30-11-2025 16:00:00,25.560083,87.553265,CO,36.0,84.0,57.0,2025-11-30 11:21:03.129818
India,Bihar,Bihar Sharif,"D M Colony, Bihar Sharif - BSPCB",30-11-2025 16:00:00,25.204762,85.51496,OZONE,1.0,30.0,10.0,2025-11-30 11:21:03.129818
India,Bihar,Buxar,"Charitra Van, Buxar - BSPCB",30-11-2025 16:00:00,25.56752,83.966379,NO2,9.0,10.0,10.0,2025-11-30 11:21:03.129818
India,Bihar,Buxar,"Charitra Van, Buxar - BSPCB",30-11-2025 16:00:00,25.56752,83.966379,NH3,3.0,3.0,3.0,2025-11-30 11:21:03.129818
India,Bihar,Gaya,"Kareemganj, Gaya - BSPCB",30-11-2025 16:00:00,24.792403,84.992416,OZONE,1.0,29.0,22.0,2025-11-30 11:21:03.129818
India,Bihar,Hajipur,"Industrial Area, Hajipur - BSPCB",30-11-2025 16:00:00,25.697189,85.2459,NO2,34.0,84.0,42.0,2025-11-30 11:21:03.129818
India,Bihar,Bhagalpur,"Mayaganj, Bhagalpur - BSPCB",30-11-2025 16:00:00,25.265194,87.012947,PM10,64.0,119.0,93.0,2025-11-30 11:21:03.129818
India,Bihar,Bhagalpur,"Mayaganj, Bhagalpur - BSPCB",30-11-2025 16:00:00,25.265194,87.012947,SO2,4.0,87.0,49.0,2025-11-30 11:21:03.129818
India,Bihar,Kishanganj,"SDM Office_Khagra, Kishanganj - BSPCB",30-11-2025 16:00:00,26.0881305,87.93840336,OZONE,15.0,18.0,17.0,2025-11-30 11:21:03.129818
India,Bihar,Bhagalpur,"DM Office_Kachari Chowk, Bhagalpur - BSPCB",30-11-2025 16:00:00,25.251013,86.989001,NO2,5.0,11.0,8.0,2025-11-30 11:21:03.129818
India,Bihar,Kishanganj,"SDM Office_Khagra, Kishanganj - BSPCB",30-11-2025 16:00:00,26.0881305,87.93840336,SO2,4.0,7.0,7.0,2025-11-30 11:21:03.129818
India,Bihar,Samastipur,"DM Office_Kasipur, Samastipur - BSPCB",30-11-2025 16:00:00,25.859655,85.77944,CO,44.0,63.0,56.0,2025-11-30 11:21:03.129818
India,Bihar,Sasaram,"Dada Peer, Sasaram - BSPCB",30-11-2025 16:00:00,24.952822,84.002396,PM10,104.0,300.0,152.0,2025-11-30 11:21:03.129818
India,Bihar,Siwan,"Chitragupta Nagar, Siwan - BSPCB",30-11-2025 16:00:00,26.2271665,84.3570427,NO2,,,,2025-11-30 11:21:03.129818
India,Bihar,Muzaffarpur,"Buddha Colony, Muzaffarpur - BSPCB",30-11-2025 16:00:00,26.11442,85.39813,OZONE,19.0,191.0,165.0,2025-11-30 11:21:03.129818
India,Bihar,Muzaffarpur,"MIT-Daudpur Kothi, Muzaffarpur - BSPCB",30-11-2025 16:00:00,26.1403345,85.3650192,PM2.5,87.0,95.0,92.0,2025-11-30 11:21:03.129818
India,Bihar,Patna,"Rajbansi Nagar, Patna - BSPCB",30-11-2025 16:00:00,25.599486,85.113666,OZONE,23.0,27.0,25.0,2025-11-30 11:21:03.129818
India,Bihar,Patna,"Samanpura, Patna - BSPCB",30-11-2025 16:00:00,25.596727,85.085624,PM2.5,62.0,183.0,138.0,2025-11-30 11:21:03.129818
India,Bihar,Rajgir,"Dangi Tola, Rajgir - BSPCB",30-11-2025 16:00:00,25.0328,85.41948,PM10,46.0,106.0,69.0,2025-11-30 11:21:03.129818
India,Bihar,Rajgir,"Dangi Tola, Rajgir - BSPCB",30-11-2025 16:00:00,25.0328,85.41948,NO2,9.0,10.0,9.0,2025-11-30 11:21:03.129818
India,Bihar,Patna,"Govt. High School Shikarpur, Patna - BSPCB",30-11-2025 16:00:00,25.592539,85.227158,NO2,17.0,41.0,25.0,2025-11-30 11:21:03.129818
India,Bihar,Patna,"Govt. High School Shikarpur, Patna - BSPCB",30-11-2025 16:00:00,25.592539,85.227158,SO2,9.0,13.0,11.0,2025-11-30 11:21:03.129818
India,Bihar,Patna,"Govt. High School Shikarpur, Patna - BSPCB",30-11-2025 16:00:00,25.592539,85.227158,PM2.5,59.0,70.0,65.0,2025-11-30 11:21:03.129818
India,Bihar,Patna,"Govt. High School Shikarpur, Patna - BSPCB",30-11-2025 16:00:00,25.592539,85.227158,OZONE,8.0,11.0,10.0,2025-11-30 11:21:03.129818
India,Bihar,Purnia,"Mariam Nagar, Purnia - BSPCB",30-11-2025 16:00:00,25.366336,87.117468,NH3,3.0,3.0,3.0,2025-11-30 11:21:03.129818
India,Bihar,Patna,"Muradpur, Patna - BSPCB",30-11-2025 16:00:00,25.619651,85.147382,CO,32.0,60.0,46.0,2025-11-30 11:21:03.129818
India,Chandigarh,Chandigarh,"Sector 22, Chandigarh - CPCC",30-11-2025 16:00:00,30.735567,76.775714,PM10,,,,2025-11-30 11:21:03.129818
India,Chandigarh,Chandigarh,"Sector 22, Chandigarh - CPCC",30-11-2025 16:00:00,30.735567,76.775714,SO2,,,,2025-11-30 11:21:03.129818
India,Chandigarh,Chandigarh,"Sector-25, Chandigarh - CPCC",30-11-2025 16:00:00,30.751462,76.762879,PM10,71.0,128.0,100.0,2025-11-30 11:21:03.129818
India,Chandigarh,Chandigarh,"Sector-25, Chandigarh - CPCC",30-11-2025 16:00:00,30.751462,76.762879,NO2,19.0,60.0,32.0,2025-11-30 11:21:03.129818
India,Chhattisgarh,Bhilai,"32Bungalows, Bhilai - CECB",30-11-2025 16:00:00,21.194815,81.31477,PM10,47.0,87.0,62.0,2025-11-30 11:21:03.129818
India,Chhattisgarh,Bhilai,"32Bungalows, Bhilai - CECB",30-11-2025 16:00:00,21.194815,81.31477,NH3,1.0,4.0,3.0,2025-11-30 11:21:03.129818
India,Chhattisgarh,Bhilai,"32Bungalows, Bhilai - CECB",30-11-2025 16:00:00,21.194815,81.31477,CO,21.0,77.0,26.0,2025-11-30 11:21:03.129818
India,Chhattisgarh,Bhilai,"Civic Center, Bhilai - Bhilai Steel Plant",30-11-2025 16:00:00,21.185571,81.343175,NO2,20.0,28.0,26.0,2025-11-30 11:21:03.129818
India,Chhattisgarh,Bilaspur,"Mangala, Bilaspur - NTPC",30-11-2025 16:00:00,22.08815,82.13737,SO2,9.0,35.0,14.0,2025-11-30 11:21:03.129818
India,Chhattisgarh,Chhal,"Nawapara SECL Colony, Chhal - CECB",30-11-2025 16:00:00,22.118125,83.140608,SO2,3.0,128.0,24.0,2025-11-30 11:21:03.129818
India,Chhattisgarh,Chhal,"Nawapara SECL Colony, Chhal - CECB",30-11-2025 16:00:00,22.118125,83.140608,CO,27.0,52.0,32.0,2025-11-30 11:21:03.129818
India,Chhattisgarh,Raipur,"Krishak Nagar, Raipur - CECB",30-11-2025 16:00:00,21.237755,81.705301,SO2,6.0,8.0,7.0,2025-11-30 11:21:03.129818
India,Chhattisgarh,Raipur,"Krishak Nagar, Raipur - CECB",30-11-2025 16:00:00,21.237755,81.705301,CO,25.0,46.0,34.0,2025-11-30 11:21:03.129818
India,Chhattisgarh,Raipur,"Krishak Nagar, Raipur - CECB",30-11-2025 16:00:00,21.237755,81.705301,OZONE,1.0,3.0,1.0,2025-11-30 11:21:03.129818
India,Chhattisgarh,Raipur,"Bhatagaon New ISBT, Raipur - CECB",30-11-2025 16:00:00,21.219665,81.630094,SO2,7.0,27.0,9.0,2025-11-30 11:21:03.129818
India,Chhattisgarh,Raipur,"Bhatagaon New ISBT, Raipur - CECB",30-11-2025 16:00:00,21.219665,81.630094,CO,34.0,100.0,48.0,2025-11-30 11:21:03.129818
India,Chhattisgarh,Raipur,"Krishak Nagar, Raipur - CECB",30-11-2025 16:00:00,21.237755,81.705301,PM2.5,45.0,82.0,66.0,2025-11-30 11:21:03.129818
India,Chhattisgarh,Raipur,"Krishak Nagar, Raipur - CECB",30-11-2025 16:00:00,21.237755,81.705301,PM10,50.0,116.0,90.0,2025-11-30 11:21:03.129818
India,Chhattisgarh,Korba,"Urja Nagar, Korba - CECB",30-11-2025 16:00:00,22.348441,82.549611,NH3,1.0,2.0,2.0,2025-11-30 11:21:03.129818
India,Chhattisgarh,Korba,"Urja Nagar, Korba - CECB",30-11-2025 16:00:00,22.348441,82.549611,CO,22.0,38.0,27.0,2025-11-30 11:21:03.129818
India,Chhattisgarh,Raipur,"Bhatagaon New ISBT, Raipur - CECB",30-11-2025 16:00:00,21.219665,81.630094,PM2.5,31.0,86.0,56.0,2025-11-30 11:21:03.129818
India,Chhattisgarh,Kunjemura,"OP Jindal School, Kunjemura - CECB",30-11-2025 16:00:00,22.12665,83.483212,NH3,2.0,2.0,2.0,2025-11-30 11:21:03.129818
India,Chhattisgarh,Raipur,"AIIMS, Raipur - CECB",30-11-2025 16:00:00,21.258815,81.578979,PM10,51.0,185.0,124.0,2025-11-30 11:21:03.129818
India,Delhi,Delhi,"Anand Vihar, Delhi - DPCC",30-11-2025 16:00:00,28.647622,77.315809,CO,64.0,123.0,100.0,2025-11-30 11:21:03.129818
India,Delhi,Delhi,"Aya Nagar, Delhi - IMD",30-11-2025 16:00:00,28.4706914,77.1099364,PM2.5,66.0,322.0,231.0,2025-11-30 11:21:03.129818
India,Delhi,Delhi,"Aya Nagar, Delhi - IMD",30-11-2025 16:00:00,28.4706914,77.1099364,PM10,115.0,263.0,201.0,2025-11-30 11:21:03.129818
India,Delhi,Delhi,"Bawana, Delhi - DPCC",30-11-2025 16:00:00,28.7762,77.051074,PM10,125.0,283.0,200.0,2025-11-30 11:21:03.129818
India,Chhattisgarh,Raipur,"Siltara Phase-II, Raipur - CECB",30-11-2025 16:00:00,21.371751,81.664929,NH3,3.0,3.0,3.0,2025-11-30 11:21:03.129818
India,Chhattisgarh,Tumidih,"OP Jindal Industrial Park, Tumidih - CECB",30-11-2025 16:00:00,22.06631475,83.33820077,PM2.5,1.0,372.0,72.0,2025-11-30 11:21:03.129818
India,Chhattisgarh,Tumidih,"OP Jindal Industrial Park, Tumidih - CECB",30-11-2025 16:00:00,22.06631475,83.33820077,NO2,29.0,92.0,52.0,2025-11-30 11:21:03.129818
India,Delhi,Delhi,"IGI Airport (T3), Delhi - IMD",30-11-2025 16:00:00,28.5627763,77.1180053,PM10,105.0,255.0,188.0,2025-11-30 11:21:03.129818
India,Delhi,Delhi,"IHBAS, Dilshad Garden, Delhi - CPCB",30-11-2025 16:00:00,28.6811736,77.3025234,PM2.5,185.0,366.0,311.0,2025-11-30 11:21:03.129818
India,Delhi,Delhi,"IHBAS, Dilshad Garden, Delhi - CPCB",30-11-2025 16:00:00,28.6811736,77.3025234,PM10,157.0,188.0,172.0,2025-11-30 11:21:03.129818
India,Delhi,Delhi,"Chandni Chowk, Delhi - IITM",30-11-2025 16:00:00,28.656756,77.227234,OZONE,5.0,37.0,16.0,2025-11-30 11:21:03.129818
India,Delhi,Delhi,"DTU, Delhi - CPCB",30-11-2025 16:00:00,28.7500499,77.1112615,CO,18.0,48.0,31.0,2025-11-30 11:21:03.129818
India,Delhi,Delhi,"Dr. Karni Singh Shooting Range, Delhi - DPCC",30-11-2025 16:00:00,28.498571,77.26484,SO2,9.0,23.0,13.0,2025-11-30 11:21:03.129818
India,Delhi,Delhi,"CRRI Mathura Road, Delhi - IMD",30-11-2025 16:00:00,28.5512005,77.2735737,PM2.5,82.0,350.0,278.0,2025-11-30 11:21:03.129818
India,Delhi,Delhi,"IGI Airport (T3), Delhi - IMD",30-11-2025 16:00:00,28.5627763,77.1180053,PM2.5,68.0,312.0,222.0,2025-11-30 11:21:03.129818
India,Delhi,Delhi,"Anand Vihar, Delhi - DPCC",30-11-2025 16:00:00,28.647622,77.315809,PM10,130.0,398.0,225.0,2025-11-30 11:21:03.129818
India,Delhi,Delhi,"Chandni Chowk, Delhi - IITM",30-11-2025 16:00:00,28.656756,77.227234,NH3,7.0,11.0,9.0,2025-11-30 11:21:03.129818
India,Delhi,Delhi,"Jawaharlal Nehru Stadium, Delhi - DPCC",30-11-2025 16:00:00,28.58028,77.233829,CO,28.0,116.0,48.0,2025-11-30 11:21:03.129818
India,Delhi,Delhi,"Lodhi Road, Delhi - IMD",30-11-2025 16:00:00,28.5918245,77.2273074,PM2.5,106.0,337.0,262.0,2025-11-30 11:21:03.129818
India,Delhi,Delhi,"Lodhi Road, Delhi - IMD",30-11-2025 16:00:00,28.5918245,77.2273074,NO2,17.0,41.0,26.0,2025-11-30 11:21:03.129818
India,Delhi,Delhi,"Jahangirpuri, Delhi - DPCC",30-11-2025 16:00:00,28.73282,77.170633,NO2,96.0,145.0,125.0,2025-11-30 11:21:03.129818
India,Delhi,Delhi,"Jahangirpuri, Delhi - DPCC",30-11-2025 16:00:00,28.73282,77.170633,NH3,9.0,10.0,9.0,2025-11-30 11:21:03.129818
India,Delhi,Delhi,"Jahangirpuri, Delhi - DPCC",30-11-2025 16:00:00,28.73282,77.170633,CO,30.0,128.0,50.0,2025-11-30 11:21:03.129818
India,Delhi,Delhi,"Mandir Marg, Delhi - DPCC",30-11-2025 16:00:00,28.636429,77.201067,CO,52.0,109.0,69.0,2025-11-30 11:21:03.129818
India,Delhi,Delhi,"Mundka, Delhi - DPCC",30-11-2025 16:00:00,28.684678,77.076574,PM2.5,75.0,413.0,306.0,2025-11-30 11:21:03.129818
India,Delhi,Delhi,"Mundka, Delhi - DPCC",30-11-2025 16:00:00,28.684678,77.076574,NO2,80.0,150.0,115.0,2025-11-30 11:21:03.129818
India,Delhi,Delhi,"Mundka, Delhi - DPCC",30-11-2025 16:00:00,28.684678,77.076574,NH3,8.0,13.0,11.0,2025-11-30 11:21:03.129818
India,Delhi,Delhi,"ITO, Delhi - CPCB",30-11-2025 16:00:00,28.628624,77.24106,NO2,36.0,162.0,80.0,2025-11-30 11:21:03.129818
India,Delhi,Delhi,"ITO, Delhi - CPCB",30-11-2025 16:00:00,28.628624,77.24106,NH3,3.0,6.0,4.0,2025-11-30 11:21:03.129818
India,Delhi,Delhi,"Major Dhyan Chand National Stadium, Delhi - DPCC",30-11-2025 16:00:00,28.611281,77.237738,NH3,15.0,24.0,20.0,2025-11-30 11:21:03.129818
India,Delhi,Delhi,"IHBAS, Dilshad Garden, Delhi - CPCB",30-11-2025 16:00:00,28.6811736,77.3025234,OZONE,22.0,29.0,25.0,2025-11-30 11:21:03.129818
India,Delhi,Delhi,"Jawaharlal Nehru Stadium, Delhi - DPCC",30-11-2025 16:00:00,28.58028,77.233829,NH3,8.0,10.0,9.0,2025-11-30 11:21:03.129818
India,Delhi,Delhi,"Jahangirpuri, Delhi - DPCC",30-11-2025 16:00:00,28.73282,77.170633,PM2.5,127.0,371.0,306.0,2025-11-30 11:21:03.129818
India,Delhi,Delhi,"Pusa, Delhi - IMD",30-11-2025 16:00:00,28.63611,77.173332,PM2.5,73.0,330.0,276.0,2025-11-30 11:21:03.129818
India,Delhi,Delhi,"R K Puram, Delhi - DPCC",30-11-2025 16:00:00,28.563262,77.186937,PM2.5,98.0,401.0,317.0,2025-11-30 11:21:03.129818
India,Delhi,Delhi,"Rohini, Delhi - DPCC",30-11-2025 16:00:00,28.732528,77.11992,NO2,21.0,93.0,56.0,2025-11-30 11:21:03.129818
India,Delhi,Delhi,"Shadipur, Delhi - CPCB",30-11-2025 16:00:00,28.6514781,77.1473105,SO2,17.0,33.0,27.0,2025-11-30 11:21:03.129818
India,Delhi,Delhi,"North Campus, DU, Delhi - IMD",30-11-2025 16:00:00,28.6573814,77.1585447,NO2,22.0,130.0,79.0,2025-11-30 11:21:03.129818
India,Delhi,Delhi,"North Campus, DU, Delhi - IMD",30-11-2025 16:00:00,28.6573814,77.1585447,OZONE,16.0,322.0,313.0,2025-11-30 11:21:03.129818
India,Delhi,Delhi,"Okhla Phase-2, Delhi - DPCC",30-11-2025 16:00:00,28.530785,77.271255,PM2.5,,,,2025-11-30 11:21:03.129818
India,Delhi,Delhi,"Narela, Delhi - DPCC",30-11-2025 16:00:00,28.822836,77.101981,PM10,140.0,240.0,173.0,2025-11-30 11:21:03.129818
India,Delhi,Delhi,"Narela, Delhi - DPCC",30-11-2025 16:00:00,28.822836,77.101981,NO2,17.0,67.0,36.0,2025-11-30 11:21:03.129818
India,Delhi,Delhi,"Narela, Delhi - DPCC",30-11-2025 16:00:00,28.822836,77.101981,CO,42.0,89.0,54.0,2025-11-30 11:21:03.129818
India,Delhi,Delhi,"Sonia Vihar, Delhi - DPCC",30-11-2025 16:00:00,28.710508,77.249485,PM10,127.0,299.0,202.0,2025-11-30 11:21:03.129818
India,Delhi,Delhi,"NSIT Dwarka, Delhi - CPCB",30-11-2025 16:00:00,28.60909,77.0325413,NO2,55.0,100.0,71.0,2025-11-30 11:21:03.129818
India,Delhi,Delhi,"Najafgarh, Delhi - DPCC",30-11-2025 16:00:00,28.570173,76.933762,PM10,69.0,174.0,139.0,2025-11-30 11:21:03.129818
India,Delhi,Delhi,"Sonia Vihar, Delhi - DPCC",30-11-2025 16:00:00,28.710508,77.249485,NH3,6.0,9.0,7.0,2025-11-30 11:21:03.129818
India,Delhi,Delhi,"Najafgarh, Delhi - DPCC",30-11-2025 16:00:00,28.570173,76.933762,SO2,12.0,26.0,16.0,2025-11-30 11:21:03.129818
India,Delhi,Delhi,"Mundka, Delhi - DPCC",30-11-2025 16:00:00,28.684678,77.076574,OZONE,2.0,83.0,44.0,2025-11-30 11:21:03.129818
India,Delhi,Delhi,"Vivek Vihar, Delhi - DPCC",30-11-2025 16:00:00,28.672342,77.31526,NO2,26.0,119.0,68.0,2025-11-30 11:21:03.129818
India,Delhi,Delhi,"Vivek Vihar, Delhi - DPCC",30-11-2025 16:00:00,28.672342,77.31526,NH3,10.0,12.0,12.0,2025-11-30 11:21:03.129818
India,Delhi,Delhi,"Wazirpur, Delhi - DPCC",30-11-2025 16:00:00,28.699793,77.165453,OZONE,3.0,149.0,85.0,2025-11-30 11:21:03.129818
India,Gujarat,Ahmedabad,"Chandkheda, Ahmedabad - IITM",30-11-2025 16:00:00,23.107969,72.574648,NO2,41.0,270.0,160.0,2025-11-30 11:21:03.129818
India,Gujarat,Ahmedabad,"Chandkheda, Ahmedabad - IITM",30-11-2025 16:00:00,23.107969,72.574648,SO2,7.0,36.0,14.0,2025-11-30 11:21:03.129818
India,Gujarat,Ahmedabad,"Raikhad, Ahmedabad - IITM",30-11-2025 16:00:00,23.020509,72.579261,PM2.5,102.0,309.0,226.0,2025-11-30 11:21:03.129818
India,Gujarat,Ahmedabad,"Raikhad, Ahmedabad - IITM",30-11-2025 16:00:00,23.020509,72.579261,PM10,125.0,234.0,172.0,2025-11-30 11:21:03.129818
India,Gujarat,Ahmedabad,"Rakhial, Ahmedabad - IITM",30-11-2025 16:00:00,23.016834,72.625775,PM10,115.0,197.0,147.0,2025-11-30 11:21:03.129818
India,Gujarat,Ahmedabad,"Rakhial, Ahmedabad - IITM",30-11-2025 16:00:00,23.016834,72.625775,NO2,11.0,139.0,40.0,2025-11-30 11:21:03.129818
India,Gujarat,Ahmedabad,"Rakhial, Ahmedabad - IITM",30-11-2025 16:00:00,23.016834,72.625775,SO2,14.0,52.0,26.0,2025-11-30 11:21:03.129818
India,Gujarat,Ahmedabad,"Rakhial, Ahmedabad - IITM",30-11-2025 16:00:00,23.016834,72.625775,CO,44.0,104.0,56.0,2025-11-30 11:21:03.129818
India,Gujarat,Ahmedabad,"SAC ISRO Bopal, Ahmedabad - IITM",30-11-2025 16:00:00,23.041137,72.456691,PM10,90.0,193.0,140.0,2025-11-30 11:21:03.129818
India,Gujarat,Ahmedabad,"SAC ISRO Bopal, Ahmedabad - IITM",30-11-2025 16:00:00,23.041137,72.456691,NH3,10.0,21.0,15.0,2025-11-30 11:21:03.129818
India,Gujarat,Ahmedabad,"SAC ISRO Satellite, Ahmedabad - IITM",30-11-2025 16:00:00,23.023389,72.515201,PM2.5,54.0,134.0,89.0,2025-11-30 11:21:03.129818
India,Gujarat,Ahmedabad,"SAC ISRO Satellite, Ahmedabad - IITM",30-11-2025 16:00:00,23.023389,72.515201,NO2,10.0,72.0,35.0,2025-11-30 11:21:03.129818
India,Gujarat,Ahmedabad,"SAC ISRO Satellite, Ahmedabad - IITM",30-11-2025 16:00:00,23.023389,72.515201,NH3,8.0,25.0,15.0,2025-11-30 11:21:03.129818
India,Gujarat,Ahmedabad,"SAC ISRO Satellite, Ahmedabad - IITM",30-11-2025 16:00:00,23.023389,72.515201,OZONE,2.0,47.0,31.0,2025-11-30 11:21:03.129818
